# Blender 5.2.1 LTS
# www.blender.org
mtllib Skinny Right Sleeve.mtl
o RenderMesh_108128334741270
v 1.794083 0.073196 0.073821
v 1.759267 0.102054 0.096003
v 1.780404 0.072036 0.095971
v 1.823703 0.045515 0.074616
v 1.803758 0.042425 0.095758
v 1.834311 0.046697 0.054892
v 1.807168 0.074619 0.054556
v 1.838578 0.047161 0.034786
v 1.813097 0.075520 0.034731
v 1.846587 0.048227 0.014872
v 1.821303 0.077035 0.015426
v 1.856382 0.016684 0.054601
v 1.859271 0.016964 0.034377
v 1.842406 0.014871 0.073945
v 1.827245 0.012725 0.095531
v 1.877564 -0.013657 0.054078
v 1.867605 -0.014527 0.073686
v 1.850048 -0.016970 0.095085
v 1.894778 -0.044360 0.053630
v 1.892374 -0.044225 0.073625
v 1.874445 -0.046686 0.095179
v 1.897304 -0.075098 0.073503
v 1.880751 -0.076392 0.094565
v 1.879031 -0.013540 0.033962
v 1.860426 0.017095 0.014237
v 1.860736 -0.096253 0.094657
v 1.891540 -0.044770 0.033648
v 1.898538 -0.075294 0.053418
v 1.881854 -0.013206 0.013897
v 1.898165 -0.075344 0.033348
v 1.869506 -0.103271 0.053387
v 1.885671 -0.045144 0.013571
v 1.897724 -0.075527 0.013289
v 1.876671 -0.013686 -0.006366
v 1.868870 0.018089 -0.005889
v 1.850162 0.048462 -0.005187
v 1.825925 0.077671 -0.004308
v 1.795824 0.105802 -0.003620
v 1.792293 0.104834 -0.023655
v 1.769496 0.135091 -0.023849
v 1.796024 0.105823 -0.044333
v 1.823152 0.076893 -0.024464
v 1.852677 0.048653 -0.025536
v 1.820215 0.076483 -0.045043
v 1.786795 0.104569 -0.065019
v 1.761766 0.134401 -0.064904
v 1.785858 0.105287 -0.085835
v 1.816778 0.076340 -0.065751
v 1.814225 0.076450 -0.086373
v 1.846937 0.047947 -0.066493
v 1.844828 0.047342 -0.045886
v 1.868683 0.017913 -0.026169
v 1.870128 0.018029 -0.046496
v 1.868859 0.017814 -0.066731
v 1.883111 -0.013130 -0.026548
v 1.885762 -0.013096 -0.046755
v 1.832088 0.045892 -0.106589
v 1.782390 0.071635 -0.127418
v 1.806666 0.075556 -0.106464
v 1.751583 0.100249 -0.126363
v 1.840179 0.047094 -0.086613
v 1.865279 0.017342 -0.086994
v 1.879090 -0.013840 -0.066834
v 1.776368 0.104106 -0.105781
v 1.727950 0.129764 -0.126541
v 1.748916 0.133089 -0.105551
v 1.710702 0.160452 -0.127854
v 1.728659 0.163498 -0.106185
v 1.675614 0.184970 -0.127275
v 1.690882 0.188956 -0.106326
v 1.691036 0.188588 -0.086231
v 1.760026 0.134752 -0.085720
v 1.728858 0.163170 -0.085999
v 1.691983 0.188419 -0.066086
v 1.729042 0.162560 -0.065614
v 1.691155 0.187315 -0.045771
v 1.731682 0.162593 -0.045014
v 1.693503 0.187833 -0.025651
v 1.737478 0.163921 -0.024820
v 1.692956 0.187006 -0.005630
v 1.770944 0.135577 -0.044440
v 1.739192 0.164496 -0.004744
v 1.692912 0.187296 0.014284
v 1.736685 0.163754 0.015001
v 1.777615 0.136958 -0.003969
v 1.692952 0.188000 0.034247
v 1.737525 0.164384 0.034645
v 1.778023 0.136994 0.015655
v 1.805841 0.107436 0.015740
v 1.775584 0.136079 0.035086
v 1.736557 0.164714 0.054591
v 1.693449 0.189554 0.054172
v 1.731894 0.164957 0.074334
v 1.693746 0.191124 0.073816
v 1.679572 0.188881 0.094240
v 1.714987 0.163714 0.095523
v 1.765249 0.134252 0.054584
v 1.757893 0.134081 0.074492
v 1.735195 0.132324 0.095477
v 1.799658 0.105851 0.035188
v 1.786252 0.103831 0.054377
v 1.771406 0.102452 0.073593
v -1.652027 -0.416538 -0.086480
v -1.665517 -0.446343 -0.105761
v -1.661660 -0.446276 -0.085791
v -1.644659 -0.323279 -0.088858
v -1.667245 -0.291243 -0.070533
v -1.650658 -0.291501 -0.090061
v -1.655446 -0.416245 -0.066535
v -1.660863 -0.446182 -0.065854
v -1.649381 -0.386420 -0.067288
v -1.643461 -0.386805 -0.087097
v -1.654035 -0.354659 -0.068377
v -1.639187 -0.354983 -0.087842
v -1.661734 -0.323116 -0.069565
v -1.666373 -0.259117 -0.071207
v -1.656441 -0.385949 -0.047470
v -1.661483 -0.415867 -0.046684
v -1.660761 -0.445827 -0.045934
v -1.659043 -0.354147 -0.048463
v -1.657559 -0.385445 -0.027474
v -1.657385 -0.415420 -0.026757
v -1.660332 -0.445428 -0.025995
v -1.666757 -0.353802 -0.028385
v -1.652666 -0.384670 -0.007453
v -1.655461 -0.414810 -0.006813
v -1.659259 -0.444853 -0.006095
v -1.659457 -0.353052 -0.008419
v -1.652520 -0.384017 0.012605
v -1.653205 -0.414169 0.013127
v -1.657397 -0.444193 0.013847
v -1.664524 -0.352545 0.011557
v -1.663138 -0.383544 0.032500
v -1.652499 -0.413460 0.033087
v -1.656078 -0.443455 0.033852
v -1.651053 -0.412750 0.052978
v -1.655088 -0.442756 0.053738
v -1.663369 -0.351793 0.031688
v -1.661010 -0.382845 0.052519
v -1.649886 -0.412005 0.072975
v -1.655887 -0.442066 0.073612
v -1.656799 -0.433232 0.095139
v -1.655212 -0.411313 0.094735
v -1.656827 -0.410732 0.110649
v -1.652388 -0.381229 0.094193
v -1.656782 -0.380288 0.116001
v -1.656260 -0.381955 0.072387
v -1.652423 -0.350913 0.051736
v -1.646503 -0.349422 0.093443
v -1.653574 -0.348332 0.115373
v -1.658559 -0.350022 0.071885
v -1.642133 -0.317658 0.092673
v -1.648817 -0.316547 0.114641
v -1.645912 -0.285054 0.113779
v -1.661364 -0.319333 0.050961
v -1.657845 -0.318139 0.071308
v -1.637893 -0.285835 0.091979
v -1.640371 -0.254016 0.091695
v -1.645535 -0.253556 0.113513
v -1.643977 -0.286576 0.070123
v -1.664785 -0.287723 0.050322
v -1.654951 -0.320177 0.030225
v -1.646617 -0.254578 0.069807
v -1.658978 -0.255848 0.049693
v -1.665703 -0.321097 0.009944
v -1.665906 -0.288869 0.029087
v -1.667330 -0.256923 0.029010
v -1.668471 -0.321698 -0.009875
v -1.658728 -0.289665 0.008584
v -1.658223 -0.257741 0.008439
v -1.665038 -0.322048 -0.029559
v -1.662943 -0.290114 -0.011261
v -1.665523 -0.258369 -0.011410
v -1.666939 -0.322571 -0.049417
v -1.674808 -0.290593 -0.030397
v -1.673981 -0.290893 -0.050271
v -1.676193 -0.258864 -0.030665
v -1.674446 -0.259020 -0.050848
v -1.676597 -0.227401 -0.051115
v -1.678302 -0.227185 -0.030567
v -1.666032 -0.226444 -0.010871
v -1.664801 -0.227336 -0.071367
v -1.643413 -0.227493 -0.090411
v -1.639675 -0.195902 -0.089974
v -1.656113 -0.196008 -0.070397
v -1.639980 -0.164236 -0.089563
v -1.674342 -0.195918 -0.050802
v -1.653740 -0.164434 -0.069749
v -1.643684 -0.134097 -0.089525
v -1.680162 -0.195644 -0.030381
v -1.672669 -0.164170 -0.050481
v -1.651019 -0.134333 -0.069387
v -1.656181 -0.104229 -0.089305
v -1.657802 -0.104064 -0.069407
v -1.662635 -0.134319 -0.049612
v -1.661876 -0.103764 -0.049577
v -1.682615 -0.163738 -0.030335
v -1.672114 -0.133808 -0.029801
v -1.663893 -0.103527 -0.029628
v -1.680486 -0.195072 -0.010096
v -1.677129 -0.163095 -0.010003
v -1.672909 -0.133105 -0.009733
v -1.663193 -0.102931 -0.009709
v -1.668123 -0.225714 0.009249
v -1.671349 -0.194121 0.009880
v -1.665248 -0.224768 0.029495
v -1.656106 -0.162642 0.009113
v -1.665958 -0.192943 0.029793
v -1.664143 -0.223836 0.049893
v -1.663153 -0.191856 0.049813
v -1.662888 -0.223404 0.070090
v -1.663296 -0.132558 0.010084
v -1.660725 -0.102133 0.010138
v -1.646884 -0.161889 0.029135
v -1.644646 -0.131760 0.029200
v -1.653334 -0.101572 0.029927
v -1.647216 -0.160627 0.049345
v -1.638006 -0.130812 0.049183
v -1.649945 -0.100686 0.049547
v -1.640081 -0.160272 0.069365
v -1.640256 -0.129739 0.069321
v -1.651394 -0.099840 0.069282
v -1.651652 -0.107115 0.091038
v -1.642783 -0.128818 0.091119
v -1.652113 -0.128580 0.107089
v -1.639587 -0.159038 0.091352
v -1.651667 -0.158113 0.113048
v -1.651143 -0.189852 0.113395
v -1.655395 -0.190571 0.091661
v -1.649139 -0.221566 0.113439
v -1.662438 -0.191111 0.069905
v -1.647182 -0.222238 0.091604
v -1.660341 -0.134787 -0.130993
v -1.663250 -0.112475 -0.131099
v -1.662707 -0.134589 -0.147180
v -1.648064 -0.134284 -0.109536
v -1.659070 -0.104432 -0.109290
v -1.652895 -0.164689 -0.131029
v -1.660663 -0.164884 -0.152842
v -1.640027 -0.164196 -0.109675
v -1.641207 -0.196265 -0.131435
v -1.658260 -0.196729 -0.152588
v -1.633392 -0.195858 -0.110037
v -1.636702 -0.228207 -0.131580
v -1.655718 -0.228500 -0.152373
v -1.652790 -0.260135 -0.152137
v -1.632245 -0.227753 -0.110018
v -1.630395 -0.259984 -0.131443
v -1.651960 -0.291647 -0.151869
v -1.631481 -0.259668 -0.109666
v -1.630082 -0.291986 -0.130984
v -1.655606 -0.323224 -0.151417
v -1.650329 -0.259283 -0.090765
v -1.632867 -0.291666 -0.109041
v -1.637892 -0.323769 -0.130431
v -1.662421 -0.354772 -0.150967
v -1.651759 -0.354981 -0.129442
v -1.668455 -0.386430 -0.150076
v -1.632694 -0.323598 -0.108532
v -1.664025 -0.386358 -0.128471
v -1.670600 -0.416459 -0.143838
v -1.640592 -0.355293 -0.108041
v -1.667734 -0.416369 -0.127831
v -1.669503 -0.438349 -0.127619
v -1.655503 -0.386367 -0.106937
v -1.660732 -0.416401 -0.106291
v 1.899015 -0.044410 -0.046738
v 1.901399 -0.044286 -0.066880
v 1.892820 -0.044793 -0.026715
v 1.901346 -0.075335 -0.046818
v 1.902594 -0.075576 -0.066863
v 1.886736 -0.045042 -0.006600
v 1.867188 -0.102513 -0.047042
v 1.899064 -0.075436 -0.026782
v 1.866600 -0.102257 -0.067019
v 1.897371 -0.075540 -0.006761
v 1.868922 -0.103527 -0.026969
v 1.807491 -0.115828 -0.046938
v 1.870703 -0.104381 0.013274
v 1.812239 -0.119430 -0.026995
v 1.870516 -0.104307 -0.006843
v 1.814582 -0.121282 -0.006889
v 1.814910 -0.121369 0.013242
v 1.869748 -0.103710 0.033270
v 1.814708 -0.121068 0.033300
v 1.767796 -0.130070 0.033367
v 1.814736 -0.120722 0.053487
v 1.869556 -0.103314 0.073663
v 1.814479 -0.120708 0.073679
v 1.767166 -0.129019 0.053491
v 1.808146 -0.113060 0.095603
v 1.767146 -0.129476 0.013262
v 1.766277 -0.128157 0.073631
v 0.905474 -0.269949 -0.108381
v 0.948580 -0.255092 -0.130395
v 0.952991 -0.261741 -0.108277
v 0.996087 -0.246865 -0.130217
v 0.952025 -0.260910 -0.088155
v 0.904101 -0.268621 -0.088266
v 1.000491 -0.253486 -0.108137
v 1.043269 -0.238642 -0.130011
v 0.999991 -0.253241 -0.088032
v 1.048064 -0.245486 -0.108023
v 1.091086 -0.230843 -0.129953
v 0.906605 -0.272273 -0.068304
v 0.858238 -0.279543 -0.068383
v 0.954751 -0.264709 -0.068149
v 1.095848 -0.237740 -0.107947
v 1.138798 -0.222895 -0.129852
v 1.047821 -0.245443 -0.087920
v 1.002765 -0.257046 -0.068080
v 1.143679 -0.229950 -0.107879
v 1.186410 -0.214769 -0.129718
v 1.095647 -0.237691 -0.087843
v 1.050470 -0.248955 -0.067955
v 1.191577 -0.222195 -0.107829
v 1.234062 -0.206697 -0.129616
v 1.143520 -0.229963 -0.087787
v 1.098106 -0.240941 -0.067835
v 1.239502 -0.214411 -0.107789
v 1.282155 -0.199137 -0.129523
v 1.191603 -0.222489 -0.087752
v 1.145801 -0.232963 -0.067747
v 1.287427 -0.206684 -0.107669
v 1.330132 -0.191570 -0.129439
v 1.239756 -0.215081 -0.087731
v 1.193266 -0.224676 -0.067681
v 1.335754 -0.199608 -0.107616
v 1.377663 -0.183512 -0.129109
v 1.287777 -0.207494 -0.087640
v 1.240160 -0.215685 -0.067585
v 1.383630 -0.191923 -0.107490
v 1.425302 -0.175647 -0.128909
v 1.335246 -0.199168 -0.087521
v 1.431315 -0.184098 -0.107315
v 1.473192 -0.168419 -0.128962
v 1.384266 -0.193031 -0.087347
v 1.479531 -0.177008 -0.107276
v 1.521443 -0.161354 -0.128963
v 1.432168 -0.185139 -0.087193
v 1.527983 -0.170338 -0.107271
v 1.569162 -0.153636 -0.128711
v 1.478803 -0.175906 -0.087091
v 1.576471 -0.163414 -0.107275
v 1.616934 -0.145891 -0.128655
v 1.526497 -0.168110 -0.087098
v 1.575747 -0.162523 -0.087034
v 1.624424 -0.155610 -0.107253
v 1.664822 -0.138019 -0.128827
v 1.624222 -0.155585 -0.087060
v 1.672040 -0.147346 -0.107262
v 1.711971 -0.129061 -0.128519
v 1.670888 -0.146151 -0.087020
v 1.719081 -0.138328 -0.107119
v 1.760062 -0.121520 -0.128743
v 1.766888 -0.130176 -0.107185
v 1.808439 -0.114220 -0.129122
v 1.720710 -0.140802 -0.087091
v 1.813498 -0.121098 -0.106940
v 1.861109 -0.097236 -0.128042
v 1.767129 -0.130799 -0.086987
v 1.868855 -0.103802 -0.107009
v 1.899117 -0.076035 -0.107109
v 1.881364 -0.077447 -0.127911
v 1.867683 -0.102987 -0.086954
v 1.877209 -0.047701 -0.128653
v 1.807788 -0.116894 -0.087052
v 1.895656 -0.045010 -0.107044
v 1.856567 -0.017438 -0.128444
v 1.901793 -0.075798 -0.086997
v 1.877492 -0.014363 -0.106937
v 1.834261 0.012670 -0.128007
v 1.898703 -0.044632 -0.086964
v 1.856150 0.016027 -0.106753
v 1.809999 0.042497 -0.127802
v 1.876859 -0.014320 -0.086852
v -1.651667 -0.158113 0.113048
v -1.651143 -0.189852 0.113395
v -1.630052 -0.189257 0.125058
v -1.628502 -0.220927 0.125445
v -1.583084 -0.188948 0.126580
v -1.649139 -0.221566 0.113439
v -1.520887 -0.160628 0.118734
v -1.520025 -0.192816 0.120241
v -1.464301 -0.188139 0.119433
v -1.582005 -0.220744 0.126795
v -1.627683 -0.252952 0.125889
v -1.581606 -0.252482 0.128605
v -1.645535 -0.253556 0.113513
v -1.462666 -0.220159 0.121985
v -1.517260 -0.222638 0.125933
v -1.406970 -0.188008 0.117862
v -1.628106 -0.284501 0.126207
v -1.645912 -0.285054 0.113779
v -1.581809 -0.284321 0.128443
v -1.629460 -0.316091 0.126675
v -1.648817 -0.316547 0.114641
v -1.653574 -0.348332 0.115373
v -1.582598 -0.316181 0.128318
v -1.631418 -0.348045 0.127197
v -1.656782 -0.380288 0.116001
v -1.584051 -0.347969 0.127413
v -1.632971 -0.382015 0.127469
v -1.656827 -0.410732 0.110649
v -1.585274 -0.381855 0.126799
v -1.633604 -0.418459 0.120765
v -1.656799 -0.433232 0.095139
v -1.585549 -0.417912 0.120417
v -1.523351 -0.375914 0.118813
v -1.524129 -0.410092 0.112688
v -1.519750 -0.344025 0.122886
v -1.634148 -0.446909 0.101185
v -1.517888 -0.314019 0.125712
v -1.586573 -0.447319 0.101364
v -1.634998 -0.458490 0.075573
v -1.655887 -0.442066 0.073612
v -1.587143 -0.459352 0.075665
v -1.524070 -0.438588 0.095233
v -1.635047 -0.459439 0.054099
v -1.655088 -0.442756 0.053738
v -1.587240 -0.460847 0.054147
v -1.524387 -0.450864 0.070952
v -1.635034 -0.459929 0.034167
v -1.656078 -0.443455 0.033852
v -1.587591 -0.460959 0.034101
v -1.657397 -0.444193 0.013847
v -1.524868 -0.451426 0.050500
v -1.635767 -0.460467 0.014074
v -1.659259 -0.444853 -0.006095
v -1.588127 -0.460795 0.014075
v -1.524242 -0.453572 0.031365
v -1.469626 -0.445714 0.053706
v -1.589020 -0.461093 -0.005854
v -1.470551 -0.444814 0.033643
v -1.525669 -0.452224 0.012262
v -1.471269 -0.444562 0.013507
v -1.636378 -0.461106 -0.005775
v -1.527532 -0.450528 -0.006765
v -1.590480 -0.461906 -0.025824
v -1.637581 -0.461511 -0.025670
v -1.660332 -0.445428 -0.025995
v -1.471358 -0.446045 -0.006582
v -1.639282 -0.462140 -0.045584
v -1.660761 -0.445827 -0.045934
v -1.592364 -0.463329 -0.045772
v -1.528123 -0.452529 -0.025872
v -1.528555 -0.455906 -0.044733
v -1.640752 -0.462980 -0.065655
v -1.660863 -0.446182 -0.065854
v -1.593723 -0.464820 -0.065808
v -1.528851 -0.461093 -0.063514
v -1.471843 -0.448718 -0.026537
v 1.834261 0.012670 -0.128007
v 1.806843 -0.025144 -0.142748
v 1.782427 0.004300 -0.141500
v 1.745115 -0.035250 -0.146477
v 1.809999 0.042497 -0.127802
v 1.698787 -0.042342 -0.151073
v 1.719723 -0.006055 -0.142619
v 1.758574 0.033768 -0.141312
v 1.782390 0.071635 -0.127418
v 1.672979 -0.013490 -0.146109
v 1.652144 -0.050169 -0.153525
v 1.695633 0.023994 -0.142549
v 1.735334 0.063574 -0.142635
v 1.751583 0.100249 -0.126363
v 1.625987 -0.020941 -0.149264
v 1.604570 -0.058318 -0.155189
v 1.647855 0.016236 -0.143965
v 1.672756 0.053316 -0.147202
v 1.709962 0.093168 -0.143030
v 1.685819 0.122583 -0.143365
v 1.727950 0.129764 -0.126541
v 1.650968 0.082504 -0.152291
v 1.623955 0.046015 -0.146535
v 1.600829 0.008349 -0.146924
v 1.601913 0.074615 -0.153345
v 1.581345 -0.027714 -0.156006
v 1.556694 -0.065550 -0.154092
v 1.534519 -0.035906 -0.158843
v 1.554593 0.000853 -0.151082
v 1.576191 0.038075 -0.147907
v 1.528609 0.030311 -0.149524
v 1.553096 0.067572 -0.151387
v 1.505931 0.059909 -0.153814
v 1.530366 0.097391 -0.154409
v 1.578602 0.105030 -0.154735
v 1.626871 0.112705 -0.152359
v 1.556240 0.135392 -0.152537
v 1.604742 0.143113 -0.151334
v 1.517347 0.196289 0.073853
v 1.565271 0.201336 0.053780
v 1.515959 0.196990 0.053794
v 1.468870 0.187960 0.033961
v 1.466889 0.192142 0.053961
v 1.517736 0.192658 0.033987
v 1.469078 0.186612 0.013897
v 1.468665 0.190407 0.074085
v 1.421476 0.182918 0.074050
v 1.518954 0.189778 0.013971
v 1.516721 0.192811 -0.006200
v 1.565813 0.197078 -0.006091
v 1.565702 0.198806 0.033843
v 1.565629 0.198186 0.013863
v 1.632095 0.199216 -0.005974
v 1.632646 0.200201 0.014011
v 1.692956 0.187006 -0.005630
v 1.692912 0.187296 0.014284
v 1.632402 0.200611 0.033992
v 1.692952 0.188000 0.034247
v 1.631978 0.201473 0.053868
v 1.693449 0.189554 0.054172
v 1.565921 0.202585 0.073611
v 1.633243 0.204527 0.073443
v 1.693746 0.191124 0.073816
v 1.679572 0.188881 0.094240
v 1.636566 0.198379 0.094153
v 1.647254 0.184077 0.105295
v 1.571929 0.196019 0.095089
v 1.586962 0.175544 0.111069
v 1.606866 0.146581 0.116720
v 1.523588 0.188413 0.095354
v 1.538409 0.167725 0.111252
v 1.475260 0.181222 0.095463
v 1.558877 0.138932 0.117107
v 1.627453 0.115906 0.116335
v 1.579010 0.108001 0.114623
v 1.491063 0.159343 0.110713
v 1.428166 0.173351 0.095391
v 1.443491 0.151608 0.110610
v 1.511706 0.130540 0.115182
v 1.380666 0.166175 0.095603
v 1.374156 0.175317 0.074051
v 1.396293 0.144342 0.110783
v 1.463472 0.123495 0.116727
v 1.333465 0.158617 0.095599
v 1.436746 0.082762 -0.156593
v 1.414702 0.045260 -0.158590
v 1.391309 0.074759 -0.154622
v 1.370767 0.103457 -0.147846
v 1.460923 0.052754 -0.157847
v 1.439669 0.015786 -0.160499
v 1.415696 0.111679 -0.150061
v 1.349602 0.132368 -0.143498
v 1.483117 0.089932 -0.155412
v 1.484974 0.023215 -0.156380
v 1.395803 0.140124 -0.144251
v 1.461109 0.120054 -0.152492
v 1.463978 -0.013812 -0.161133
v 1.416503 -0.021818 -0.161984
v 1.439742 -0.051932 -0.161034
v 1.391841 -0.059596 -0.160294
v 1.509210 -0.006212 -0.156204
v 1.487361 -0.043996 -0.160238
v 1.414493 -0.089233 -0.155988
v 1.366716 -0.096464 -0.153320
v 1.436125 -0.117744 -0.149065
v 1.481811 -0.108599 -0.145081
v 1.504504 -0.137925 -0.143067
v 1.462149 -0.081351 -0.155575
v 1.508939 -0.072957 -0.153719
v 1.529713 -0.100538 -0.144228
v 1.551588 -0.129846 -0.142348
v 1.569162 -0.153636 -0.128711
v 1.578011 -0.093016 -0.144676
v 1.599380 -0.122434 -0.142580
v 1.616934 -0.145891 -0.128655
v 1.647487 -0.115240 -0.143324
v 1.664822 -0.138019 -0.128827
v 1.711971 -0.129061 -0.128519
v 1.626343 -0.086024 -0.146408
v 1.674203 -0.080222 -0.150838
v 1.695710 -0.107889 -0.144039
v 1.743940 -0.100569 -0.144596
v 1.760062 -0.121520 -0.128743
v 1.722544 -0.072534 -0.151074
v 1.770095 -0.064588 -0.150163
v 1.792292 -0.093277 -0.145049
v 1.808439 -0.114220 -0.129122
v 1.861109 -0.097236 -0.128042
v 1.849802 -0.082463 -0.139261
v 1.881364 -0.077447 -0.127911
v 1.831122 -0.054776 -0.144282
v 1.877209 -0.047701 -0.128653
v 1.856567 -0.017438 -0.128444
v -1.471775 -0.456769 -0.045938
v -1.531764 -0.460605 -0.082744
v -1.413707 -0.453055 -0.046397
v -1.412912 -0.452565 -0.026259
v -1.473311 -0.456828 -0.066267
v -1.417837 -0.447420 -0.066018
v -1.479536 -0.450212 -0.085757
v -1.595755 -0.465825 -0.085912
v -1.537026 -0.456493 -0.102873
v -1.642721 -0.463465 -0.085715
v -1.661660 -0.446276 -0.085791
v -1.665517 -0.446343 -0.105761
v -1.422216 -0.443416 -0.085847
v -1.645378 -0.462926 -0.107294
v -1.669503 -0.438349 -0.127619
v -1.647407 -0.452416 -0.133314
v -1.601293 -0.452484 -0.133186
v -1.598710 -0.464397 -0.107516
v -1.541897 -0.443617 -0.126591
v -1.483924 -0.448129 -0.105593
v -1.487507 -0.439221 -0.127211
v -1.428897 -0.439220 -0.127867
v -1.425146 -0.446716 -0.105855
v -1.368717 -0.439032 -0.128420
v -1.365460 -0.446094 -0.106341
v -1.307714 -0.439068 -0.128991
v -1.362458 -0.442673 -0.086326
v -1.305148 -0.446015 -0.107003
v -1.246928 -0.439286 -0.129647
v -1.359412 -0.443039 -0.066579
v -1.302529 -0.441974 -0.087134
v -1.245045 -0.446486 -0.107576
v -1.187272 -0.438952 -0.129761
v -1.185901 -0.446275 -0.107788
v -1.127780 -0.438713 -0.129787
v -1.243268 -0.444346 -0.087545
v -1.300347 -0.439895 -0.067302
v -1.356737 -0.446638 -0.046827
v -1.126583 -0.446036 -0.107888
v -1.068284 -0.438646 -0.129912
v -1.183979 -0.444664 -0.087726
v -1.241314 -0.441486 -0.067757
v -1.298683 -0.441886 -0.047426
v -1.067160 -0.446294 -0.108039
v -1.010075 -0.438467 -0.130085
v -1.124771 -0.445209 -0.087836
v -1.182131 -0.442043 -0.068018
v -1.239186 -0.441683 -0.048115
v -1.008874 -0.446726 -0.108213
v -0.950585 -0.438174 -0.130073
v -0.949304 -0.446154 -0.108299
v -1.065622 -0.444599 -0.087975
v -1.007199 -0.444198 -0.088071
v -0.947799 -0.445178 -0.088224
v -1.123003 -0.440767 -0.068129
v -1.064098 -0.441975 -0.068110
v -1.006012 -0.444457 -0.068163
v -0.947024 -0.445953 -0.068212
v -0.888454 -0.445659 -0.088403
v -1.179676 -0.441090 -0.048631
v -1.120815 -0.441002 -0.048765
v -1.237100 -0.440498 -0.028586
v -1.177633 -0.444391 -0.029327
v -1.062899 -0.444938 -0.048457
v -1.118862 -0.445307 -0.029365
v -1.176682 -0.443128 -0.009510
v -1.296920 -0.443785 -0.027517
v -1.005134 -0.446201 -0.048102
v -1.236137 -0.438969 -0.008742
v -1.354766 -0.448434 -0.026847
v -1.296348 -0.440092 -0.007737
v -1.353742 -0.447417 -0.006725
v -1.412915 -0.447869 -0.006554
v -1.412559 -0.443833 0.013318
v -1.354338 -0.441290 0.012896
v -1.295719 -0.438285 0.012517
v -1.236156 -0.439228 0.011768
v -1.411874 -0.443850 0.033335
v -1.353633 -0.440212 0.033007
v -1.295113 -0.441483 0.032533
v -1.236591 -0.443833 0.032087
v -1.411047 -0.445700 0.053373
v -1.352772 -0.444911 0.052954
v -1.294532 -0.444776 0.052575
v -1.236059 -0.444835 0.052389
v -1.177744 -0.442601 0.052179
v -1.235669 -0.441331 0.072274
v -1.177198 -0.441043 0.072223
v -1.235276 -0.431643 0.093613
v -1.177572 -0.444020 0.031803
v -1.119513 -0.439214 0.052060
v -1.293956 -0.442262 0.072584
v -1.176932 -0.440528 0.011045
v -1.119201 -0.442563 0.031773
v -1.061629 -0.439459 0.031890
v -1.118614 -0.440005 0.010971
v -1.060944 -0.439511 0.011419
v -1.003584 -0.436620 0.011873
v -1.118071 -0.442299 -0.009588
v -1.060803 -0.439661 -0.009049
v -1.003624 -0.440228 -0.008322
v -0.945699 -0.436478 -0.008434
v -1.061397 -0.443594 -0.028838
v -0.945832 -0.441998 -0.028210
v -1.004341 -0.442223 -0.028315
v -0.946368 -0.446200 -0.048102
v -0.887676 -0.437724 -0.028685
v -0.887009 -0.436614 -0.008432
v -0.821405 -0.436804 -0.028672
v -0.887310 -0.444435 -0.048247
v -0.887773 -0.446840 -0.068315
v -0.821400 -0.440434 -0.048741
v -0.821404 -0.444369 -0.068521
v -0.821612 -0.447295 -0.088584
v -0.755009 -0.442659 -0.068664
v -0.755135 -0.437418 -0.048927
v -0.755110 -0.436596 -0.028768
v -0.755040 -0.441897 -0.008844
v -0.689192 -0.436594 -0.048917
v -0.688927 -0.436854 -0.028704
v -0.688717 -0.441643 -0.008941
v -0.622627 -0.439461 -0.028842
v -0.622755 -0.438079 -0.048793
v -0.689202 -0.441580 -0.068701
v -0.689263 -0.444354 -0.088730
v -0.622603 -0.439151 -0.068871
v -0.555809 -0.437557 -0.068810
v -0.622433 -0.442856 -0.088726
v -0.889758 -0.346756 0.120556
v -0.944768 -0.378769 0.116547
v -0.886489 -0.378588 0.116600
v -0.886069 -0.407903 0.109309
v -0.822356 -0.375689 0.111461
v -0.821269 -0.406605 0.108431
v -0.757528 -0.375263 0.111849
v -0.759888 -0.346575 0.122049
v -0.756354 -0.406451 0.109380
v -0.824783 -0.346552 0.121169
v -0.695749 -0.347084 0.123891
v -0.826985 -0.314145 0.123869
v -0.761448 -0.314164 0.124709
v -0.697170 -0.314086 0.125680
v -0.692662 -0.375472 0.113274
v -0.633571 -0.313678 0.127215
v -0.631605 -0.346983 0.125677
v -0.697510 -0.283116 0.118054
v -0.690851 -0.406402 0.109761
v -0.628472 -0.375570 0.114443
v -0.570048 -0.313654 0.128689
v -0.567072 -0.346981 0.126766
v -0.626115 -0.406237 0.109707
v -0.564558 -0.375222 0.114507
v -0.688667 -0.428891 0.093467
v -0.507792 -0.373494 0.116358
v -0.562025 -0.405812 0.109300
v -0.624004 -0.428160 0.093352
v -0.505080 -0.403144 0.109659
v -0.559550 -0.428111 0.093224
v -0.754814 -0.429542 0.093524
v -0.688552 -0.433727 0.070967
v -0.623688 -0.434446 0.071061
v -0.820304 -0.430209 0.093527
v -0.754849 -0.434299 0.070891
v -0.820180 -0.439509 0.071800
v -0.885836 -0.429869 0.093289
v -0.943324 -0.429822 0.093371
v -0.886269 -0.438681 0.071709
v -0.820533 -0.441062 0.051658
v -0.754734 -0.438705 0.051372
v -1.647361 -0.424710 -0.153710
v -1.647407 -0.452416 -0.133314
v -1.669503 -0.438349 -0.127619
v -1.601293 -0.452484 -0.133186
v -1.670600 -0.416459 -0.143838
v -1.601315 -0.424137 -0.152803
v -1.541897 -0.443617 -0.126591
v -1.543952 -0.415511 -0.144038
v -1.646588 -0.389061 -0.161802
v -1.668455 -0.386430 -0.150076
v -1.644104 -0.355347 -0.163572
v -1.599145 -0.388977 -0.161259
v -1.544460 -0.381325 -0.150495
v -1.597117 -0.355529 -0.164888
v 1.482582 -0.178902 0.012609
v 1.527486 -0.167254 -0.007310
v 1.529811 -0.169929 0.012731
v 1.483150 -0.179960 0.032719
v 1.570480 -0.154041 -0.027109
v 1.523161 -0.162791 -0.027123
v 1.570731 -0.154671 -0.047234
v 1.618274 -0.145537 -0.027069
v 1.480342 -0.176384 -0.007365
v 1.436031 -0.188560 0.012552
v 1.434216 -0.186626 0.032564
v 1.476430 -0.172147 -0.027194
v 1.434730 -0.186914 -0.007534
v 1.387339 -0.195635 0.012487
v 1.430858 -0.182759 -0.027348
v 1.480649 -0.177252 0.052731
v 1.529233 -0.170318 0.052984
v 1.521771 -0.161240 -0.047233
v 1.473654 -0.169032 -0.047183
v 1.526183 -0.166885 0.072831
v 1.388045 -0.196402 -0.007579
v 1.574694 -0.160161 0.073259
v 1.428283 -0.179946 -0.047298
v 1.384388 -0.192369 -0.027449
v 1.339796 -0.204041 -0.007576
v 1.428313 -0.180230 -0.067373
v 1.381705 -0.189461 -0.047344
v 1.339393 -0.203529 -0.027643
v 1.335479 -0.199365 -0.047455
v 1.339227 -0.203447 0.012420
v 1.385458 -0.193476 0.032448
v 1.293364 -0.213774 0.012477
v 1.431221 -0.183017 0.052465
v 1.338595 -0.202782 0.032479
v 1.383736 -0.191485 0.052407
v 1.477871 -0.174093 0.072535
v 1.383721 -0.191312 0.072477
v 1.337399 -0.201384 0.052480
v 1.293077 -0.213380 0.032566
v 1.430992 -0.182741 0.072507
v 1.471866 -0.166295 0.094233
v 1.424463 -0.174601 0.094219
v 1.519131 -0.158430 0.094377
v 1.567179 -0.151268 0.094827
v 1.502838 -0.137562 0.110327
v 1.550301 -0.129775 0.110217
v 1.455200 -0.145330 0.110141
v 1.528124 -0.101390 0.115807
v 1.480427 -0.109064 0.115809
v 1.576008 -0.093936 0.116279
v 1.598233 -0.122339 0.110624
v 1.615366 -0.143811 0.095186
v 1.622364 -0.152154 0.073433
v 1.621968 -0.151089 0.053275
v 1.671061 -0.144545 0.053413
v 1.663207 -0.135925 0.095273
v 1.670001 -0.143722 0.073494
v 1.718016 -0.135528 0.073502
v 1.720221 -0.138320 0.053538
v 1.711754 -0.127915 0.095346
v 1.759870 -0.120457 0.095506
v 1.646478 -0.114967 0.111137
v 1.694592 -0.107063 0.111255
v 1.743419 -0.099591 0.111464
v 1.791581 -0.092039 0.111540
v 1.624151 -0.086507 0.116944
v 1.672202 -0.078835 0.117059
v 1.848849 -0.081525 0.105854
v 1.880751 -0.076392 0.094565
v 1.768877 -0.063811 0.117118
v 1.829987 -0.054048 0.111397
v 1.874445 -0.046686 0.095179
v 1.850048 -0.016970 0.095085
v 1.806108 -0.024200 0.111167
v 1.827245 0.012725 0.095531
v 1.721185 -0.071211 0.117254
v 1.745312 -0.033733 0.117501
v 1.696055 -0.041222 0.117978
v 1.782527 0.005779 0.111641
v 1.803758 0.042425 0.095758
v 1.720077 -0.003807 0.117284
v 1.758626 0.035441 0.111473
v 1.780404 0.072036 0.095971
v 1.647992 -0.048878 0.118759
v 1.672026 -0.011503 0.115147
v 1.695780 0.025713 0.115737
v 1.735353 0.065388 0.112193
v 1.759267 0.102054 0.096003
v 1.599941 -0.056586 0.117715
v 1.711850 0.095373 0.112127
v 1.735195 0.132324 0.095477
v 1.624031 -0.018903 0.115829
v 1.552213 -0.063935 0.115840
v 1.575976 -0.026444 0.116720
v 1.648250 0.018350 0.113209
v 1.600078 0.011100 0.113544
v 1.504239 -0.071497 0.115640
v 1.528176 -0.034017 0.116764
v 1.552069 0.003606 0.114426
v 1.624908 0.048339 0.114741
v 1.576748 0.041354 0.114318
v 1.672518 0.055543 0.115723
v 1.649221 0.085466 0.115068
v 1.602424 0.078264 0.117129
v 1.689273 0.125794 0.110648
v 1.555279 0.070938 0.120577
v 1.669046 0.156846 0.111079
v 1.714987 0.163714 0.095523
v 1.529376 0.033661 0.117113
v 1.504611 -0.003826 0.115039
v 1.507199 0.063582 0.119257
v 1.480576 -0.041491 0.114454
v 1.482291 0.026058 0.118666
v 1.457422 -0.011433 0.116276
v 1.456717 -0.079242 0.116026
v 1.432950 -0.049138 0.114837
v 1.433130 -0.117133 0.116199
v 1.409577 -0.087176 0.117707
v 1.407509 -0.153228 0.109798
v 1.385444 -0.124925 0.115292
v 1.360053 -0.161299 0.109488
v 1.362235 -0.095060 0.117722
v 1.386022 -0.056956 0.117233
v 1.363258 -0.026763 0.117872
v 1.338055 -0.132815 0.114379
v 1.338829 -0.064773 0.117549
v 1.377221 -0.183045 0.094169
v 1.290800 -0.140684 0.113221
v 1.337319 -0.200889 0.072627
v 1.312501 -0.169411 0.108953
v 1.329860 -0.191552 0.094047
v 1.292492 -0.212630 0.052645
v 1.290783 -0.210480 0.072759
v 1.246588 -0.223049 0.032561
v 1.246468 -0.222862 0.052741
v 1.243387 -0.219378 0.072736
v 1.198255 -0.230827 0.052585
v 1.282373 -0.199909 0.093774
v 1.194820 -0.226871 0.072436
v 1.265007 -0.177437 0.108297
v 1.234655 -0.208050 0.093507
v 1.217597 -0.185480 0.107909
v 1.243575 -0.148511 0.112210
v 1.196315 -0.156609 0.111997
v 1.170384 -0.193682 0.108094
v 1.149318 -0.164952 0.112768
v 1.186754 -0.216020 0.093398
v 1.102617 -0.173468 0.114269
v 1.123196 -0.201956 0.108647
v 1.138602 -0.223674 0.093337
v 1.145663 -0.233297 0.071997
v 1.148574 -0.236374 0.052132
v 1.199229 -0.231738 0.032405
v 1.149796 -0.237616 0.032044
v 1.245777 -0.222096 0.012452
v 1.099587 -0.242959 0.051776
v 1.096364 -0.239293 0.071519
v 1.199013 -0.231327 0.012292
v 1.247376 -0.223911 -0.007647
v 1.200360 -0.232889 -0.007785
v 1.292644 -0.213034 -0.007608
v 1.293209 -0.213512 -0.027728
v 1.246775 -0.223158 -0.027779
v 1.289997 -0.209947 -0.047613
v 1.334181 -0.197916 -0.067486
v 1.199544 -0.231933 -0.027886
v 1.243298 -0.219299 -0.047688
v 1.287589 -0.207258 -0.067550
v 1.196462 -0.228397 -0.047814
v 1.381092 -0.188908 -0.067431
v 1.474830 -0.170702 -0.067358
v 1.523361 -0.163400 -0.067351
v 1.573399 -0.159309 -0.067089
v 1.620102 -0.149171 -0.047070
v 1.668764 -0.142819 -0.026854
v 1.623144 -0.154672 -0.066844
v 1.670283 -0.145865 -0.046811
v 1.719037 -0.138746 -0.026762
v 1.671602 -0.147651 -0.066934
v 1.719707 -0.139755 -0.046837
v 1.765476 -0.128576 -0.026888
v 1.719921 -0.140051 -0.066942
v 1.764074 -0.127851 -0.046927
v 1.763806 -0.127888 -0.067022
v 1.805351 -0.114500 -0.067052
v -0.564306 -0.383037 -0.154428
v -0.627230 -0.412959 -0.147144
v -0.630673 -0.383617 -0.154231
v -0.693535 -0.413817 -0.147040
v -0.690906 -0.435037 -0.130596
v -0.568867 -0.351241 -0.155838
v -0.624209 -0.433992 -0.130585
v -0.560168 -0.412200 -0.147095
v -0.556985 -0.433082 -0.130589
v -0.501011 -0.409365 -0.147243
v -0.497193 -0.429957 -0.130408
v -0.506092 -0.380031 -0.154513
v -0.511555 -0.348339 -0.155417
v -0.448223 -0.377203 -0.154679
v -0.442293 -0.406372 -0.147195
v -0.437788 -0.426738 -0.130198
v -0.383484 -0.403107 -0.146968
v -0.889094 -0.446146 -0.108361
v -0.890447 -0.438018 -0.130267
v -0.823189 -0.436931 -0.130319
v -0.822418 -0.444950 -0.108568
v -0.756589 -0.435954 -0.130537
v -0.755616 -0.444289 -0.108822
v -0.690906 -0.435037 -0.130596
v -0.689850 -0.442722 -0.108768
v -0.624209 -0.433992 -0.130585
v -0.755249 -0.445479 -0.088679
v -0.622870 -0.441580 -0.108781
v -0.556985 -0.433082 -0.130589
v -0.555695 -0.440622 -0.108673
v -0.497193 -0.429957 -0.130408
v -0.496023 -0.436967 -0.108492
v -0.437788 -0.426738 -0.130198
v -0.555617 -0.440556 -0.088700
v -0.436515 -0.433726 -0.108311
v -0.378446 -0.423151 -0.129806
v -0.495620 -0.438813 -0.088584
v -0.376993 -0.430161 -0.107959
v -0.320072 -0.419871 -0.129419
v -0.436148 -0.435169 -0.088301
v -0.318648 -0.424761 -0.107313
v -0.260348 -0.418000 -0.129597
v -0.376178 -0.434005 -0.088139
v -0.495589 -0.438550 -0.068565
v -0.435823 -0.436315 -0.068328
v -0.259052 -0.421399 -0.107077
v -0.200623 -0.415554 -0.129572
v -0.316890 -0.431852 -0.088030
v -0.375838 -0.434656 -0.068065
v -0.198893 -0.421600 -0.107493
v -0.138374 -0.410168 -0.129536
v -0.257004 -0.429207 -0.087816
v -0.136774 -0.415544 -0.107349
v -0.077232 -0.404160 -0.129403
v -0.197632 -0.424940 -0.087656
v -0.316634 -0.433467 -0.067872
v -0.256545 -0.431260 -0.067707
v -0.075273 -0.409401 -0.107203
v -0.015708 -0.399086 -0.129443
v -0.136204 -0.417672 -0.087449
v -0.196747 -0.427928 -0.067623
v -0.013206 -0.404439 -0.107248
v 0.045944 -0.393959 -0.129476
v -0.074143 -0.412783 -0.087442
v -0.134192 -0.422876 -0.067515
v 1.055153 -0.254856 -0.048374
v 1.102015 -0.245766 -0.048125
v 1.010379 -0.266892 -0.028667
v 1.057653 -0.258041 -0.028443
v 0.963227 -0.276035 -0.008790
v 1.010920 -0.267649 -0.008569
v 1.149561 -0.237454 -0.047987
v 1.105510 -0.249948 -0.028265
v 1.153022 -0.241497 -0.028089
v 1.058634 -0.259324 -0.008351
v 1.105911 -0.250490 -0.008167
v 1.153370 -0.241951 -0.007968
v 1.151596 -0.239820 0.012032
v 1.103952 -0.248183 0.011826
v 1.056294 -0.256469 0.011627
v 1.100233 -0.243189 0.031601
v 1.008583 -0.264805 0.011412
v 1.051569 -0.250405 0.031195
v 1.050964 -0.250083 0.051445
v 0.960607 -0.272858 0.011127
v 0.915967 -0.285040 -0.009015
v 1.003808 -0.258822 0.030966
v 1.002603 -0.257475 0.051148
v 1.046364 -0.244019 0.070765
v 1.090234 -0.230988 0.093157
v 0.955837 -0.266887 0.030669
v 0.913090 -0.281494 0.010911
v 0.868533 -0.293808 -0.009061
v 1.075728 -0.210068 0.109165
v 0.866441 -0.291050 0.011039
v 0.820012 -0.301231 -0.008943
v 0.907916 -0.275019 0.030390
v 0.954265 -0.264920 0.050787
v 0.860545 -0.283845 0.030408
v 0.818790 -0.299614 0.011213
v 0.770918 -0.307680 -0.008770
v 0.906266 -0.272781 0.050504
v 0.814017 -0.293606 0.030797
v 0.768758 -0.304881 0.011202
v 0.722056 -0.314469 -0.008621
v 0.859319 -0.281881 0.050617
v 0.768279 -0.304106 0.031336
v 0.719519 -0.310716 0.011383
v 0.673797 -0.321832 -0.008429
v 0.812883 -0.291547 0.050982
v 0.719808 -0.311540 0.031502
v 0.671393 -0.318639 0.011534
v 0.625171 -0.328899 -0.008283
v 0.766175 -0.301029 0.051363
v 0.669979 -0.316608 0.031583
v 0.625096 -0.328584 0.011845
v 0.575091 -0.333393 -0.008024
v 0.719336 -0.310346 0.051687
v 0.621785 -0.324644 0.031791
v 0.576416 -0.335755 0.012005
v 0.669853 -0.316523 0.051659
v 0.576585 -0.335850 0.032107
v 0.527814 -0.342743 0.012192
v 0.423738 -0.347883 0.094237
v 0.360379 -0.333027 0.109222
v 0.375604 -0.355858 0.094532
v 0.320102 -0.362468 0.094761
v 0.430153 -0.357087 0.072647
v 0.471663 -0.339644 0.094039
v 0.269273 -0.375839 0.072790
v 0.264949 -0.368727 0.094947
v 0.213187 -0.380779 0.072757
v 0.306373 -0.339650 0.109646
v 0.408115 -0.325169 0.108859
v 0.340220 -0.303292 0.111625
v 0.252435 -0.346582 0.110434
v 0.209344 -0.374415 0.094924
v 0.156865 -0.385514 0.072626
v 0.157655 -0.385843 0.052656
v 0.287316 -0.309890 0.112139
v 0.387733 -0.295554 0.111773
v 0.197933 -0.353027 0.111166
v 0.320725 -0.273759 0.105934
v 0.234211 -0.316268 0.113502
v 0.267478 -0.280254 0.106521
v 0.153515 -0.379844 0.094840
v 0.180875 -0.323030 0.115171
v 0.101027 -0.390739 0.072585
v 0.143240 -0.359236 0.111582
v 0.098246 -0.385269 0.094810
v 0.100595 -0.388135 0.052526
v 0.102424 -0.392614 0.032605
v 0.045359 -0.395281 0.032256
v 0.044743 -0.395686 0.072317
v 0.043988 -0.392749 0.052324
v -0.016759 -0.400533 0.032170
v -0.013988 -0.406604 0.012585
v -0.076523 -0.410685 0.012397
v -0.078643 -0.406412 0.032209
v -0.138967 -0.415590 0.012133
v -0.017617 -0.399310 0.052267
v -0.017322 -0.400830 0.072281
v 0.042418 -0.391095 0.094585
v 0.088152 -0.365255 0.111365
v -0.078971 -0.406652 0.052271
v -0.141390 -0.412615 0.052000
v -0.019965 -0.395157 0.094405
v -0.141273 -0.411153 0.031934
v -0.079408 -0.406255 0.072233
v -0.142148 -0.411528 0.071951
v -0.204451 -0.418087 0.051707
v -0.201859 -0.420236 0.011950
v -0.198772 -0.425595 -0.007606
v -0.204140 -0.417093 0.031690
v -0.258957 -0.428914 -0.007878
v -0.257826 -0.429090 -0.027779
v -0.318016 -0.429596 -0.027994
v -0.265631 -0.419982 0.051274
v -0.264452 -0.420062 0.031252
v -0.265657 -0.420533 0.071343
v -0.261238 -0.426059 0.011837
v -0.320792 -0.431120 0.011697
v -0.318760 -0.433001 -0.008164
v -0.377896 -0.435447 -0.008618
v 1.508016 0.128000 -0.153330
v 1.442240 0.148042 -0.145166
v 1.489407 0.155829 -0.145260
v 1.537074 0.163431 -0.145132
v 1.523354 0.183705 -0.128427
v 1.584855 0.171476 -0.144908
v 1.476352 0.175855 -0.128384
v 1.428940 0.168665 -0.128377
v 1.518719 0.189884 -0.106336
v 1.381796 0.161846 -0.128434
v 1.471696 0.182556 -0.106399
v 1.424630 0.174606 -0.106376
v 1.334857 0.154329 -0.127921
v 1.287823 0.146823 -0.127604
v 1.376331 0.169798 -0.106481
v 1.328993 0.162791 -0.106285
v 1.280543 0.157280 -0.106430
v 1.423966 0.175297 -0.086283
v 1.374339 0.172634 -0.086572
v 1.326410 0.165955 -0.086401
v 1.278627 0.159612 -0.086320
v 1.472592 0.180761 -0.086293
v 1.472241 0.180764 -0.066142
v 1.518837 0.189563 -0.086328
v 1.564042 0.199476 -0.086291
v 1.422536 0.178088 -0.066296
v 1.373390 0.174026 -0.066418
v 1.323913 0.170407 -0.066528
v 1.421992 0.178055 -0.046229
v 1.275935 0.163668 -0.066476
v 1.229455 0.155440 -0.086574
v 1.227521 0.158089 -0.066490
v 1.372757 0.174455 -0.046342
v 1.323764 0.170084 -0.046349
v 1.275055 0.165033 -0.046353
v 1.226504 0.159659 -0.046403
v 1.276892 0.161145 -0.026345
v 1.227743 0.156661 -0.026313
v 1.178229 0.153712 -0.026277
v 1.325184 0.166945 -0.026344
v 1.373073 0.173683 -0.026221
v 1.324371 0.168444 -0.006189
v 1.178745 0.152535 -0.006214
v 1.228137 0.155996 -0.006183
v 1.276809 0.161262 -0.006183
v 1.422692 0.176657 -0.026190
v 1.373628 0.172368 -0.006160
v 1.372778 0.174669 0.013910
v 1.324820 0.168140 0.013899
v 1.275368 0.164516 0.013833
v 1.226668 0.159733 0.013841
v 1.276491 0.163405 0.034005
v 1.227868 0.158358 0.034027
v 1.325196 0.168452 0.034000
v 1.230897 0.154461 0.053939
v 1.177438 0.155320 0.013856
v 1.179573 0.152369 0.034037
v 1.185068 0.145454 0.053645
v 1.277259 0.163097 0.054121
v 1.186423 0.143563 0.073748
v 1.233046 0.151857 0.073949
v 1.279671 0.160219 0.074153
v 1.325220 0.169503 0.054082
v 1.372699 0.176763 0.054041
v 1.326622 0.168171 0.074205
v 1.372761 0.175433 0.033988
v 1.419357 0.185350 0.054003
v 1.420857 0.181345 0.033990
v 1.422364 0.177879 0.014019
v 1.422778 0.176798 -0.006082
v 1.469563 0.185103 -0.006117
v 1.471409 0.181816 -0.026093
v 1.470758 0.183522 -0.046171
v 1.516739 0.192801 -0.046249
v 1.518155 0.190224 -0.026190
v 1.520075 0.187896 -0.066240
v 1.564797 0.198932 -0.046195
v 1.564540 0.198741 -0.066297
v 1.566294 0.196017 -0.026181
v 1.631327 0.202052 -0.066153
v 1.630917 0.200610 -0.046047
v 1.631675 0.199573 -0.025977
v 1.691155 0.187315 -0.045771
v 1.691983 0.188419 -0.066086
v 1.693503 0.187833 -0.025651
v 1.691036 0.188588 -0.086231
v 1.630904 0.202407 -0.086261
v 1.690882 0.188956 -0.106326
v 1.630482 0.202478 -0.106369
v 1.675614 0.184970 -0.127275
v 1.564093 0.199482 -0.106406
v 1.569960 0.192137 -0.128355
v 1.633382 0.194460 -0.127331
v 1.644515 0.179894 -0.138727
v 1.666074 0.153055 -0.144289
v 1.710702 0.160452 -0.127854
v 0.049344 -0.401002 -0.107516
v 0.100865 -0.387195 -0.129504
v -0.012043 -0.407790 -0.087433
v -0.072757 -0.416978 -0.067472
v 0.104481 -0.394037 -0.107505
v 0.155691 -0.380151 -0.129487
v 0.049886 -0.402046 -0.087503
v -0.011146 -0.410300 -0.067425
v 0.159688 -0.387314 -0.107540
v 0.210345 -0.372861 -0.129355
v 0.104620 -0.394169 -0.087432
v 0.050769 -0.404301 -0.067442
v 0.215047 -0.380614 -0.107601
v 0.265215 -0.365971 -0.129433
v 0.159876 -0.387275 -0.087460
v 0.105847 -0.396852 -0.067411
v 0.270102 -0.373763 -0.107666
v 0.320299 -0.359133 -0.129523
v 0.216437 -0.382907 -0.087639
v 0.161403 -0.390267 -0.067458
v 0.106047 -0.397670 -0.047370
v 0.325543 -0.366970 -0.107768
v 0.375560 -0.352383 -0.129673
v 0.271380 -0.375852 -0.087689
v 0.216811 -0.383559 -0.067506
v 0.380988 -0.360200 -0.107925
v 0.423654 -0.344386 -0.129775
v 0.326702 -0.368797 -0.087731
v 0.429329 -0.352617 -0.108071
v 0.472059 -0.336748 -0.129996
v 0.381633 -0.360957 -0.087837
v 0.477442 -0.344445 -0.108108
v 0.520183 -0.328709 -0.130074
v 0.429772 -0.353048 -0.087941
v 0.525361 -0.336395 -0.108195
v 0.568013 -0.320651 -0.130193
v 0.478055 -0.345462 -0.088052
v 0.573157 -0.328450 -0.108328
v 0.615718 -0.312546 -0.130307
v 0.525339 -0.336873 -0.088157
v 0.572868 -0.328556 -0.088252
v 0.620962 -0.320441 -0.108454
v 0.663367 -0.304398 -0.130449
v 0.620705 -0.320683 -0.088347
v 0.668569 -0.312218 -0.108553
v 0.711049 -0.296310 -0.130661
v 0.668252 -0.312445 -0.088443
v 0.715998 -0.303796 -0.108651
v 0.758706 -0.288201 -0.130813
v 0.715119 -0.303376 -0.088518
v 0.763422 -0.295406 -0.108737
v 0.806187 -0.279966 -0.130848
v 0.761898 -0.294190 -0.088559
v 0.715093 -0.303942 -0.068353
v 0.666987 -0.311473 -0.068277
v 0.810952 -0.287214 -0.108721
v 0.853417 -0.271403 -0.130561
v 0.808738 -0.285080 -0.088553
v 0.762579 -0.295543 -0.068370
v 0.857953 -0.278292 -0.108569
v 0.901032 -0.263281 -0.130521
v 0.856168 -0.276545 -0.088462
v 0.809865 -0.286841 -0.068337
v 1.765661 -0.127821 -0.006805
v 1.719530 -0.137770 0.033306
v 1.718150 -0.135910 0.013291
v 1.669002 -0.140943 0.033409
v 1.717466 -0.135421 -0.006807
v 1.668034 -0.139840 0.013319
v 1.667432 -0.139631 -0.006821
v 1.620223 -0.148421 0.033275
v 1.619475 -0.147233 0.013167
v 1.617722 -0.144912 -0.006863
v 1.574990 -0.159508 0.033020
v 1.575161 -0.160201 0.053087
v 1.575091 -0.159076 0.012922
v 1.529244 -0.169845 0.032805
v 1.572093 -0.156016 -0.007074
v -0.514055 -0.311397 0.130162
v -0.510596 -0.344519 0.126857
v -0.450881 -0.371509 0.117792
v -0.447202 -0.401038 0.110991
v -0.454052 -0.341771 0.126647
v -0.457483 -0.309223 0.130605
v -0.517114 -0.278987 0.125823
v -0.389171 -0.398393 0.110800
v -0.444692 -0.420827 0.092619
v -0.393605 -0.369642 0.119139
v -0.386154 -0.417822 0.092617
v -0.386152 -0.421279 0.070037
v -0.330356 -0.395716 0.110647
v -0.396792 -0.338604 0.124240
v -0.335836 -0.367362 0.119739
v -0.271409 -0.392910 0.110650
v -0.326600 -0.415415 0.093034
v -0.326394 -0.421325 0.070678
v -0.326005 -0.420617 0.050708
v -0.385621 -0.421749 0.050081
v -0.382583 -0.429038 0.030489
v -0.439428 -0.434155 0.030013
v -0.323688 -0.425436 0.031055
v -0.436759 -0.438578 0.010287
v -0.494705 -0.441110 0.009711
v -0.379126 -0.435526 0.011238
v -0.436567 -0.435837 -0.009221
v -0.494891 -0.438681 -0.009668
v -0.554478 -0.440218 -0.009565
v -0.377515 -0.430667 -0.028107
v -0.436916 -0.432647 -0.028437
v -0.495890 -0.435842 -0.028802
v -0.436062 -0.434871 -0.048323
v -0.555387 -0.439769 -0.028969
v -0.621722 -0.440325 -0.009097
v -0.495977 -0.436955 -0.048556
v -0.555928 -0.437223 -0.048688
v -0.376708 -0.430855 -0.048167
v -0.317279 -0.429434 -0.047973
v -0.257387 -0.427984 -0.047804
v -0.197439 -0.425905 -0.047563
v -0.134969 -0.421660 -0.047447
v -0.197490 -0.426862 -0.027567
v -0.073282 -0.416422 -0.047344
v -0.134850 -0.422957 -0.027386
v -0.010848 -0.411320 -0.047408
v -0.136258 -0.420643 -0.007426
v -0.073211 -0.417831 -0.027328
v 0.050361 -0.403946 -0.047372
v -0.010941 -0.412002 -0.027329
v 0.049627 -0.403385 -0.027316
v 0.104311 -0.395307 -0.027353
v 0.050330 -0.404961 -0.007248
v 0.159743 -0.388515 -0.027362
v -0.011859 -0.410913 -0.007243
v -0.074100 -0.416134 -0.007227
v 0.105367 -0.397164 -0.007327
v 0.048616 -0.402362 0.012802
v 0.104610 -0.396378 0.012761
v 0.158947 -0.387968 0.032711
v 0.158693 -0.387351 0.012665
v 0.159313 -0.388171 -0.007338
v 0.213442 -0.378930 -0.007349
v 0.214171 -0.380501 0.012671
v 0.214425 -0.380234 -0.027413
v 0.268473 -0.372078 -0.007365
v 0.161641 -0.390980 -0.047337
v 0.215935 -0.382336 -0.047415
v 0.267671 -0.370772 -0.027525
v 0.270250 -0.374285 -0.047494
v 0.323475 -0.364315 -0.027559
v 0.271623 -0.376170 -0.067542
v 0.323421 -0.364225 -0.047737
v 0.325703 -0.367338 -0.067663
v 0.378725 -0.357179 -0.047730
v 0.379554 -0.358303 -0.067821
v 0.427922 -0.351071 -0.047753
v 0.427671 -0.350487 -0.067879
v 0.475818 -0.342844 -0.067899
v 0.380031 -0.359680 -0.027691
v 0.477042 -0.345325 -0.047885
v 0.523976 -0.335613 -0.068017
v 0.429486 -0.354015 -0.027775
v 0.526058 -0.339102 -0.048043
v 0.571823 -0.327798 -0.068123
v 0.478648 -0.348185 -0.027835
v 0.573608 -0.330803 -0.048149
v 0.619428 -0.319650 -0.068198
v 0.620140 -0.321240 -0.048063
v 0.526062 -0.339510 -0.027937
v 0.575176 -0.333512 -0.028139
v 0.668314 -0.313641 -0.048150
v 0.623863 -0.326749 -0.028337
v 0.717374 -0.307462 -0.048421
v 0.672310 -0.319632 -0.028565
v 0.765297 -0.299575 -0.048463
v 0.721470 -0.313466 -0.028773
v 0.813569 -0.291987 -0.048560
v 0.770184 -0.306567 -0.028942
v 0.862669 -0.285662 -0.048835
v 0.818100 -0.298454 -0.029007
v 0.911767 -0.279365 -0.048969
v 0.866974 -0.291704 -0.029200
v 0.960401 -0.272208 -0.048854
v 0.915415 -0.284295 -0.029175
v 1.008041 -0.263807 -0.048640
v 0.963143 -0.275798 -0.028893
v 0.525999 -0.339629 -0.007820
v 0.478478 -0.348643 0.012352
v 0.477174 -0.346292 -0.007690
v 0.429644 -0.354706 -0.007687
v 0.429632 -0.355223 0.012403
v 0.381751 -0.362901 -0.007727
v 0.528310 -0.343613 0.032288
v 0.430566 -0.357002 0.032477
v 0.325435 -0.368530 -0.007678
v 0.270752 -0.377026 0.012473
v 0.326504 -0.370723 0.012379
v 0.381106 -0.362389 0.012431
v 0.326356 -0.370811 0.032510
v 0.381558 -0.363424 0.032504
v 0.215370 -0.383688 0.032694
v 0.271059 -0.377809 0.032643
v 0.430386 -0.357057 0.052535
v 0.381698 -0.364138 0.052608
v 0.325157 -0.368921 0.052596
v 0.269123 -0.374342 0.052683
v 0.213963 -0.381383 0.052766
v 0.325209 -0.370288 0.072766
v 0.381379 -0.364205 0.072657
v -0.886641 -0.440976 0.051692
v -0.820943 -0.438017 0.031503
v -0.688960 -0.433699 0.050943
v -0.754448 -0.443123 0.031415
v -0.623146 -0.436448 0.050873
v -0.688498 -0.438470 0.031102
v -0.558867 -0.436766 0.071218
v -0.621901 -0.440461 0.030698
v -0.502036 -0.424566 0.093139
v -0.557235 -0.440085 0.050595
v -0.501386 -0.432098 0.070765
v -0.500271 -0.432847 0.049997
v -0.555125 -0.442781 0.030001
v -0.445849 -0.422007 0.069739
v -0.496603 -0.438543 0.029669
v -0.444179 -0.425119 0.049575
v -0.553990 -0.442690 0.009848
v -0.621254 -0.442805 0.010604
v -0.688627 -0.443652 0.011240
v -0.754760 -0.439088 0.011238
v -0.820735 -0.438186 0.011433
v -0.821273 -0.442008 -0.008625
v -0.887068 -0.440912 0.011523
v -0.886766 -0.442715 0.031552
v -0.945116 -0.436573 0.011831
v -0.945210 -0.442733 0.031633
v -0.944599 -0.442289 0.051901
v -0.943999 -0.438336 0.071755
v -1.003062 -0.438410 0.032031
v -1.002943 -0.442478 0.052085
v -1.001998 -0.440396 0.072219
v -1.001531 -0.430855 0.093592
v -1.060835 -0.440424 0.072162
v -1.061288 -0.439520 0.052057
v -1.118797 -0.440934 0.072244
v -1.060244 -0.431940 0.094073
v -1.118415 -0.432005 0.094018
v -1.060659 -0.408443 0.109070
v -0.943661 -0.408630 0.109809
v -1.001849 -0.408659 0.109413
v -1.002279 -0.378318 0.114696
v -0.946186 -0.346470 0.115000
v -1.060475 -0.377840 0.113005
v -0.891628 -0.314671 0.120993
v -1.002543 -0.346309 0.110841
v -0.948040 -0.314627 0.115716
v -0.890866 -0.283092 0.116407
v -1.060515 -0.346095 0.109489
v -1.006612 -0.314155 0.112836
v -1.118785 -0.377942 0.113003
v -1.065113 -0.314442 0.112940
v -1.118803 -0.408601 0.109053
v -1.119963 -0.346168 0.111935
v -1.176857 -0.378107 0.113272
v -1.176866 -0.431766 0.093766
v -1.176882 -0.408658 0.108941
v -1.234963 -0.378605 0.114232
v -1.235182 -0.409126 0.109234
v -1.235442 -0.346632 0.110022
v -1.178086 -0.346277 0.110029
v -1.123974 -0.314536 0.112903
v -1.180685 -0.314477 0.109728
v -1.069346 -0.282965 0.116407
v -1.126903 -0.282868 0.112479
v -1.010101 -0.282866 0.117054
v -0.950260 -0.282499 0.115916
v -1.009915 -0.251188 0.119115
v -1.068893 -0.251203 0.116651
v -1.126035 -0.251239 0.112383
v -0.949316 -0.251313 0.120253
v -0.888943 -0.251168 0.118049
v -1.063985 -0.219575 0.115075
v -1.005605 -0.219511 0.117609
v -0.945850 -0.219409 0.119068
v -0.826802 -0.283041 0.118182
v -1.120991 -0.219483 0.110211
v -0.761693 -0.283240 0.118575
v -0.825315 -0.251030 0.116680
v -0.885749 -0.219816 0.121339
v -0.761418 -0.251027 0.116663
v -0.823190 -0.219918 0.122021
v -0.942281 -0.187819 0.118473
v -0.883252 -0.187924 0.121853
v -0.761027 -0.220057 0.122391
v -0.821733 -0.187862 0.122334
v -1.000830 -0.187912 0.113964
v -0.941029 -0.155894 0.117333
v -1.059174 -0.187693 0.112280
v -0.999817 -0.155755 0.116082
v -1.057723 -0.155590 0.115595
v -1.117678 -0.187577 0.111629
v -1.116201 -0.155696 0.115025
v -0.999371 -0.125654 0.109826
v -0.939925 -0.126230 0.109821
v -1.058868 -0.124552 0.108996
v -0.999060 -0.104439 0.093573
v -0.879761 -0.128008 0.108334
v -0.938661 -0.106353 0.092443
v -0.999462 -0.097268 0.072607
v -1.058932 -0.103204 0.092707
v -1.117738 -0.124445 0.108740
v -1.175067 -0.125871 0.108356
v -1.117259 -0.103005 0.092178
v -1.174684 -0.155824 0.114386
v -1.173932 -0.103849 0.092520
v -1.058003 -0.096264 0.072855
v -1.173572 -0.094195 0.071274
v -1.232889 -0.103655 0.092350
v -1.115578 -0.095970 0.071800
v 1.151805 -0.096468 0.113882
v 1.221246 -0.118530 0.111160
v 1.198486 -0.088266 0.112546
v 1.173921 -0.126557 0.110617
v 1.132073 -0.066946 0.119691
v 1.177628 -0.058485 0.116903
v 1.106200 -0.105143 0.117265
v 1.126761 -0.134828 0.112252
v 1.085797 -0.075289 0.121629
v 1.060613 -0.113741 0.120780
v 1.080510 -0.143412 0.115587
v 1.038980 -0.083482 0.122349
v 1.013568 -0.122092 0.122315
v 0.992193 -0.091855 0.121431
v 1.035094 -0.152265 0.119922
v 1.055868 -0.182034 0.115922
v 0.987639 -0.160713 0.120838
v 0.966301 -0.130407 0.122591
v 0.945089 -0.100176 0.121016
v 1.008744 -0.190568 0.117201
v 1.028292 -0.218368 0.109817
v 0.940176 -0.168977 0.121015
v 0.918905 -0.138679 0.122864
v 0.897789 -0.108578 0.120451
v 0.961210 -0.198914 0.117702
v 1.041874 -0.238244 0.092882
v 0.980578 -0.226553 0.109925
v 0.997708 -0.251136 0.070445
v 0.993827 -0.245805 0.092631
v 0.949641 -0.258976 0.070163
v 0.945993 -0.253704 0.092370
v 0.901337 -0.266444 0.069806
v 0.853545 -0.274614 0.069751
v 0.898254 -0.261632 0.092061
v 0.932785 -0.234696 0.109795
v 0.913543 -0.207159 0.117787
v 0.807154 -0.284535 0.070152
v 0.850928 -0.270064 0.092092
v 0.885027 -0.242852 0.109591
v 0.865732 -0.215372 0.117691
v 0.763547 -0.296964 0.071175
v 0.716141 -0.305944 0.071445
v 0.803940 -0.278959 0.092355
v 0.756943 -0.287930 0.092648
v 0.709732 -0.296781 0.092848
v 0.837392 -0.251010 0.109533
v 0.694220 -0.275484 0.108472
v 0.646742 -0.283891 0.108549
v 0.626597 -0.255472 0.114231
v 0.741732 -0.267137 0.108542
v 0.674229 -0.247194 0.114497
v 0.789581 -0.259107 0.109285
v 0.722023 -0.239138 0.115241
v 0.605653 -0.225605 0.117515
v 0.558054 -0.233519 0.115270
v 0.653491 -0.217613 0.118860
v 0.769936 -0.231227 0.116241
v 0.701363 -0.209575 0.119784
v 0.817930 -0.223389 0.117203
v 0.749331 -0.201625 0.120679
v 0.797161 -0.193526 0.120770
v 0.844861 -0.185444 0.120953
v 0.728317 -0.171387 0.123130
v 0.776155 -0.163324 0.123568
v 0.892563 -0.177208 0.120970
v 0.823847 -0.155186 0.123149
v 0.871429 -0.146953 0.122687
v 0.755188 -0.133053 0.122734
v 0.707462 -0.141089 0.122967
v 0.802840 -0.125061 0.121490
v 0.659684 -0.149050 0.121688
v 0.850367 -0.116844 0.120873
v 0.781789 -0.094776 0.119993
v 0.829590 -0.086760 0.117930
v 0.761966 -0.064522 0.120919
v 0.680533 -0.179297 0.121351
v 0.611935 -0.156995 0.120743
v 0.632729 -0.187255 0.120023
v 0.564081 -0.165094 0.120315
v 0.585150 -0.195170 0.117825
v 0.516539 -0.172991 0.117841
v 0.495462 -0.142950 0.120219
v 0.447994 -0.150927 0.117831
v 0.468746 -0.181040 0.115824
v 0.537683 -0.203073 0.115409
v 0.489751 -0.211280 0.114907
v 0.125636 -0.232971 -0.157120
v 0.157326 -0.196464 -0.151356
v 0.177345 -0.226286 -0.154979
v 0.249377 -0.249641 -0.156470
v 0.216478 -0.286888 -0.155649
v 0.197642 -0.256482 -0.157825
v 0.269203 -0.280098 -0.155748
v 0.235088 -0.317028 -0.152622
v 0.229267 -0.219690 -0.153057
v 0.209286 -0.189676 -0.150181
v 0.288657 -0.310198 -0.152803
v 0.252333 -0.345268 -0.145697
v 0.301404 -0.243131 -0.154367
v 0.306876 -0.338472 -0.145815
v 0.265215 -0.365971 -0.129433
v 0.320299 -0.359133 -0.129523
v 0.322174 -0.273318 -0.155289
v 0.342658 -0.303544 -0.152657
v 0.361550 -0.331716 -0.145878
v 0.375560 -0.352383 -0.129673
v 0.423654 -0.344386 -0.129775
v 0.409657 -0.323736 -0.145890
v 0.472059 -0.336748 -0.129996
v 0.390646 -0.295493 -0.152747
v 0.457717 -0.315816 -0.145997
v 0.520183 -0.328709 -0.130074
v 0.370060 -0.265253 -0.154903
v 0.438553 -0.287417 -0.152430
v 0.506005 -0.307991 -0.146213
v 0.568013 -0.320651 -0.130193
v 0.553725 -0.299871 -0.146271
v 0.615718 -0.312546 -0.130307
v 0.486259 -0.279414 -0.152430
v 0.417618 -0.257169 -0.153632
v 0.349163 -0.234936 -0.154406
v 0.601295 -0.291712 -0.146376
v 0.663367 -0.304398 -0.130449
v 0.534168 -0.271364 -0.152535
v 0.465367 -0.249114 -0.153078
v 0.396500 -0.226930 -0.151875
v 0.648873 -0.283555 -0.146536
v 0.711049 -0.296310 -0.130661
v 0.581621 -0.263191 -0.152602
v 0.512750 -0.240971 -0.152945
v 0.444258 -0.218763 -0.152606
v 0.696474 -0.275446 -0.146764
v 0.758706 -0.288201 -0.130813
v 0.629086 -0.255029 -0.152711
v 0.560604 -0.232866 -0.153042
v 0.491688 -0.210684 -0.152513
v 0.744018 -0.267295 -0.146939
v 0.806187 -0.279966 -0.130848
v 0.676492 -0.246820 -0.152689
v 0.607952 -0.224731 -0.153405
v 0.539643 -0.202526 -0.152471
v 0.791434 -0.258963 -0.146869
v 0.853417 -0.271403 -0.130561
v 0.723819 -0.238582 -0.152621
v 0.655232 -0.216530 -0.153143
v 0.586831 -0.194375 -0.153515
v 0.838829 -0.250824 -0.146841
v 0.901032 -0.263281 -0.130521
v 0.771154 -0.230322 -0.152639
v 0.702447 -0.208294 -0.152695
v 0.634024 -0.186215 -0.154238
v 0.886565 -0.242816 -0.146927
v 0.948580 -0.255092 -0.130395
v 0.818586 -0.222236 -0.152707
v 0.749688 -0.200026 -0.152208
v 0.681259 -0.178098 -0.155360
v 0.934168 -0.234700 -0.146865
v 0.996087 -0.246865 -0.130217
v 0.866150 -0.214217 -0.152842
v 0.797161 -0.191953 -0.152054
v 0.728498 -0.169911 -0.155018
v 0.981607 -0.226615 -0.146719
v 1.043269 -0.238642 -0.130011
v 0.913485 -0.206245 -0.152899
v 0.844382 -0.183978 -0.151831
v 0.775673 -0.161890 -0.154374
v 1.029069 -0.218472 -0.146600
v 1.091086 -0.230843 -0.129953
v 0.961009 -0.198233 -0.153011
v 0.891832 -0.175929 -0.152090
v 0.822931 -0.153734 -0.153795
v 1.076424 -0.210152 -0.146239
v 1.138798 -0.222895 -0.129852
v 1.008482 -0.190140 -0.153008
v 0.939227 -0.167933 -0.152233
v 0.870270 -0.145759 -0.154150
v 1.124040 -0.202089 -0.146051
v 1.186410 -0.214769 -0.129718
v 1.055779 -0.181831 -0.152021
v 0.986749 -0.159970 -0.153669
v 0.917706 -0.137902 -0.155247
v 1.171612 -0.193965 -0.145859
v 1.234062 -0.206697 -0.129616
v 1.103271 -0.173649 -0.151875
v 1.033920 -0.151665 -0.151908
v 0.965049 -0.129871 -0.155390
v 1.219414 -0.185879 -0.145636
v 1.282155 -0.199137 -0.129523
v 1.150905 -0.165680 -0.151991
v 1.081481 -0.143512 -0.152363
v 1.012507 -0.121733 -0.155236
v -0.071192 -0.159133 -0.155862
v -0.131865 -0.132359 -0.151312
v -0.083045 -0.128536 -0.149681
v -0.095015 -0.098464 -0.146442
v -0.036385 -0.123272 -0.147344
v -0.023557 -0.153141 -0.154789
v -0.009899 -0.184292 -0.158896
v -0.058787 -0.190333 -0.159982
v 0.024299 -0.147512 -0.151937
v 0.010885 -0.117354 -0.146354
v 0.038874 -0.178590 -0.154885
v 0.005602 -0.215281 -0.160694
v 0.054612 -0.209537 -0.156109
v 0.073067 -0.141463 -0.149135
v 0.058424 -0.110965 -0.146144
v 0.088425 -0.172586 -0.150365
v 0.105773 -0.203196 -0.152831
v 0.023225 -0.246081 -0.161804
v 0.074045 -0.239605 -0.159694
v -0.044414 -0.221298 -0.161110
v -0.096659 -0.226062 -0.157827
v -0.081558 -0.257186 -0.156961
v -0.135291 -0.262085 -0.151697
v -0.027541 -0.252399 -0.160036
v -0.122733 -0.293431 -0.151428
v -0.190281 -0.267017 -0.149597
v -0.065582 -0.287864 -0.153294
v -0.009954 -0.282986 -0.156745
v -0.052054 -0.319263 -0.154177
v -0.179052 -0.298488 -0.150125
v -0.246105 -0.271964 -0.149738
v -0.236314 -0.303455 -0.150108
v -0.110507 -0.324494 -0.155351
v -0.168447 -0.329557 -0.154837
v -0.226281 -0.334868 -0.151008
v -0.284119 -0.337373 -0.153240
v -0.097165 -0.355688 -0.154301
v -0.156841 -0.360977 -0.153981
v -0.274742 -0.368824 -0.154090
v -0.332816 -0.371858 -0.155315
v -0.216444 -0.366157 -0.153514
v -0.325228 -0.401066 -0.147497
v -0.266189 -0.398566 -0.147397
v -0.320072 -0.419871 -0.129419
v -0.378446 -0.423151 -0.129806
v -0.260348 -0.418000 -0.129597
v -0.206712 -0.395912 -0.146926
v -0.200623 -0.415554 -0.129572
v -0.146080 -0.390145 -0.146902
v -0.138374 -0.410168 -0.129536
v -0.085251 -0.384605 -0.146857
v -0.077232 -0.404160 -0.129403
v -0.037880 -0.350339 -0.153960
v -0.024570 -0.379429 -0.146774
v -0.015708 -0.399086 -0.129443
v 0.005800 -0.313870 -0.154008
v 0.021434 -0.344927 -0.153423
v 0.036014 -0.373842 -0.146355
v 0.045944 -0.393959 -0.129476
v 0.090058 -0.366685 -0.146147
v 0.100865 -0.387195 -0.129504
v 0.074555 -0.337845 -0.152820
v 0.144137 -0.359487 -0.145949
v 0.155691 -0.380151 -0.129487
v 0.058364 -0.307006 -0.154741
v 0.127981 -0.330830 -0.152663
v 0.198267 -0.352323 -0.145747
v 0.210345 -0.372861 -0.129355
v 0.181653 -0.323960 -0.152797
v 0.111233 -0.300641 -0.156623
v 0.041477 -0.276801 -0.159832
v 0.093634 -0.270183 -0.160305
v 0.164041 -0.293818 -0.156523
v 0.145906 -0.263305 -0.159338
v -0.205319 -0.417248 0.071731
v -0.206763 -0.410510 0.093725
v -0.143940 -0.405489 0.094173
v -0.081509 -0.400595 0.094435
v -0.266812 -0.413229 0.093487
v -0.211892 -0.390362 0.110944
v -0.150105 -0.385384 0.111367
v -0.219042 -0.361988 0.119680
v -0.088855 -0.380399 0.111572
v -0.158932 -0.356662 0.119269
v -0.277592 -0.364486 0.119390
v -0.028020 -0.375556 0.111606
v -0.339331 -0.336101 0.123675
v -0.281917 -0.333851 0.124877
v 0.032999 -0.371114 0.111947
v 0.019823 -0.342267 0.118515
v -0.039661 -0.347233 0.119898
v 0.073449 -0.335842 0.118477
v 0.127601 -0.329671 0.117056
v 0.005000 -0.311270 0.119507
v 0.057908 -0.304744 0.117519
v -0.099137 -0.351984 0.119497
v -0.052371 -0.316070 0.122223
v -0.110443 -0.321265 0.124351
v -0.010315 -0.280571 0.117243
v -0.168103 -0.326416 0.125201
v -0.225473 -0.331384 0.125471
v -0.067154 -0.285315 0.118278
v -0.232298 -0.300125 0.125879
v -0.286770 -0.302577 0.127381
v -0.342822 -0.305409 0.130232
v -0.177303 -0.294760 0.126194
v -0.122843 -0.289762 0.122887
v -0.399531 -0.307343 0.130457
v -0.080266 -0.254112 0.118378
v -0.240763 -0.268458 0.126573
v -0.188876 -0.263785 0.122087
v -0.135434 -0.259096 0.119812
v -0.252140 -0.236938 0.122916
v -0.294056 -0.271250 0.129363
v -0.199677 -0.232059 0.121732
v -0.304305 -0.239297 0.126211
v -0.349247 -0.273234 0.130892
v -0.262973 -0.206374 0.116559
v -0.358399 -0.241355 0.127328
v -0.405090 -0.274807 0.130937
v -0.315323 -0.208731 0.119364
v -0.412589 -0.243226 0.126125
v -0.462336 -0.276430 0.129844
v -0.520527 -0.247264 0.122185
v -0.466615 -0.245258 0.122849
v -0.524299 -0.216469 0.117733
v -0.367324 -0.210353 0.121884
v -0.420323 -0.211881 0.122813
v -0.472478 -0.214039 0.120712
v -0.528956 -0.185813 0.115523
v -0.580659 -0.188273 0.115389
v -0.583669 -0.158088 0.110239
v -0.533727 -0.154902 0.112695
v -0.477978 -0.183131 0.118201
v -0.586554 -0.128982 0.104079
v -0.426250 -0.181188 0.118043
v -0.483095 -0.152563 0.113219
v -0.432646 -0.150777 0.112198
v -0.374957 -0.180132 0.114864
v -0.381666 -0.149106 0.110399
v 0.737798 -0.032684 -0.157838
v 0.806474 -0.055239 -0.159499
v 0.758950 -0.063201 -0.159636
v 0.690496 -0.040714 -0.156879
v 0.785224 -0.025151 -0.156459
v 0.831487 -0.018194 -0.151427
v 0.669859 -0.010495 -0.153565
v 0.764580 0.004531 -0.151952
v 0.811848 0.012601 -0.152160
v 0.746085 0.032271 -0.144437
v 0.717467 -0.003628 -0.151602
v 0.698400 0.024288 -0.144353
v 0.650858 0.017042 -0.145314
v 0.636605 0.037075 -0.128832
v 0.603596 0.009536 -0.145979
v 0.622726 -0.018332 -0.153562
v 0.643675 -0.048644 -0.155766
v 0.589318 0.029527 -0.129319
v 0.631177 0.044762 -0.107053
v 0.556292 0.002127 -0.146473
v 0.575537 -0.026208 -0.153559
v 0.596913 -0.056701 -0.153094
v 0.509446 -0.005761 -0.146607
v 0.529008 -0.034363 -0.152722
v 0.550241 -0.064654 -0.152608
v 0.585213 0.035478 -0.107037
v 0.542240 0.021879 -0.129634
v 0.625352 0.052299 -0.087990
v 0.481890 -0.042594 -0.152159
v 0.503214 -0.072902 -0.151845
v 0.462256 -0.013807 -0.146632
v 0.494883 0.014583 -0.130081
v 0.447689 0.007130 -0.130486
v 0.538124 0.027615 -0.107356
v 0.490689 0.020173 -0.107727
v 0.575938 -0.335036 0.052212
v 0.528231 -0.343530 0.052427
v 0.573894 -0.332255 0.072209
v 0.621355 -0.323474 0.071973
v 0.614731 -0.314097 0.093402
v 0.622152 -0.324931 0.051882
v 0.668684 -0.314650 0.071692
v 0.662334 -0.305537 0.093183
v 0.599181 -0.292315 0.108635
v 0.551471 -0.300633 0.108649
v 0.531298 -0.271926 0.113846
v 0.578980 -0.263743 0.114083
v 0.510406 -0.241584 0.114106
v 0.462643 -0.249712 0.112603
v 0.441691 -0.219535 0.114515
v 0.395588 -0.227088 0.109172
v 0.373937 -0.197277 0.113010
v 0.327992 -0.204881 0.108485
v 0.421044 -0.189300 0.115839
v 0.312705 -0.173723 0.107326
v 0.264472 -0.181718 0.105999
v 0.354948 -0.166650 0.113756
v 0.244615 -0.151350 0.106259
v 0.400233 -0.159204 0.118135
v 0.292592 -0.143290 0.107765
v 0.333967 -0.136545 0.115029
v 0.193970 -0.158362 0.111540
v 0.211369 -0.188630 0.106819
v 0.267771 -0.113955 0.108985
v 0.312708 -0.106265 0.115340
v 0.379694 -0.128687 0.118497
v 0.220247 -0.121756 0.107860
v 0.143122 -0.164730 0.112441
v 0.159671 -0.195072 0.108045
v 0.173097 -0.128062 0.112309
v 0.199827 -0.091852 0.112501
v 0.245911 -0.083781 0.112863
v 0.125490 -0.134002 0.113995
v 0.153032 -0.097533 0.112946
v 0.180860 -0.062777 0.106248
v 0.293195 -0.076000 0.112629
v 0.095020 -0.170880 0.115979
v 0.109394 -0.200742 0.108378
v 0.125787 -0.231414 0.105056
v 0.059831 -0.206635 0.110983
v 0.045803 -0.176562 0.117770
v -0.003441 -0.181965 0.119072
v 0.077054 -0.139923 0.114660
v 0.029159 -0.145207 0.116860
v -0.019051 -0.150534 0.118656
v -0.067478 -0.156263 0.119244
v 0.060183 -0.110628 0.108587
v 0.012567 -0.116291 0.109298
v -0.034538 -0.120671 0.112857
v -0.082128 -0.125191 0.115265
v -0.002854 -0.086368 0.105576
v -0.049097 -0.091531 0.106419
v 0.153078 -0.098420 -0.147168
v 0.220006 -0.122071 -0.147807
v 0.171533 -0.128757 -0.147819
v 0.190060 -0.159348 -0.147586
v 0.105663 -0.104705 -0.147011
v 0.122209 -0.135241 -0.148051
v 0.042342 -0.080740 -0.144708
v 0.088190 -0.075092 -0.144231
v 0.074138 -0.050996 -0.130783
v 0.139115 -0.166056 -0.148375
v 0.134245 -0.068661 -0.144770
v 0.119570 -0.045149 -0.130541
v 0.113172 -0.035205 -0.109288
v 0.240266 -0.152646 -0.148060
v 0.165492 -0.039590 -0.130362
v 0.180764 -0.062735 -0.144640
v 0.199754 -0.091842 -0.148470
v 0.260152 -0.182815 -0.151246
v 0.287467 -0.144327 -0.149949
v 0.280670 -0.213046 -0.152669
v 0.328273 -0.204756 -0.153117
v 0.307404 -0.174466 -0.153061
v 0.375683 -0.196666 -0.151765
v 0.354963 -0.166391 -0.153284
v 0.423188 -0.188514 -0.150901
v 0.470688 -0.180364 -0.152305
v 0.402138 -0.158205 -0.152632
v 0.334416 -0.136037 -0.151927
v 0.267341 -0.113951 -0.148143
v 0.518064 -0.172206 -0.152412
v 0.449627 -0.150059 -0.152869
v 0.246700 -0.083628 -0.149549
v 0.314382 -0.105785 -0.149082
v 0.227175 -0.054431 -0.145169
v 0.381819 -0.127833 -0.152520
v 0.293791 -0.075457 -0.149979
v 0.361402 -0.097592 -0.149648
v 0.429039 -0.119743 -0.151561
v 0.340715 -0.067263 -0.150373
v 0.496836 -0.141988 -0.154335
v 0.408687 -0.089469 -0.149595
v 0.476052 -0.111566 -0.153322
v 0.565730 -0.164033 -0.153819
v 0.544647 -0.133703 -0.154936
v 0.612841 -0.155890 -0.155072
v 0.660047 -0.147702 -0.154277
v 0.591734 -0.125515 -0.154937
v 0.523862 -0.103247 -0.154407
v 0.455609 -0.081271 -0.151013
v 0.707228 -0.139608 -0.155327
v 0.638840 -0.117362 -0.155626
v 0.571041 -0.095135 -0.153251
v 0.754407 -0.131704 -0.156517
v 0.686062 -0.109313 -0.154815
v 0.618000 -0.087021 -0.153551
v 0.801654 -0.123787 -0.157157
v 0.848950 -0.115920 -0.158149
v 0.733494 -0.101297 -0.155318
v 0.780383 -0.093429 -0.157860
v 0.827599 -0.085681 -0.160077
v 0.665412 -0.078922 -0.153330
v 0.712677 -0.070979 -0.154938
v -0.347268 -0.087144 -0.110469
v -0.296537 -0.082459 -0.090895
v -0.297226 -0.083216 -0.111101
v -0.346520 -0.095048 -0.132393
v -0.346371 -0.084339 -0.090444
v -0.295668 -0.086797 -0.070475
v -0.396944 -0.097921 -0.131779
v -0.397214 -0.089237 -0.110176
v -0.341901 -0.117785 -0.147615
v -0.290714 -0.115410 -0.147487
v -0.393007 -0.120859 -0.147041
v -0.335147 -0.148771 -0.150978
v -0.446442 -0.100048 -0.131617
v -0.386695 -0.151470 -0.150959
v -0.283045 -0.146019 -0.150177
v -0.443014 -0.123469 -0.146351
v -0.327484 -0.180213 -0.146385
v -0.232538 -0.141396 -0.150938
v -0.240893 -0.110907 -0.147817
v -0.182116 -0.136897 -0.151081
v -0.192078 -0.106599 -0.147847
v -0.171265 -0.168226 -0.151178
v -0.222658 -0.172865 -0.150726
v -0.274463 -0.177469 -0.148356
v -0.121075 -0.163534 -0.154967
v -0.160145 -0.199662 -0.151755
v -0.109180 -0.194975 -0.155835
v -0.211904 -0.204302 -0.149318
v -0.148220 -0.230955 -0.152703
v -0.265294 -0.209020 -0.148801
v -0.200898 -0.235591 -0.148919
v -0.318908 -0.211769 -0.147527
v -0.255731 -0.240515 -0.148814
v -0.310297 -0.243171 -0.148671
v -0.301836 -0.274686 -0.148522
v -0.364847 -0.245888 -0.151337
v -0.357384 -0.277612 -0.148558
v -0.293040 -0.306124 -0.150367
v -0.349365 -0.309013 -0.151094
v -0.404411 -0.311570 -0.153115
v -0.341065 -0.340144 -0.154914
v -0.411276 -0.280089 -0.151096
v -0.397145 -0.342905 -0.156954
v -0.466619 -0.282734 -0.152388
v -0.460698 -0.314297 -0.153497
v -0.390104 -0.374673 -0.155012
v -0.454751 -0.345828 -0.155111
v -0.323696 -0.177946 0.113572
v -0.331456 -0.146395 0.110904
v -0.388569 -0.119046 0.105855
v -0.271996 -0.174888 0.113682
v -0.210926 -0.201018 0.117849
v -0.280970 -0.143493 0.110712
v -0.146709 -0.227709 0.118988
v -0.221288 -0.169739 0.114702
v -0.158205 -0.196578 0.116589
v -0.092480 -0.222977 0.120327
v -0.170267 -0.165100 0.115990
v -0.231989 -0.138352 0.112455
v -0.105800 -0.191747 0.117552
v -0.181682 -0.134176 0.112444
v -0.289926 -0.113745 0.105849
v -0.241585 -0.108738 0.106397
v -0.339157 -0.116220 0.106133
v -0.118892 -0.160629 0.116315
v -0.296272 -0.089873 0.091560
v -0.192622 -0.104690 0.106689
v -0.132337 -0.129435 0.114606
v -0.095530 -0.096622 0.107438
v -0.053018 -0.187126 0.116992
v -0.039413 -0.218344 0.115675
v 0.009577 -0.212287 0.112085
v -0.023569 -0.249195 0.118232
v 0.024757 -0.243514 0.111275
v 0.040964 -0.274361 0.113547
v 0.092229 -0.268482 0.110022
v 0.074816 -0.237404 0.107173
v 0.109793 -0.298564 0.114481
v 0.162155 -0.292860 0.110121
v 0.144066 -0.262260 0.108141
v 0.176577 -0.225587 0.105062
v 0.214286 -0.286812 0.107520
v 0.195370 -0.256382 0.104745
v 0.228062 -0.219514 0.107484
v 0.247896 -0.249850 0.104890
v 0.300499 -0.243202 0.104854
v 0.280038 -0.212897 0.106937
v 0.368704 -0.265668 0.106605
v 0.348715 -0.235137 0.105728
v 0.416100 -0.257577 0.108572
v 0.435607 -0.287842 0.112529
v 0.455870 -0.317150 0.108758
v 0.483512 -0.280006 0.113383
v 0.503749 -0.308963 0.108693
v 0.519326 -0.331086 0.093734
v 0.478404 -0.349343 0.072623
v 0.566981 -0.322540 0.093510
v 0.526300 -0.340974 0.072439
v 0.479481 -0.350643 0.052527
v 0.478701 -0.349184 0.032439
v -0.516568 -0.316626 -0.156839
v -0.522096 -0.285336 -0.153703
v -0.572946 -0.319602 -0.153025
v -0.577080 -0.287904 -0.154292
v -0.526722 -0.253865 -0.150932
v -0.580740 -0.256152 -0.153739
v -0.472506 -0.251305 -0.150093
v -0.418023 -0.248594 -0.148857
v -0.531107 -0.222237 -0.150203
v -0.584732 -0.224562 -0.151016
v -0.478103 -0.219835 -0.146681
v -0.424520 -0.217064 -0.147765
v -0.372287 -0.214430 -0.147157
v -0.379740 -0.182861 -0.149009
v -0.430861 -0.185388 -0.149608
v -0.437442 -0.153811 -0.150665
v -0.483310 -0.187951 -0.149562
v -0.488522 -0.156672 -0.149079
v -0.493091 -0.125868 -0.146271
v -0.495466 -0.101861 -0.132052
v -0.535594 -0.190481 -0.149376
v -0.539834 -0.159043 -0.148983
v -0.542756 -0.128186 -0.146355
v -0.543854 -0.104357 -0.132096
v -0.588065 -0.192735 -0.150528
v -0.591104 -0.160993 -0.149580
v -0.592995 -0.130539 -0.146414
v -0.593212 -0.106279 -0.133060
v -0.652491 -0.131319 -0.146434
v -0.649418 -0.193347 -0.152832
v -0.651660 -0.107051 -0.133500
v -0.651258 -0.161845 -0.149449
v -0.710389 -0.107233 -0.134117
v -0.711940 -0.132053 -0.146389
v -0.711736 -0.162696 -0.148781
v -0.769883 -0.107622 -0.133787
v -0.770783 -0.132321 -0.146367
v -0.766868 -0.096379 -0.113014
v -0.829162 -0.107621 -0.132540
v -0.771177 -0.163038 -0.148666
v -0.710617 -0.193917 -0.152246
v -0.830734 -0.132892 -0.145586
v -0.770791 -0.194339 -0.152065
v -0.888757 -0.106946 -0.132120
v -0.831440 -0.163963 -0.146377
v -0.890874 -0.133885 -0.144269
v -0.830460 -0.195486 -0.146569
v -0.768749 -0.226605 -0.150823
v -0.891852 -0.164697 -0.144859
v -0.949572 -0.133923 -0.143667
v -0.891772 -0.196422 -0.145733
v -0.708797 -0.225663 -0.155157
v -0.830658 -0.227375 -0.150356
v -0.646433 -0.224977 -0.155030
v -0.706513 -0.257547 -0.154872
v -0.643639 -0.256648 -0.155673
v -0.767727 -0.258438 -0.152054
v -0.704768 -0.289325 -0.156507
v -0.640704 -0.288408 -0.157053
v 1.349190 0.136936 0.110839
v 1.286776 0.150348 0.095324
v 1.416387 0.115950 0.116308
v 1.484936 0.094008 0.121419
v 1.239978 0.142299 0.095220
v 1.302124 0.129548 0.111092
v 1.532850 0.101357 0.120129
v 1.437929 0.086336 0.119705
v 1.460116 0.056143 0.118745
v 1.369362 0.108678 0.116664
v 1.391030 0.078772 0.118493
v 1.434983 0.018583 0.118331
v 1.412774 0.048645 0.119736
v 1.344359 0.071204 0.116621
v 1.322384 0.101651 0.118090
v 1.365763 0.041158 0.118258
v 1.255141 0.121988 0.111332
v 1.275807 0.094014 0.118309
v 1.297772 0.063668 0.115535
v 1.387891 0.010988 0.118242
v 1.319808 0.033627 0.114767
v 1.410303 -0.019116 0.117191
v 1.341085 0.003372 0.116823
v 1.251291 0.055842 0.116711
v 1.272768 0.025825 0.114938
v 1.294885 -0.004392 0.114311
v 1.205303 0.048043 0.119397
v 1.316616 -0.034568 0.115868
v 1.227326 0.017850 0.118811
v 1.247962 -0.012244 0.115191
v 1.270307 -0.042389 0.114269
v 1.291883 -0.072735 0.116411
v 1.202782 -0.020437 0.118876
v 1.314995 -0.102922 0.116007
v 1.223401 -0.050307 0.114510
v 1.245658 -0.080534 0.113263
v 1.268264 -0.110650 0.113180
v 1.181246 0.009823 0.120829
v 0.877627 -0.078659 0.116829
v 0.809924 -0.056523 0.118232
v 0.741527 -0.034161 0.120911
v 0.925367 -0.070425 0.116742
v 0.857885 -0.048363 0.115881
v 0.790264 -0.026231 0.120071
v 0.720318 -0.004392 0.117012
v 0.972396 -0.062068 0.117522
v 0.905504 -0.040213 0.114609
v 0.838516 -0.018292 0.118749
v 0.768809 0.003884 0.117616
v 0.700523 0.022255 0.107479
v 1.018535 -0.053485 0.119711
v 0.952810 -0.031955 0.114231
v 0.748353 0.030516 0.108126
v 0.885980 -0.010202 0.117357
v 0.734403 0.048122 0.090029
v 0.816722 0.012065 0.118050
v 0.781657 0.056214 0.090476
v 0.777972 0.059999 0.067947
v 0.795682 0.039069 0.108876
v 0.864310 0.020229 0.118137
v 0.932649 -0.001949 0.115817
v 0.825381 0.067682 0.068339
v 0.816572 0.076630 0.049481
v 0.828241 0.064671 0.090953
v 0.842623 0.047572 0.109482
v 0.910931 0.028407 0.118047
v 0.863653 0.084073 0.049822
v 0.854143 0.095803 0.031722
v 0.871942 0.075990 0.068819
v 0.874131 0.073330 0.091475
v 0.888833 0.056146 0.109977
v 0.916863 0.085719 0.069514
v 0.910665 0.091544 0.050127
v 0.919322 0.082299 0.092011
v -0.766332 -0.290206 -0.152919
v -0.637604 -0.320152 -0.154673
v -0.701905 -0.321090 -0.155441
v -0.764935 -0.321995 -0.153319
v -0.829812 -0.259168 -0.149734
v -0.829096 -0.290949 -0.150165
v -0.892368 -0.227944 -0.150383
v -0.892534 -0.259857 -0.148649
v -0.828763 -0.322588 -0.152287
v -0.763216 -0.353710 -0.155853
v -0.892798 -0.291600 -0.149299
v -0.892948 -0.323251 -0.152063
v -0.952046 -0.259646 -0.150629
v -0.952674 -0.291385 -0.150872
v -0.952877 -0.323066 -0.152264
v -0.827999 -0.354246 -0.155347
v -0.952851 -0.354807 -0.153332
v -0.893011 -0.354863 -0.154707
v -0.826650 -0.385924 -0.153267
v -0.952760 -0.386522 -0.152100
v -0.892363 -0.386629 -0.152628
v -0.825039 -0.415365 -0.146555
v -0.761058 -0.385432 -0.154164
v -0.699343 -0.352863 -0.156133
v -0.634210 -0.351898 -0.156162
v -0.696567 -0.384578 -0.154471
v -0.758880 -0.414721 -0.146940
v -0.823189 -0.436931 -0.130319
v -0.756589 -0.435954 -0.130537
v -0.890447 -0.438018 -0.130267
v -0.891702 -0.416201 -0.146095
v -0.950585 -0.438174 -0.130073
v -0.952149 -0.416325 -0.146163
v -1.010075 -0.438467 -0.130085
v -1.011734 -0.416486 -0.146004
v -1.068284 -0.438646 -0.129912
v -1.069973 -0.416745 -0.146036
v -1.127780 -0.438713 -0.129787
v -1.012605 -0.386708 -0.152327
v -1.129596 -0.416798 -0.146013
v -1.187272 -0.438952 -0.129761
v -1.070512 -0.386718 -0.151882
v -1.012625 -0.354807 -0.152592
v -1.070486 -0.354819 -0.151660
v -1.130146 -0.386626 -0.151488
v -1.189113 -0.416912 -0.145931
v -1.246928 -0.439286 -0.129647
v -1.012413 -0.323120 -0.151768
v -1.070310 -0.323072 -0.151287
v -1.129931 -0.354745 -0.150189
v -1.190037 -0.386371 -0.150938
v -1.249184 -0.416658 -0.145451
v -1.307714 -0.439068 -0.128991
v -1.310282 -0.416334 -0.144679
v -1.368717 -0.439032 -0.128420
v -1.250499 -0.385914 -0.149960
v -1.190148 -0.354565 -0.148546
v -1.129963 -0.322979 -0.149836
v -1.371598 -0.416109 -0.144015
v -1.428897 -0.439220 -0.127867
v -1.311865 -0.385509 -0.148867
v -1.070110 -0.291319 -0.151871
v -1.431747 -0.415772 -0.143059
v -1.487507 -0.439221 -0.127211
v -1.373064 -0.385114 -0.147915
v -1.489905 -0.415167 -0.141877
v -1.432829 -0.384827 -0.146640
v -1.491302 -0.384430 -0.145289
v -1.372746 -0.353502 -0.144249
v -1.311930 -0.353773 -0.145675
v -1.250843 -0.354173 -0.146704
v -1.189886 -0.322776 -0.146662
v -1.250568 -0.322427 -0.144646
v -1.311389 -0.322116 -0.142978
v -1.249050 -0.290551 -0.144259
v -1.129648 -0.291108 -0.150439
v -1.310063 -0.290077 -0.142946
v -1.189125 -0.290871 -0.147462
v -1.246411 -0.258778 -0.144664
v -1.307246 -0.258602 -0.145539
v -1.188010 -0.259205 -0.149910
v -1.128578 -0.259393 -0.152036
v -1.069469 -0.259500 -0.151735
v -1.244250 -0.227075 -0.145505
v -1.185742 -0.227283 -0.149285
v -1.127130 -0.227450 -0.151291
v -1.011914 -0.291352 -0.151881
v -1.011364 -0.259667 -0.150185
v -1.068290 -0.227685 -0.151527
v -1.010270 -0.227872 -0.149918
v -0.951541 -0.227863 -0.149568
v -1.009060 -0.195998 -0.147223
v -0.951118 -0.196168 -0.148372
v -0.951310 -0.165211 -0.142607
v -1.009050 -0.164918 -0.143585
v -1.067535 -0.196193 -0.147751
v -1.066159 -0.164229 -0.146296
v -1.012022 -0.133952 -0.143632
v -1.010414 -0.103617 -0.133239
v -1.060541 -0.131164 -0.147399
v -1.126270 -0.195896 -0.148768
v -1.124936 -0.163925 -0.148157
v -1.121652 -0.129160 -0.148738
v -1.184499 -0.195564 -0.147146
v -1.183713 -0.163626 -0.148531
v -1.182932 -0.131360 -0.147331
v -1.242343 -0.163515 -0.150483
v -1.243261 -0.195355 -0.146622
v -1.241392 -0.130542 -0.149009
v -1.300853 -0.163374 -0.151909
v -1.181950 -0.105331 -0.131926
v -1.301211 -0.195576 -0.150934
v -1.304028 -0.226878 -0.146883
v -1.359629 -0.195530 -0.152963
v -1.360480 -0.227338 -0.153493
v -1.362847 -0.259405 -0.152993
v -1.359676 -0.163772 -0.150093
v -1.369096 -0.290026 -0.147157
v -1.418694 -0.227720 -0.156239
v -1.371865 -0.321539 -0.143196
v -1.419143 -0.259612 -0.158422
v -1.423184 -0.291344 -0.155171
v -1.430020 -0.321101 -0.147238
v -1.432442 -0.353058 -0.143061
v -1.489930 -0.352967 -0.147697
v -1.484119 -0.321987 -0.154009
v -1.477881 -0.291700 -0.161338
v -1.475978 -0.259644 -0.162065
v -1.533438 -0.321140 -0.162405
v -1.537352 -0.350528 -0.157319
v -1.477444 -0.228983 -0.154593
v -1.530546 -0.290918 -0.166172
v -1.529847 -0.260802 -0.164273
v -1.530788 -0.231238 -0.159118
v -1.593336 -0.260070 -0.168787
v -1.593967 -0.292020 -0.169045
v -1.595866 -0.323879 -0.167788
v -1.639329 -0.260041 -0.165460
v -1.639607 -0.291804 -0.165153
v -1.641951 -0.323577 -0.164623
v -1.652790 -0.260135 -0.152137
v -1.651960 -0.291647 -0.151869
v -1.655718 -0.228500 -0.152373
v -1.655606 -0.323224 -0.151417
v -1.639351 -0.228192 -0.165479
v -1.658260 -0.196729 -0.152588
v -1.662421 -0.354772 -0.150967
v -1.591901 -0.228053 -0.167224
v -1.638774 -0.196247 -0.165299
v -1.660663 -0.164884 -0.152842
v -1.532398 -0.201322 -0.154927
v -1.637934 -0.162431 -0.164637
v -1.590444 -0.196264 -0.165187
v -1.662707 -0.134589 -0.147180
v -1.477059 -0.197241 -0.150560
v -1.533249 -0.169192 -0.152028
v -1.589836 -0.162363 -0.163368
v -1.639016 -0.126439 -0.157093
v -1.663250 -0.112475 -0.131099
v -1.591278 -0.126738 -0.155824
v -1.531883 -0.134821 -0.146299
v -1.477911 -0.165660 -0.146913
v -1.640337 -0.098597 -0.136773
v -1.418379 -0.196092 -0.152210
v -1.418012 -0.164921 -0.147579
v -1.476816 -0.135170 -0.142565
v -1.417819 -0.134368 -0.143575
v -1.359058 -0.133217 -0.145419
v -1.475124 -0.110031 -0.129333
v -1.416298 -0.109525 -0.130043
v -1.300123 -0.131571 -0.147444
v -1.357855 -0.109644 -0.130437
v -1.299261 -0.105668 -0.132469
v -1.240489 -0.105800 -0.132067
v -1.296663 -0.097853 -0.109449
v -1.238305 -0.095966 -0.109769
v -1.355290 -0.098028 -0.109415
v -1.413526 -0.096816 -0.109430
v -1.353354 -0.094535 -0.089605
v -1.411683 -0.093283 -0.089571
v -1.472013 -0.094480 -0.109723
v -1.469379 -0.087413 -0.090283
v -1.294742 -0.093468 -0.089631
v -1.530207 -0.105260 -0.130004
v -1.527118 -0.088755 -0.107004
v -1.593202 -0.097868 -0.136718
v -1.592698 -0.085338 -0.111153
v -1.639331 -0.087510 -0.110945
v -1.659070 -0.104432 -0.109290
v -1.637223 -0.086918 -0.089305
v -1.656181 -0.104229 -0.089305
v -1.590619 -0.084586 -0.089536
v -1.636076 -0.087374 -0.069391
v -1.657802 -0.104064 -0.069407
v -1.525247 -0.084774 -0.086527
v -1.589185 -0.086717 -0.069585
v -1.634850 -0.088624 -0.049383
v -1.661876 -0.103764 -0.049577
v -1.468297 -0.087218 -0.069876
v -1.524280 -0.090077 -0.067571
v -1.587930 -0.092079 -0.049860
v -1.633983 -0.089678 -0.029544
v -1.663893 -0.103527 -0.029628
v -1.663193 -0.102931 -0.009709
v -1.587579 -0.095914 -0.029950
v -1.632217 -0.089422 -0.009872
v -1.660725 -0.102133 0.010138
v -1.523079 -0.091500 -0.048417
v -1.586238 -0.095438 -0.009846
v -1.630613 -0.087640 0.009712
v -1.653334 -0.101572 0.029927
v -1.467228 -0.088779 -0.049878
v -1.522730 -0.088148 -0.029265
v -0.060115 -0.070660 0.090105
v 0.043087 -0.080822 0.105157
v 0.106233 -0.103464 0.112359
v 0.135431 -0.068999 0.105922
v 0.089828 -0.074994 0.105271
v 0.123426 -0.049528 0.088593
v -0.015110 -0.063798 0.090184
v 0.077815 -0.054027 0.089283
v 0.030655 -0.058092 0.090011
v 0.071932 -0.043824 0.068336
v 0.025743 -0.049640 0.068335
v -0.018971 -0.056376 0.068326
v -0.063881 -0.062775 0.068465
v 0.168818 -0.044376 0.088325
v 0.119467 -0.044274 0.066422
v 0.166222 -0.039370 0.066096
v 0.113496 -0.034187 0.048195
v 0.159763 -0.029796 0.046958
v 0.066404 -0.035148 0.049471
v 0.019627 -0.039619 0.049981
v 0.064009 -0.032453 0.029575
v -0.025320 -0.046554 0.049802
v 0.016753 -0.036222 0.029729
v -0.068186 -0.055766 0.049187
v 0.105642 -0.022073 0.029846
v 0.149890 -0.015360 0.029789
v -0.028563 -0.041638 0.029832
v 0.019842 -0.040673 0.009927
v -0.027974 -0.042533 0.009640
v -0.065233 -0.058738 -0.090793
v -0.112093 -0.061128 -0.070898
v -0.065030 -0.060039 -0.070528
v -0.110344 -0.063345 -0.091223
v -0.154150 -0.072237 -0.070934
v -0.201151 -0.076541 -0.070906
v -0.157236 -0.070213 -0.050490
v -0.157238 -0.066597 -0.091360
v -0.065657 -0.057741 -0.110966
v -0.110209 -0.063456 -0.111544
v -0.022515 -0.050854 -0.110861
v -0.022635 -0.050462 -0.090525
v -0.019375 -0.054291 -0.070477
v -0.020763 -0.053635 -0.050034
v 0.017655 -0.039768 -0.090541
v 0.019416 -0.041885 -0.050124
v 0.020498 -0.041766 -0.030063
v 0.020623 -0.043127 -0.070220
v 0.056374 -0.027277 -0.030269
v 0.057847 -0.027495 -0.010206
v 0.056503 -0.028026 -0.050351
v 0.062754 -0.033456 -0.090378
v 0.099012 -0.016912 -0.030265
v 0.059669 -0.030650 -0.070276
v 0.101356 -0.019855 -0.050307
v 0.103655 -0.022336 -0.070330
v 0.021751 -0.044637 -0.110419
v 0.108487 -0.028602 -0.089980
v 0.066969 -0.039739 -0.109800
v 0.028608 -0.056645 -0.131054
v -0.015776 -0.062172 -0.131925
v -0.060862 -0.068092 -0.132505
v -0.003684 -0.086848 -0.145047
v -0.105589 -0.074270 -0.132918
v -0.049082 -0.092674 -0.145837
v -0.151829 -0.078877 -0.133169
v -0.156113 -0.068102 -0.111925
v -0.199630 -0.078041 -0.091373
v -0.199394 -0.082646 -0.133797
v -0.143015 -0.102296 -0.147297
v -0.201866 -0.073967 -0.111738
v -0.246981 -0.083461 -0.091123
v -0.247682 -0.087303 -0.133268
v -0.249304 -0.079376 -0.111308
v -0.248351 -0.080957 -0.070695
v -0.247775 -0.083309 -0.050217
v -0.296131 -0.091772 -0.132993
v 1.267398 -0.178343 -0.145678
v 1.330132 -0.191570 -0.129439
v 1.198933 -0.157883 -0.152093
v 1.129145 -0.135842 -0.153425
v 1.059853 -0.114152 -0.157992
v 1.315108 -0.170414 -0.145302
v 1.377663 -0.183512 -0.129109
v 1.246616 -0.150041 -0.151757
v 1.176787 -0.127941 -0.153647
v 1.107612 -0.106092 -0.157586
v 1.224264 -0.120035 -0.152836
v 1.362854 -0.162501 -0.145067
v 1.294208 -0.142170 -0.151329
v 1.425302 -0.175647 -0.128909
v 1.154385 -0.097839 -0.154362
v 1.410356 -0.154478 -0.144781
v 1.473192 -0.168419 -0.128962
v 1.341732 -0.134298 -0.151335
v 1.271717 -0.112206 -0.152924
v 1.457523 -0.146153 -0.143964
v 1.521443 -0.161354 -0.128963
v 1.389291 -0.126319 -0.150938
v 1.319312 -0.104381 -0.153107
v 1.249529 -0.082626 -0.157602
v 1.296872 -0.074620 -0.156568
v 1.201941 -0.090196 -0.156076
v 1.227073 -0.052356 -0.156731
v 1.179846 -0.060191 -0.158411
v 1.132653 -0.068071 -0.158187
v 1.085599 -0.075958 -0.158668
v 1.274555 -0.044469 -0.155773
v 1.038210 -0.083883 -0.158303
v 1.063347 -0.045993 -0.155875
v 1.016285 -0.054028 -0.155460
v 0.990807 -0.091954 -0.158644
v 0.968929 -0.061711 -0.156757
v 1.110327 -0.037847 -0.157051
v 0.943574 -0.099970 -0.158502
v 0.921855 -0.069696 -0.157897
v 1.157267 -0.030335 -0.154364
v 0.896339 -0.108044 -0.158913
v 1.204656 -0.022429 -0.154582
v 0.874908 -0.077681 -0.159795
v 0.853807 -0.047335 -0.158049
v 0.899873 -0.040197 -0.153217
v 0.947250 -0.032442 -0.151351
v 0.878567 -0.010346 -0.149514
v 0.994135 -0.024240 -0.152637
v 0.925962 -0.002341 -0.148309
v 1.041016 -0.016162 -0.153509
v 0.972547 0.005705 -0.149817
v 1.087814 -0.008302 -0.153265
v 1.018902 0.013879 -0.151989
v 1.135031 -0.000370 -0.153241
v 1.066111 0.021535 -0.149406
v 0.997962 0.044081 -0.150829
v 0.952234 0.036003 -0.149981
v 0.906034 0.028092 -0.150457
v 0.859059 0.020334 -0.151579
v 0.887269 0.057114 -0.144814
v 0.840420 0.049085 -0.145225
v 0.793414 0.040831 -0.145057
v 0.933243 0.064493 -0.143777
v 0.874791 0.077232 -0.128200
v 0.920647 0.085156 -0.127684
v 0.828516 0.068560 -0.128265
v 0.914244 0.093322 -0.106043
v 0.871346 0.082156 -0.105830
v 0.825309 0.073510 -0.105978
v 0.781040 0.060525 -0.128354
v 0.776627 0.066912 -0.106353
v 0.906928 0.100698 -0.086737
v 0.868028 0.086090 -0.085943
v 0.820893 0.077668 -0.086119
v 0.732679 0.052895 -0.128509
v 0.770402 0.074646 -0.087134
v 0.726656 0.061687 -0.107022
v 0.684205 0.045236 -0.128689
v 0.720866 0.068692 -0.087691
v 0.677321 0.054905 -0.107421
v 0.672110 0.061303 -0.087986
v 0.764429 0.079825 -0.067181
v 0.715029 0.074523 -0.067903
v 0.814207 0.083758 -0.066280
v 0.666569 0.067389 -0.068324
v 0.758601 0.084954 -0.047360
v 0.861443 0.091998 -0.066029
v 0.809090 0.087774 -0.046189
v 0.854714 0.098019 -0.046307
v 0.900055 0.106983 -0.067006
v 0.893594 0.112870 -0.047259
v 0.846387 0.106039 -0.027170
v 0.890092 0.117394 -0.027353
v 0.799537 0.098251 -0.027525
v 0.890814 0.116639 -0.007051
v 0.936310 0.126141 -0.027172
v 0.939345 0.122326 -0.047243
v 0.843360 0.109319 -0.007125
v 0.945957 0.116165 -0.066889
v 0.984375 0.132681 -0.026857
v 0.952900 0.109199 -0.086469
v 0.989874 0.124336 -0.045969
v 0.995442 0.116978 -0.065239
v 0.961174 0.098122 -0.104855
v 1.002322 0.108882 -0.084528
v 0.966380 0.091660 -0.126809
v 1.007908 0.103197 -0.104073
v 0.978862 0.072174 -0.143756
v 1.011382 0.098782 -0.126414
v 1.043814 0.051879 -0.151168
v 1.023889 0.080173 -0.144053
v 1.112414 0.029543 -0.152088
v 1.090142 0.059788 -0.151524
v 1.181299 0.007555 -0.155861
v 1.158063 0.037551 -0.155451
v 1.227860 0.015274 -0.158782
v 1.251575 -0.014528 -0.157127
v 1.205056 0.045485 -0.156776
v 1.298266 -0.007057 -0.160334
v 1.275035 0.023008 -0.161025
v 1.252433 0.052832 -0.156059
v 1.183692 0.074198 -0.149953
v 1.231340 0.080375 -0.146936
v 1.136890 0.067387 -0.151362
v 1.210231 0.109295 -0.142579
v 1.069918 0.087713 -0.144052
v 1.163263 0.101879 -0.142846
v 1.117059 0.094961 -0.143755
v 1.056729 0.106253 -0.126234
v 1.148488 0.122334 -0.126546
v 1.102422 0.114525 -0.126517
v 1.054534 0.109867 -0.103761
v 1.100541 0.118241 -0.103841
v 1.143426 0.130190 -0.104851
v 1.049732 0.115838 -0.084255
v 1.091121 0.129063 -0.085587
v 1.137921 0.137328 -0.085725
v 0.769569 0.068749 0.049074
v 0.730112 0.052667 0.067604
v 0.687283 0.039902 0.089451
v 0.682120 0.045468 0.067366
v 0.639459 0.032448 0.089295
v 0.634820 0.037967 0.067176
v 0.652409 0.014215 0.107072
v 0.591861 0.025234 0.089453
v 0.604790 0.006330 0.106866
v 0.587373 0.030650 0.067217
v 0.628307 0.044844 0.047842
v 0.557614 -0.001564 0.106664
v 0.579490 0.040087 0.048606
v 0.617594 0.058542 0.030438
v 0.544591 0.017565 0.089483
v 0.539794 0.023533 0.067428
v 0.569692 0.051863 0.030569
v 0.611097 0.066541 0.011093
v 0.531742 0.033234 0.048849
v 0.564892 0.057708 0.010701
v 0.523041 0.043797 0.030348
v 0.610644 0.067763 -0.009038
v 0.483194 0.027521 0.049532
v 0.492279 0.016135 0.067585
v 0.497083 0.010364 0.089751
v 0.510232 -0.009256 0.106678
v 0.449767 0.003376 0.090135
v 0.462941 -0.017057 0.106424
v 0.443206 0.012300 0.068694
v 0.401718 -0.003490 0.090440
v 0.437065 0.018509 0.049353
v 0.395897 0.004450 0.068619
v 0.477133 0.034598 0.030093
v 0.395497 0.005376 0.048601
v 0.415625 -0.024579 0.106445
v 0.354476 -0.011471 0.090263
v 0.350024 -0.004604 0.068143
v 0.432811 0.023845 0.029652
v 0.348949 -0.003433 0.048295
v 0.392524 0.009720 0.028951
v 0.435765 0.022766 0.009561
v -1.406583 -0.315896 0.118810
v -1.463806 -0.315932 0.120825
v -1.409401 -0.347402 0.113873
v -1.462173 -0.284099 0.123329
v -1.466908 -0.347495 0.116545
v -1.468320 -0.379211 0.114378
v -1.409846 -0.379287 0.114360
v -1.468817 -0.409231 0.109163
v -1.469066 -0.433334 0.094989
v -1.410094 -0.409513 0.109458
v -1.410218 -0.433091 0.094738
v -1.469152 -0.444772 0.073870
v -1.410457 -0.443939 0.073455
v -1.351771 -0.432902 0.094370
v -1.352163 -0.443239 0.073033
v -1.293497 -0.432453 0.093991
v -1.351724 -0.409550 0.109254
v -1.293430 -0.409389 0.109213
v -1.351569 -0.379180 0.114035
v -1.293121 -0.378852 0.113739
v -1.351091 -0.347274 0.112326
v -1.292995 -0.347099 0.110153
v -1.350447 -0.315546 0.113070
v -1.406991 -0.283937 0.117563
v -1.292858 -0.315272 0.110976
v -1.236536 -0.314762 0.108855
v -1.348623 -0.283838 0.115971
v -1.293208 -0.283210 0.109849
v -1.183161 -0.282757 0.110642
v -1.237364 -0.282962 0.108955
v -1.349108 -0.251929 0.115385
v -1.290987 -0.251699 0.113714
v -1.236600 -0.251131 0.108810
v -1.181024 -0.251125 0.108372
v -1.290875 -0.219832 0.115144
v -1.178093 -0.219293 0.109291
v -1.233967 -0.219657 0.111499
v -1.349559 -0.220014 0.114058
v -1.291478 -0.188062 0.111063
v -1.233231 -0.187882 0.113526
v -1.175459 -0.187867 0.113690
v -1.233322 -0.156188 0.113342
v -1.233573 -0.126058 0.108075
v -1.291820 -0.156302 0.113181
v -1.350031 -0.188102 0.113152
v -1.350001 -0.156051 0.114902
v -1.408019 -0.220091 0.115094
v -1.407438 -0.252083 0.116270
v -1.461568 -0.252020 0.123723
v -1.516634 -0.253027 0.127099
v -1.516826 -0.283417 0.127092
v 0.956767 0.100130 0.050641
v 0.903432 0.099696 0.030893
v 0.951715 0.106107 0.030925
v 0.894913 0.110751 0.012570
v 0.846852 0.104895 0.012855
v 0.943202 0.116809 0.012493
v 0.938320 0.123420 -0.006939
v 0.985082 0.131799 -0.006481
v 1.031817 0.139605 -0.026738
v 0.989671 0.124764 0.012989
v 1.034123 0.135482 -0.006694
v 1.080707 0.144124 -0.026554
v 0.997591 0.114956 0.031619
v 1.036214 0.132693 0.013316
v 1.082866 0.139859 -0.006562
v 1.129403 0.148823 -0.026321
v 1.130323 0.146935 -0.006282
v 1.082995 0.140289 0.013588
v 1.132241 0.144853 0.013714
v 1.043781 0.123352 0.032259
v 1.086839 0.135057 0.033393
v 1.135237 0.141600 0.033573
v 1.002834 0.108590 0.051327
v 1.048722 0.117424 0.051903
v 1.094779 0.126120 0.052497
v 1.139792 0.136021 0.053208
v 0.959545 0.097090 0.070458
v 1.003196 0.107549 0.071244
v 0.963953 0.091519 0.092600
v 0.934430 0.064686 0.110284
v 1.008561 0.100635 0.093201
v 1.047905 0.117394 0.072103
v 0.979670 0.073065 0.110272
v 1.053615 0.109400 0.093738
v 1.093328 0.127015 0.072838
v 1.139811 0.135142 0.073355
v 1.099848 0.118101 0.094438
v 1.146188 0.126681 0.095155
v 1.193028 0.134580 0.095231
v 1.208404 0.114178 0.111474
v 1.161879 0.105960 0.111129
v 1.229355 0.086142 0.118130
v 1.183001 0.078081 0.117763
v 1.115645 0.097340 0.110152
v 1.136741 0.069833 0.117318
v 1.069791 0.089414 0.110152
v 1.024599 0.081325 0.110255
v 1.091206 0.061669 0.117370
v 1.158964 0.039918 0.119793
v 1.113810 0.031507 0.117674
v 1.046506 0.053385 0.117293
v 1.134954 0.001641 0.120905
v 1.069093 0.023192 0.116216
v 1.001931 0.045094 0.117477
v 1.156944 -0.028580 0.120949
v 1.090058 -0.006694 0.119130
v 1.110781 -0.036692 0.122008
v 1.024168 0.014853 0.115043
v 1.044977 -0.015234 0.116919
v 1.064550 -0.044952 0.121446
v 0.999316 -0.023646 0.115226
v 0.978654 0.006443 0.114967
v 0.956671 0.036700 0.117814
v 0.576138 0.047387 -0.089157
v 0.528436 0.040554 -0.089782
v 0.617905 0.061804 -0.069175
v 0.570436 0.054399 -0.069682
v 0.482237 0.031489 -0.089708
v 0.661683 0.072852 -0.048703
v 0.523872 0.045980 -0.069918
v 0.613912 0.065810 -0.049231
v 0.443221 0.013458 -0.108272
v 0.709874 0.079060 -0.048011
v 0.400943 -0.000309 -0.130805
v 0.753817 0.088998 -0.027516
v 0.706480 0.081702 -0.028061
v 0.659018 0.074651 -0.028588
v 0.749522 0.093703 -0.007755
v 0.797058 0.100697 -0.007321
v 0.701988 0.086625 -0.008189
v 0.751488 0.090962 0.012512
v 0.798773 0.098525 0.012761
v 0.704889 0.082560 0.011982
v 0.656775 0.076628 -0.008572
v 0.658201 0.074343 0.011513
v 0.665348 0.065286 0.030490
v 0.712928 0.072584 0.030600
v 0.759422 0.081120 0.031252
v 0.675988 0.052213 0.048031
v 0.806359 0.089028 0.031720
v 0.722441 0.060884 0.048648
v -0.072987 -0.049011 0.029709
v -0.111687 -0.063958 0.048819
v -0.108211 -0.070348 0.068272
v -0.119229 -0.053036 0.029865
v -0.105222 -0.076237 0.090593
v -0.157938 -0.066672 0.050024
v -0.155813 -0.070923 0.069487
v -0.144337 -0.100209 0.107597
v -0.152157 -0.079222 0.091158
v -0.199888 -0.081872 0.091602
v -0.248684 -0.085811 0.091414
v -0.203147 -0.070848 0.070515
v -0.204498 -0.067863 0.050322
v -0.251847 -0.073920 0.070650
v -0.298878 -0.077495 0.070732
v -0.252995 -0.070780 0.050464
v -0.253241 -0.068129 0.030009
v -0.203962 -0.071636 0.030230
v -0.158416 -0.065881 0.029896
v -0.203045 -0.074860 0.010369
v -0.156411 -0.067958 0.009953
v -0.120466 -0.052176 0.009756
v -0.074693 -0.045795 0.009545
v -0.119248 -0.054616 -0.010319
v -0.155661 -0.069836 -0.009950
v -0.201669 -0.077292 -0.009659
v -0.073081 -0.048426 -0.010667
v -0.160811 -0.066690 -0.030209
v -0.116592 -0.058226 -0.030405
v -0.024755 -0.048911 -0.009951
v -0.069236 -0.056671 -0.029986
v -0.113936 -0.060591 -0.050565
v -0.066252 -0.060247 -0.050154
v -0.022428 -0.051860 -0.029931
v 0.020536 -0.041234 -0.010073
v 1.043072 0.123968 -0.065126
v 1.086015 0.136117 -0.066238
v 1.134406 0.142124 -0.065967
v 1.034190 0.135556 -0.046926
v 1.082139 0.142068 -0.046661
v 1.130680 0.146985 -0.046345
v 1.178487 0.153367 -0.046362
v 1.178891 0.152919 -0.066520
v 1.182419 0.147454 -0.086343
v 1.189579 0.138228 -0.104972
v 1.194249 0.130938 -0.126936
v 1.233220 0.149785 -0.106252
v 1.257204 0.116485 -0.141865
v 1.241068 0.138815 -0.127125
v 1.278648 0.087981 -0.146718
v 1.303648 0.124337 -0.142376
v 1.299947 0.059162 -0.153014
v 1.325121 0.095542 -0.146583
v 1.345745 0.067337 -0.154629
v 1.322407 0.030581 -0.160717
v 1.369044 0.037861 -0.159656
v 1.345850 0.000491 -0.162399
v 1.322148 -0.036663 -0.157060
v 1.393036 0.008147 -0.161669
v 1.344426 -0.066934 -0.157656
v 1.369008 -0.029464 -0.160876
v -0.346911 -0.077702 0.050752
v -0.347051 -0.080256 0.070950
v -0.299636 -0.072693 0.050509
v -0.298559 -0.075216 0.030266
v -0.346250 -0.079049 0.030487
v -0.395179 -0.079247 0.030692
v -0.298593 -0.074570 0.010221
v -0.346742 -0.077525 0.010423
v -0.251642 -0.070513 0.009741
v -0.394976 -0.080529 0.010532
v -0.345634 -0.082471 -0.009545
v -0.297433 -0.078475 -0.009836
v -0.250390 -0.075198 -0.010126
v -0.394048 -0.085604 -0.009305
v -0.443384 -0.088079 -0.009328
v -0.394290 -0.086953 -0.029427
v -0.443210 -0.086336 0.010779
v -0.492612 -0.084334 0.010501
v -0.444508 -0.081026 0.030687
v -0.395170 -0.079344 0.050893
v -0.395231 -0.082500 0.071032
v -0.444410 -0.084790 0.070829
v -0.442648 -0.097868 0.091196
v -0.393661 -0.094636 0.091925
v -0.344723 -0.092145 0.091909
v -1.057493 -0.096288 0.052435
v -1.115040 -0.093815 0.051776
v -1.172449 -0.089865 0.051315
v -1.231440 -0.094180 0.070785
v -1.056529 -0.092149 0.031459
v -1.114583 -0.093131 0.031092
v -1.172719 -0.090093 0.031061
v -1.228617 -0.090106 0.050450
v -1.114619 -0.091610 0.010751
v -1.230363 -0.091995 0.030725
v -0.999100 -0.095987 0.052256
v -1.055392 -0.091641 0.010221
v -1.173183 -0.091286 0.010935
v -0.938604 -0.100217 0.070697
v -1.114540 -0.093699 -0.008492
v -0.998577 -0.089384 0.031312
v -0.937497 -0.094840 0.050649
v -0.878664 -0.107776 0.091456
v -0.877104 -0.097938 0.069669
v -0.876717 -0.090283 0.049767
v -0.937438 -0.091459 0.029823
v -0.998493 -0.086904 0.010555
v -0.877096 -0.087972 0.029273
v -0.998317 -0.085243 -0.010194
v -0.938827 -0.088447 0.009833
v -0.816816 -0.087373 0.049575
v -0.817172 -0.095868 0.069523
v -0.818861 -0.108786 0.090224
v -0.819667 -0.128980 0.106939
v -0.760326 -0.108190 0.089792
v -0.760709 -0.130188 0.105223
v -0.820776 -0.156550 0.117141
v -0.881477 -0.156327 0.117510
v -0.760945 -0.157270 0.115472
v -0.702272 -0.130465 0.104083
v -0.761087 -0.187948 0.122078
v -0.701649 -0.158026 0.113372
v -0.701942 -0.107063 0.089802
v -0.700804 -0.187946 0.121170
v -0.643969 -0.129494 0.104105
v -0.642887 -0.158719 0.110992
v -0.699656 -0.219747 0.122901
v -0.640789 -0.188228 0.118272
v -0.698494 -0.250669 0.116610
v -0.638158 -0.219223 0.121300
v -0.635997 -0.250514 0.117546
v -0.577360 -0.218600 0.118739
v -0.634107 -0.282556 0.119844
v -0.573739 -0.250015 0.118802
v -0.570861 -0.281967 0.121907
v -0.295781 -0.085945 -0.049995
v -0.345743 -0.085242 -0.070068
v -0.345057 -0.087953 -0.049755
v -0.394927 -0.086001 -0.049679
v -0.344813 -0.087474 -0.029419
v -0.295834 -0.085935 -0.029387
v -0.248353 -0.083766 -0.029752
v -0.200799 -0.079785 -0.029887
v -0.200250 -0.079499 -0.050379
v -0.645401 -0.089818 0.070648
v -0.589492 -0.082368 0.050688
v -0.645448 -0.083630 0.050309
v -0.701779 -0.092090 0.069927
v -0.701669 -0.083651 0.049902
v -0.758750 -0.093887 0.069585
v -0.644939 -0.105274 0.090289
v -0.588990 -0.089185 0.070761
v -0.588160 -0.104451 0.090393
v -0.537582 -0.125859 0.105309
v -0.487964 -0.123877 0.105323
v -0.540013 -0.102917 0.090548
v -0.541168 -0.088655 0.070630
v -0.438338 -0.121375 0.105638
v -0.491394 -0.100631 0.090808
v -0.492771 -0.086839 0.070741
v -0.541668 -0.081453 0.050885
v -0.493318 -0.080404 0.050914
v -0.444785 -0.078956 0.050976
v -0.492833 -0.084874 0.030725
v -0.541632 -0.085175 0.030519
v -0.589764 -0.084417 0.030317
v -0.541506 -0.083964 0.010341
v -0.645798 -0.087617 0.029819
v -0.590066 -0.085652 0.010284
v -0.492411 -0.085630 -0.009682
v -0.541167 -0.086196 -0.009918
v -0.590079 -0.085088 -0.010093
v -0.646423 -0.089117 0.009765
v -0.702095 -0.085244 0.029126
v -0.647216 -0.090722 -0.010499
v -0.758474 -0.085677 0.049468
v -0.759065 -0.083201 0.028671
v -0.703696 -0.089152 0.008968
v -0.817457 -0.084296 0.028814
v -0.760507 -0.085010 0.008341
v -0.705276 -0.091019 -0.011101
v -0.878910 -0.084136 0.009216
v -0.819163 -0.083684 0.008374
v -0.940156 -0.083948 -0.009921
v -0.880437 -0.085996 -0.010817
v -0.762611 -0.086817 -0.011594
v -0.941427 -0.085664 -0.029831
v -0.821063 -0.085321 -0.011492
v -1.466592 -0.088938 -0.029761
v -1.409747 -0.089444 -0.069773
v -1.408724 -0.089205 -0.049686
v -1.351873 -0.092073 -0.069647
v -1.520808 -0.092827 -0.010271
v -1.407886 -0.087656 -0.029692
v -1.350508 -0.091847 -0.049562
v -1.465688 -0.086377 -0.009703
v -1.519357 -0.094209 0.008787
v -1.584526 -0.092688 0.010109
v -1.463971 -0.087977 0.010327
v -1.407282 -0.088584 -0.009526
v -1.349442 -0.091200 -0.029644
v -1.630110 -0.084948 0.029399
v -1.649945 -0.100686 0.049547
v -1.629075 -0.083792 0.049318
v -1.651394 -0.099840 0.069282
v -1.582174 -0.084567 0.029434
v -1.629330 -0.083279 0.070850
v -1.651652 -0.107115 0.091038
v -1.580835 -0.082356 0.049545
v -1.629347 -0.092680 0.097105
v -1.652113 -0.128580 0.107089
v -1.581433 -0.082655 0.071134
v -1.518130 -0.087723 0.046388
v -1.518187 -0.089366 0.027624
v -1.463073 -0.087567 0.030115
v -1.518506 -0.089851 0.067031
v -1.466687 -0.090805 0.049331
v -1.518592 -0.100471 0.091791
v -1.405788 -0.085765 0.010448
v -1.406543 -0.090467 0.049956
v -1.466461 -0.097538 0.069182
v -1.349493 -0.090496 -0.009454
v -1.404988 -0.084623 0.030428
v -1.291336 -0.093787 -0.029358
v -1.348750 -0.090664 0.010608
v -1.290598 -0.092963 -0.009307
v -1.347243 -0.087744 0.030482
v -1.290389 -0.091889 0.010721
v -1.342198 -0.089300 0.050651
v -1.288137 -0.090697 0.030340
v -1.231864 -0.091095 -0.009280
v -1.232453 -0.092732 -0.029239
v -1.231625 -0.090909 0.010837
v -1.283874 -0.091672 0.049751
v -1.173565 -0.093087 -0.009129
v -1.286474 -0.095647 0.070295
v -1.173984 -0.096092 -0.029250
v -1.115028 -0.093595 -0.029634
v -1.291769 -0.103829 0.092151
v -1.341601 -0.099410 0.071143
v -1.404076 -0.101497 0.069857
v -1.348447 -0.105703 0.092216
v -1.292251 -0.125826 0.108338
v -1.406751 -0.106198 0.091871
v -1.464868 -0.105752 0.091537
v -1.350584 -0.125989 0.108618
v -1.408271 -0.126790 0.108417
v -1.465973 -0.127578 0.107961
v -1.408179 -0.156192 0.115489
v -1.520401 -0.126814 0.111068
v -1.466101 -0.156998 0.114955
v -1.582455 -0.092419 0.097281
v -1.583574 -0.119607 0.117847
v -1.583260 -0.155160 0.125608
v -1.631120 -0.119936 0.117655
v -1.631018 -0.155449 0.125312
v -0.944426 -0.093539 -0.090147
v -0.996563 -0.093300 -0.071375
v -0.939836 -0.088521 -0.070087
v -0.997686 -0.085647 -0.049903
v -0.886482 -0.096070 -0.110856
v -0.951249 -0.095838 -0.110759
v -0.995758 -0.093710 -0.090100
v -1.053701 -0.091493 -0.070435
v -0.952777 -0.102479 -0.132681
v -1.004338 -0.095238 -0.110671
v -1.054828 -0.095349 -0.091014
v -1.062387 -0.094292 -0.110850
v -1.061039 -0.103874 -0.132620
v -1.123605 -0.101889 -0.133900
v -1.119755 -0.094789 -0.110383
v -1.116622 -0.095087 -0.090313
v -1.179876 -0.096236 -0.109772
v -1.177882 -0.094449 -0.089686
v -1.116634 -0.094920 -0.069731
v -1.236331 -0.093384 -0.089638
v -1.293179 -0.092549 -0.069421
v -1.235149 -0.094061 -0.069194
v -1.292549 -0.094117 -0.050659
v -1.232543 -0.095254 -0.050769
v -1.176509 -0.096920 -0.069245
v -1.174280 -0.095714 -0.050781
v -1.117774 -0.090602 -0.049009
v -1.057694 -0.088969 -0.048329
v -1.056228 -0.086584 -0.030433
v -0.998714 -0.085390 -0.029903
v -1.053971 -0.090707 -0.010859
v 0.519072 0.048408 0.010375
v 0.478683 0.034598 0.009987
v 0.520138 0.048009 -0.009765
v 0.477143 0.036512 -0.009974
v 0.389119 0.014185 0.009330
v 0.567026 0.056323 -0.009377
v 0.432697 0.026347 -0.010321
v 0.346633 -0.000357 0.028104
v 0.386712 0.017520 -0.010455
v 0.339516 0.010945 0.009597
v 0.296573 -0.003630 0.028639
v 0.300441 -0.009246 0.048231
v 0.302950 -0.012262 0.067964
v 0.307515 -0.019093 0.089976
v 0.260503 -0.027209 0.089567
v 0.368310 -0.032126 0.106499
v 0.254559 -0.018008 0.068145
v 0.250020 -0.010451 0.049054
v 0.321171 -0.039720 0.106410
v 0.435220 -0.053160 0.112415
v 0.387500 -0.060554 0.113024
v 0.481918 -0.044857 0.113980
v 0.529277 -0.036821 0.114685
v 0.502029 -0.074417 0.118740
v 0.454845 -0.082450 0.117724
v 0.576755 -0.028927 0.114957
v 0.549635 -0.066365 0.119475
v 0.597442 -0.058591 0.119234
v 0.624346 -0.021055 0.115132
v 0.645170 -0.050636 0.119349
v 0.618032 -0.088523 0.122687
v 0.671930 -0.012686 0.116201
v 0.693004 -0.042308 0.120541
v 0.665874 -0.080500 0.123013
v 0.713793 -0.072484 0.122709
v 0.734416 -0.102754 0.122523
v 0.686738 -0.110787 0.123957
v 0.638777 -0.118837 0.124082
v 0.570082 -0.096493 0.122659
v 0.522201 -0.104491 0.122477
v 0.590901 -0.126850 0.123247
v 0.543238 -0.134873 0.121785
v 0.474411 -0.112586 0.121830
v 0.407289 -0.090333 0.117099
v 0.427040 -0.120662 0.120057
v 0.340606 -0.068493 0.112226
v 0.360856 -0.098554 0.114157
v 0.274519 -0.047911 0.105632
v 0.226871 -0.054883 0.106326
v 0.214135 -0.035929 0.088809
v 0.212472 -0.031055 0.066428
v 0.202340 -0.017845 0.048863
v 0.246488 -0.004401 0.029665
v 0.197053 -0.008660 0.029898
v 0.290901 0.005971 0.009724
v 0.242113 0.001144 0.009823
v 0.193596 -0.004180 0.010016
v 0.144548 -0.008260 0.010344
v 0.192282 -0.003283 -0.010161
v 0.100590 -0.017510 0.009985
v 0.143550 -0.008125 -0.010025
v 0.064019 -0.031943 0.009630
v 0.098915 -0.016167 -0.010052
v 0.144295 -0.010231 -0.030202
v 0.242464 -0.000509 -0.010273
v 0.146127 -0.013125 -0.050273
v 0.192672 -0.004445 -0.030276
v 0.240828 0.002212 -0.030318
v 0.289156 0.008274 -0.010381
v 0.147929 -0.014399 -0.070488
v 0.194770 -0.007367 -0.050321
v 0.154409 -0.023584 -0.089643
v 0.197078 -0.010143 -0.070311
v 0.241812 0.000639 -0.050475
v 0.158296 -0.028810 -0.109332
v 0.200129 -0.013526 -0.090373
v 0.204864 -0.020446 -0.109777
v 0.212347 -0.031848 -0.130525
v 0.246973 -0.006565 -0.069929
v 0.289330 0.007506 -0.050501
v 0.249182 -0.008952 -0.090016
v 0.291852 0.004038 -0.070460
v 0.290667 0.005209 -0.030371
v 0.338825 0.011653 -0.050350
v 0.252159 -0.012868 -0.109869
v 0.298114 -0.003614 -0.089788
v 0.338947 0.011743 -0.070425
v 0.299412 -0.005425 -0.109871
v 0.259296 -0.023699 -0.130917
v 0.274276 -0.046355 -0.145476
v 0.343715 0.006040 -0.090001
v 0.321188 -0.038228 -0.145768
v 0.306289 -0.015620 -0.131098
v 0.346536 0.002255 -0.109819
v 0.384802 0.020989 -0.070485
v 0.388667 0.016136 -0.090236
v 0.353279 -0.007739 -0.131096
v 0.368189 -0.030135 -0.145933
v 0.387856 -0.059158 -0.150551
v 0.434348 -0.050960 -0.151506
v 0.415017 -0.022083 -0.146255
v 0.394605 0.008721 -0.109313
v 0.434968 0.024998 -0.090307
v 0.430812 0.029924 -0.070361
v 0.476798 0.038357 -0.070251
v 0.385445 0.019839 -0.050349
v 0.434030 0.025959 -0.050333
v 0.476109 0.038877 -0.050011
v 0.524436 0.044923 -0.049791
v 0.340056 0.009183 -0.030437
v 0.388269 0.015878 -0.030525
v 0.433620 0.025729 -0.030336
v 0.479550 0.034511 -0.030115
v 0.336990 0.014654 -0.010544
v 0.525215 0.043658 -0.029724
v 0.570024 0.054397 -0.049447
v 0.569480 0.054540 -0.029431
v 0.611302 0.067705 -0.029193
v -0.881736 -0.083922 -0.030538
v -0.764443 -0.090824 -0.031200
v -0.705911 -0.091115 -0.031223
v -0.647568 -0.087176 -0.030836
v -0.706278 -0.086821 -0.051544
v -0.822534 -0.085424 -0.031211
v -0.765159 -0.090879 -0.051334
v -0.824446 -0.089158 -0.050848
v -0.646852 -0.087876 -0.051491
v -0.589222 -0.086981 -0.030689
v -0.588875 -0.093003 -0.051046
v -0.646886 -0.092948 -0.072250
v -0.588487 -0.095135 -0.071631
v -0.540723 -0.089329 -0.030283
v -0.539852 -0.093955 -0.050679
v -0.539934 -0.093210 -0.071192
v -0.492135 -0.088931 -0.029928
v -0.491706 -0.091256 -0.050278
v -0.491333 -0.094501 -0.070538
v -0.443561 -0.087706 -0.029575
v -0.491906 -0.095842 -0.090713
v -0.443480 -0.089740 -0.049836
v -0.443985 -0.089392 -0.070183
v -0.444343 -0.091584 -0.090154
v -0.395433 -0.086381 -0.069944
v -0.396741 -0.085589 -0.090246
v -0.446312 -0.090999 -0.110132
v -0.494206 -0.093366 -0.110549
v -0.540708 -0.094565 -0.091261
v -0.542220 -0.095124 -0.111011
v -0.588766 -0.095076 -0.092074
v -0.590828 -0.096110 -0.111935
v -0.646796 -0.091392 -0.093044
v -0.649005 -0.095503 -0.113261
v -0.705628 -0.089109 -0.072668
v -0.705986 -0.093483 -0.093317
v -0.707836 -0.094845 -0.113842
v -0.765133 -0.089971 -0.072138
v -0.765165 -0.093228 -0.092923
v -0.826458 -0.096847 -0.111809
v -0.825206 -0.092995 -0.091827
v -0.824531 -0.087791 -0.071451
v -0.884918 -0.090676 -0.091038
v -0.883678 -0.086836 -0.070599
v -0.882962 -0.084918 -0.050458
v -0.939314 -0.084537 -0.050185
vn 0.6627 0.5708 0.4848
vn 0.4636 0.3367 0.8196
vn 0.4595 0.3643 0.8100
vn 0.6601 0.5443 0.5176
vn 0.4449 0.3512 0.8238
vn 0.7257 0.6026 0.3320
vn 0.7070 0.5815 0.4025
vn 0.7720 0.5929 0.2290
vn 0.7692 0.5478 0.3289
vn 0.7941 0.5550 0.2479
vn 0.7890 0.5853 0.1870
vn 0.7757 0.5444 0.3192
vn 0.8295 0.5416 0.1364
vn 0.6853 0.4995 0.5299
vn 0.4516 0.3388 0.8254
vn 0.8189 0.5335 0.2116
vn 0.6950 0.5367 0.4785
vn 0.4493 0.3593 0.8179
vn 0.9376 0.3421 0.0617
vn 0.8223 0.3711 0.4315
vn 0.4849 0.2362 0.8420
vn 0.8732 -0.3313 0.3575
vn 0.5369 -0.1968 0.8204
vn 0.8875 0.4605 0.0197
vn 0.8620 0.4799 0.1633
vn 0.3489 -0.6337 0.6905
vn 0.9534 0.2879 -0.0903
vn 0.9279 -0.3728 0.0095
vn 0.9271 0.3749 0.0013
vn 0.9427 -0.3292 -0.0537
vn 0.4794 -0.8775 0.0117
vn 0.9579 0.2768 -0.0766
vn 0.9619 -0.2715 -0.0322
vn 0.9424 0.3171 0.1059
vn 0.8937 0.4276 0.1360
vn 0.8087 0.5766 0.1168
vn 0.7384 0.6739 -0.0266
vn 0.7597 0.6214 -0.1916
vn 0.7507 0.6570 -0.0689
vn 0.7098 0.6955 -0.1115
vn 0.7430 0.6590 -0.1172
vn 0.7101 0.6990 -0.0845
vn 0.7848 0.6138 -0.0855
vn 0.7188 0.6857 -0.1146
vn 0.7257 0.6661 -0.1722
vn 0.6898 0.7075 -0.1535
vn 0.7079 0.6758 -0.2052
vn 0.7104 0.6938 -0.1182
vn 0.6993 0.6818 -0.2147
vn 0.7486 0.6559 -0.0968
vn 0.7602 0.6436 -0.0884
vn 0.8864 0.4618 0.0328
vn 0.8591 0.5091 -0.0526
vn 0.8576 0.4970 -0.1321
vn 0.9191 0.3481 0.1847
vn 0.9092 0.4163 0.0013
vn 0.6438 0.5520 -0.5299
vn 0.3753 0.3622 -0.8532
vn 0.6061 0.5933 -0.5298
vn 0.4005 0.3786 -0.8344
vn 0.7295 0.6312 -0.2635
vn 0.8265 0.5114 -0.2353
vn 0.8819 0.4518 -0.1348
vn 0.5980 0.5882 -0.5445
vn 0.4474 0.3069 -0.8400
vn 0.6650 0.5380 -0.5181
vn 0.4278 0.4171 -0.8019
vn 0.6344 0.6817 -0.3644
vn 0.2871 0.7039 -0.6497
vn 0.3672 0.9060 -0.2105
vn 0.3724 0.9281 0.0057
vn 0.7170 0.6758 -0.1709
vn 0.6321 0.7731 -0.0535
vn 0.3691 0.9291 0.0205
vn 0.5950 0.8021 -0.0516
vn 0.3497 0.9368 -0.0121
vn 0.5642 0.8187 -0.1072
vn 0.3251 0.9453 -0.0261
vn 0.5449 0.8321 -0.1033
vn 0.3163 0.9486 0.0055
vn 0.6869 0.7140 -0.1355
vn 0.5223 0.8523 -0.0275
vn 0.3235 0.9461 -0.0165
vn 0.5131 0.8582 0.0178
vn 0.6931 0.7036 -0.1563
vn 0.3279 0.9438 -0.0419
vn 0.5427 0.8392 0.0356
vn 0.6673 0.7446 0.0141
vn 0.8116 0.5822 0.0480
vn 0.6753 0.6995 0.2336
vn 0.5985 0.7953 0.0965
vn 0.3384 0.9394 -0.0550
vn 0.6176 0.7089 0.3406
vn 0.3605 0.9219 0.1419
vn 0.2879 0.7216 0.6296
vn 0.4107 0.4408 0.7981
vn 0.7241 0.5946 0.3494
vn 0.7182 0.4996 0.4843
vn 0.4404 0.3111 0.8422
vn 0.7751 0.5119 0.3703
vn 0.7361 0.4803 0.4769
vn 0.7215 0.4760 0.5029
vn -0.9631 0.2371 0.1272
vn -0.8831 -0.4623 0.0800
vn -0.9187 -0.3796 0.1092
vn -0.8244 -0.1075 -0.5558
vn -0.8600 -0.0892 -0.5024
vn -0.7578 -0.0604 -0.6497
vn -0.9648 0.1801 -0.1916
vn -0.9023 -0.4308 -0.0173
vn -0.9419 0.0647 -0.3297
vn -0.9817 0.1890 0.0213
vn -0.8960 -0.1420 -0.4207
vn -0.9537 0.0231 -0.3000
vn -0.8584 -0.1941 -0.4748
vn -0.8331 0.0242 -0.5526
vn -0.9814 -0.0134 -0.1913
vn -0.9930 0.0927 -0.0730
vn -0.8679 -0.4962 0.0246
vn -0.9623 -0.1613 -0.2190
vn -0.9935 -0.0761 0.0845
vn -0.9918 0.0697 0.1074
vn -0.8577 -0.5082 0.0782
vn -0.9869 -0.1608 0.0128
vn -0.9888 -0.1070 0.1042
vn -0.9912 0.0885 0.0986
vn -0.8672 -0.4916 0.0788
vn -0.9777 -0.2008 0.0609
vn -0.9803 -0.1496 -0.1291
vn -0.9992 0.0388 -0.0101
vn -0.8767 -0.4752 0.0743
vn -0.9909 -0.1322 -0.0243
vn -0.9901 -0.1403 -0.0101
vn -0.9980 -0.0617 -0.0100
vn -0.8863 -0.4597 0.0565
vn -0.9938 -0.0782 0.0788
vn -0.8955 -0.4438 0.0331
vn -0.9924 0.0156 0.1217
vn -0.9869 -0.0922 0.1325
vn -0.9999 -0.0055 -0.0112
vn -0.8703 -0.4834 0.0946
vn -0.8068 -0.4519 0.3806
vn -0.9918 0.0531 -0.1159
vn -0.7349 -0.2443 0.6326
vn -0.9985 0.0492 -0.0245
vn -0.7556 -0.0074 0.6550
vn -0.9927 -0.0406 0.1132
vn -0.9964 0.0240 0.0819
vn -0.9891 0.1070 0.1014
vn -0.8165 0.1048 0.5678
vn -0.9748 0.0297 0.2212
vn -0.9811 0.1559 0.1150
vn -0.8569 0.1018 0.5054
vn -0.8844 0.0424 0.4647
vn -0.9904 -0.0468 0.1299
vn -0.9178 0.1021 0.3838
vn -0.9967 0.0721 0.0359
vn -0.9838 -0.1583 0.0838
vn -0.8593 -0.0505 0.5089
vn -0.8725 0.1016 0.4779
vn -0.9358 0.0188 0.3521
vn -0.9948 -0.0407 0.0933
vn -0.8859 -0.1615 0.4349
vn -0.9250 -0.0578 0.3756
vn -0.9923 0.0239 0.1217
vn -0.9969 -0.0596 -0.0503
vn -0.9994 -0.0283 -0.0216
vn -0.9934 -0.0302 0.1104
vn -0.9988 0.0262 0.0417
vn -0.9962 -0.0826 -0.0273
vn -0.9900 -0.1320 0.0500
vn -0.9530 0.0130 0.3026
vn -0.9252 -0.0695 0.3730
vn -0.9672 -0.2009 -0.1557
vn -0.9769 -0.1017 0.1878
vn -0.9781 -0.1223 -0.1683
vn -0.9682 -0.0499 0.2451
vn -0.9697 -0.0275 -0.2427
vn -0.9356 0.0267 -0.3520
vn -0.9843 -0.0899 0.1520
vn -0.9419 -0.1803 0.2835
vn -0.7779 0.1024 -0.6200
vn -0.7821 0.0960 -0.6157
vn -0.8654 0.0416 -0.4994
vn -0.7537 0.0998 -0.6496
vn -0.9470 -0.0650 -0.3147
vn -0.8691 0.0566 -0.4913
vn -0.7952 0.0663 -0.6028
vn -0.9683 -0.2239 -0.1111
vn -0.9974 -0.0639 -0.0332
vn -0.8299 0.1331 -0.5418
vn -0.9003 -0.0468 -0.4327
vn -0.9395 0.3423 0.0096
vn -0.8783 0.4522 -0.1552
vn -0.8888 0.1407 -0.4361
vn -0.7805 0.6058 -0.1547
vn -0.9769 0.1449 -0.1569
vn -0.9552 0.2474 -0.1625
vn -0.7066 0.7052 -0.0573
vn -0.9457 -0.0589 0.3196
vn -0.9095 0.1149 0.3996
vn -0.9467 0.1611 0.2790
vn -0.6886 0.7229 0.0564
vn -0.9831 -0.1582 0.0923
vn -0.9306 0.1133 0.3481
vn -0.9932 -0.0573 0.1017
vn -0.8296 0.1455 0.5390
vn -0.9551 0.2495 0.1597
vn -0.9801 -0.0897 0.1770
vn -0.9553 0.2842 0.0821
vn -0.9246 -0.1853 0.3329
vn -0.8521 -0.0119 0.5233
vn -0.7437 0.6340 0.2119
vn -0.9188 0.2746 0.2835
vn -0.9099 -0.0782 0.4073
vn -0.8474 0.4764 0.2344
vn -0.9297 0.3514 0.1103
vn -0.9888 -0.0945 0.1156
vn -0.9236 0.3816 0.0366
vn -0.9462 0.3101 0.0925
vn -0.9855 -0.1668 -0.0300
vn -0.9064 0.4207 0.0387
vn -0.8726 0.3883 0.2961
vn -0.9273 -0.2252 -0.2989
vn -0.8594 0.2278 0.4578
vn -0.9740 0.1611 -0.1594
vn -0.8233 0.0966 0.5593
vn -0.7887 0.0060 0.6148
vn -0.9813 0.1372 0.1348
vn -0.7962 -0.0871 0.5987
vn -0.9407 0.2622 0.2151
vn -0.9555 -0.1927 0.2235
vn -0.9240 -0.1931 0.3301
vn -0.8485 0.4410 -0.2924
vn -0.7572 0.2200 -0.6151
vn -0.9180 -0.2567 0.3022
vn -0.9105 0.4086 0.0630
vn -0.8799 -0.2116 0.4255
vn -0.8176 -0.0185 -0.5754
vn -0.9488 -0.2037 0.2414
vn -0.8651 -0.1546 0.4773
vn -0.9354 -0.0920 -0.3413
vn -0.9928 -0.1115 0.0444
vn -0.8718 -0.0978 0.4800
vn -0.9862 -0.0819 -0.1438
vn -0.9985 -0.0534 -0.0071
vn -0.9792 -0.0154 -0.2023
vn -0.8937 -0.0523 0.4457
vn -0.9980 0.0617 0.0101
vn -0.9197 0.0010 -0.3926
vn -0.8999 0.0737 0.4299
vn -0.9742 0.1796 -0.1368
vn -0.7462 0.0449 -0.6642
vn -0.9168 0.0068 -0.3993
vn -0.8695 0.2207 0.4418
vn -0.9015 0.1891 -0.3892
vn -0.8621 0.3125 0.3989
vn -0.8029 0.0287 -0.5954
vn -0.9845 0.0961 -0.1464
vn -0.9200 0.2357 0.3131
vn -0.7619 -0.2480 -0.5983
vn -0.9392 0.2699 0.2123
vn -0.9627 0.1166 0.2440
vn -0.8297 -0.4737 -0.2952
vn -0.8904 0.2577 0.3752
vn -0.9230 0.1791 0.3405
vn 0.9582 0.2685 0.0990
vn 0.9425 0.3295 -0.0565
vn 0.9405 0.2561 0.2233
vn 0.8861 -0.4578 0.0723
vn 0.8707 -0.4917 0.0117
vn 0.9541 0.2818 0.1014
vn 0.4014 -0.9138 -0.0616
vn 0.9232 -0.3734 0.0908
vn 0.3831 -0.9235 0.0191
vn 0.9575 -0.2848 0.0459
vn 0.4425 -0.8932 -0.0798
vn 0.2395 -0.9659 -0.0980
vn 0.4813 -0.8765 0.0100
vn 0.2263 -0.9686 -0.1029
vn 0.4738 -0.8799 -0.0352
vn 0.2180 -0.9749 -0.0458
vn 0.2262 -0.9740 -0.0095
vn 0.4791 -0.8774 0.0227
vn 0.2370 -0.9713 0.0199
vn 0.1691 -0.9856 -0.0077
vn 0.2346 -0.9719 0.0213
vn 0.4637 -0.8551 0.2320
vn 0.2223 -0.9535 0.2033
vn 0.1727 -0.9840 0.0445
vn 0.1732 -0.7373 0.6530
vn 0.1534 -0.9871 -0.0469
vn 0.1553 -0.9631 0.2197
vn 0.1673 -0.9779 -0.1257
vn 0.1360 -0.7785 -0.6128
vn 0.1663 -0.9763 -0.1383
vn 0.1364 -0.7794 -0.6115
vn 0.1605 -0.9839 -0.0793
vn 0.1612 -0.9852 -0.0583
vn 0.1655 -0.9744 -0.1520
vn 0.1336 -0.7778 -0.6141
vn 0.1620 -0.9825 -0.0920
vn 0.1612 -0.9736 -0.1614
vn 0.1300 -0.7736 -0.6202
vn 0.1445 -0.9490 -0.2801
vn 0.1444 -0.9600 -0.2400
vn 0.1512 -0.9433 -0.2954
vn 0.1588 -0.9732 -0.1664
vn 0.1303 -0.7680 -0.6270
vn 0.1620 -0.9824 -0.0933
vn 0.1601 -0.9455 -0.2835
vn 0.1585 -0.9720 -0.1737
vn 0.1298 -0.7626 -0.6337
vn 0.1610 -0.9831 -0.0877
vn 0.1654 -0.9524 -0.2561
vn 0.1572 -0.9697 -0.1870
vn 0.1252 -0.7610 -0.6365
vn 0.1600 -0.9839 -0.0793
vn 0.1638 -0.9599 -0.2277
vn 0.1555 -0.9673 -0.2006
vn 0.1211 -0.7606 -0.6379
vn 0.1611 -0.9850 -0.0625
vn 0.1653 -0.9657 -0.2003
vn 0.1531 -0.9682 -0.1977
vn 0.1243 -0.7527 -0.6466
vn 0.1622 -0.9860 -0.0373
vn 0.1738 -0.9711 -0.1638
vn 0.1504 -0.9682 -0.2001
vn 0.1271 -0.7460 -0.6537
vn 0.1664 -0.9861 -0.0036
vn 0.1764 -0.9772 -0.1179
vn 0.1541 -0.9630 -0.2209
vn 0.1223 -0.7401 -0.6613
vn 0.1596 -0.9863 0.0414
vn 0.1568 -0.9628 -0.2199
vn 0.1146 -0.7236 -0.6806
vn 0.1569 -0.9843 0.0805
vn 0.1491 -0.9708 -0.1878
vn 0.1127 -0.7008 -0.7044
vn 0.1737 -0.9776 0.1191
vn 0.1397 -0.9742 -0.1774
vn 0.1119 -0.6852 -0.7197
vn 0.1654 -0.9729 0.1617
vn 0.1443 -0.9681 -0.2050
vn 0.1090 -0.6895 -0.7160
vn 0.1299 -0.9780 0.1630
vn 0.1219 -0.9867 0.1080
vn 0.1613 -0.9617 -0.2217
vn 0.1185 -0.7024 -0.7019
vn 0.1554 -0.9870 0.0399
vn 0.1668 -0.9584 -0.2318
vn 0.1209 -0.7237 -0.6795
vn 0.1580 -0.9874 -0.0077
vn 0.1655 -0.9531 -0.2535
vn 0.1163 -0.7469 -0.6547
vn 0.1892 -0.9607 -0.2031
vn 0.1771 -0.7406 -0.6482
vn 0.1753 -0.9845 -0.0064
vn 0.2439 -0.9625 -0.1188
vn 0.3497 -0.6465 -0.6780
vn 0.2469 -0.9660 0.0763
vn 0.4412 -0.8831 -0.1598
vn 0.8473 -0.3842 -0.3667
vn 0.5278 -0.2188 -0.8207
vn 0.4068 -0.9098 0.0823
vn 0.4644 0.1906 -0.8649
vn 0.2574 -0.9566 0.1364
vn 0.8459 0.3184 -0.4278
vn 0.3990 0.3041 -0.8651
vn 0.8841 -0.4649 -0.0486
vn 0.7558 0.4821 -0.4432
vn 0.3753 0.3050 -0.8753
vn 0.9291 0.3555 -0.1021
vn 0.6968 0.5041 -0.5103
vn 0.3715 0.3143 -0.8736
vn 0.8642 0.4867 -0.1276
vn -0.8232 0.0966 0.5594
vn -0.7886 0.0060 0.6149
vn -0.2068 -0.0004 0.9784
vn -0.2175 0.0046 0.9760
vn 0.0294 0.0375 0.9989
vn -0.7961 -0.0871 0.5989
vn 0.0806 0.1361 0.9874
vn 0.0577 0.0943 0.9939
vn 0.0376 0.0835 0.9958
vn 0.0015 0.0480 0.9988
vn -0.2344 0.0098 0.9721
vn -0.0138 0.0210 0.9997
vn -0.8593 -0.0505 0.5091
vn 0.0754 0.0593 0.9954
vn 0.0447 0.0808 0.9957
vn 0.0446 0.0218 0.9988
vn -0.2363 0.0157 0.9716
vn -0.8844 0.0424 0.4649
vn -0.0104 -0.0046 0.9999
vn -0.2155 0.0236 0.9762
vn -0.8567 0.1018 0.5056
vn -0.8164 0.1048 0.5679
vn 0.0071 -0.0224 0.9997
vn -0.1886 0.0189 0.9819
vn -0.7554 -0.0074 0.6552
vn 0.0371 -0.0375 0.9986
vn -0.1658 -0.0804 0.9829
vn -0.7348 -0.2443 0.6327
vn 0.0644 -0.1099 0.9919
vn -0.1690 -0.3601 0.9175
vn -0.8067 -0.4520 0.3807
vn 0.0773 -0.3611 0.9293
vn 0.1016 -0.1289 0.9864
vn 0.1104 -0.3402 0.9339
vn 0.0870 -0.0921 0.9919
vn -0.2078 -0.7325 0.6483
vn 0.0653 -0.0669 0.9956
vn 0.0767 -0.7339 0.6749
vn -0.2526 -0.9397 0.2307
vn -0.8702 -0.4836 0.0947
vn 0.0658 -0.9643 0.2567
vn 0.1206 -0.7274 0.6756
vn -0.2744 -0.9610 0.0356
vn -0.8954 -0.4440 0.0330
vn 0.0565 -0.9974 0.0439
vn 0.1256 -0.9651 0.2299
vn -0.2680 -0.9630 0.0280
vn -0.8862 -0.4599 0.0565
vn 0.0542 -0.9985 0.0115
vn -0.8767 -0.4753 0.0743
vn 0.1291 -0.9907 0.0421
vn -0.2559 -0.9661 0.0351
vn -0.8672 -0.4917 0.0788
vn 0.0635 -0.9979 -0.0142
vn 0.1356 -0.9908 -0.0048
vn 0.0612 -0.9980 0.0156
vn 0.0747 -0.9970 0.0183
vn 0.0747 -0.9970 -0.0224
vn 0.1337 -0.9903 -0.0367
vn 0.0663 -0.9976 0.0183
vn -0.2466 -0.9683 0.0408
vn 0.1228 -0.9919 0.0324
vn 0.0662 -0.9956 0.0656
vn -0.2514 -0.9667 0.0484
vn -0.8576 -0.5083 0.0782
vn 0.0312 -0.9938 0.1067
vn -0.2679 -0.9618 0.0563
vn -0.8678 -0.4963 0.0246
vn 0.0394 -0.9943 0.0988
vn 0.0975 -0.9844 0.1462
vn 0.0691 -0.9818 0.1769
vn -0.2855 -0.9569 0.0539
vn -0.9022 -0.4310 -0.0173
vn 0.0184 -0.9977 0.0651
vn 0.0762 -0.9965 0.0333
vn 0.0138 -0.9796 0.2004
vn 0.3752 0.3050 -0.8753
vn 0.1324 0.1633 -0.9776
vn 0.1137 0.1240 -0.9857
vn 0.0435 0.1324 -0.9902
vn 0.3714 0.3143 -0.8737
vn 0.0384 0.1125 -0.9929
vn 0.0329 0.0971 -0.9947
vn 0.1265 0.0774 -0.9889
vn 0.3752 0.3622 -0.8533
vn 0.0422 0.1404 -0.9892
vn 0.0321 0.0203 -0.9993
vn 0.0341 -0.0182 -0.9993
vn 0.1667 0.0922 -0.9817
vn 0.4005 0.3785 -0.8345
vn 0.0578 0.1522 -0.9867
vn 0.0299 -0.1136 -0.9931
vn 0.0398 0.0147 -0.9991
vn 0.0560 -0.0855 -0.9948
vn 0.2048 0.1478 -0.9676
vn 0.2139 0.1436 -0.9662
vn 0.4474 0.3069 -0.8401
vn 0.0774 -0.0214 -0.9968
vn 0.0309 -0.1151 -0.9929
vn 0.0584 0.0863 -0.9946
vn 0.0185 -0.1040 -0.9944
vn 0.0605 0.1053 -0.9926
vn 0.0306 -0.2075 -0.9778
vn 0.0449 0.0047 -0.9990
vn 0.0762 0.1372 -0.9876
vn 0.0443 -0.0527 -0.9976
vn 0.0857 0.0215 -0.9961
vn 0.0268 -0.0926 -0.9953
vn 0.0683 -0.0242 -0.9974
vn 0.0055 -0.0032 -1.0000
vn 0.0114 0.0110 -0.9999
vn 0.0765 0.0637 -0.9950
vn -0.0072 0.1482 -0.9889
vn 0.0461 0.1582 -0.9863
vn -0.1190 0.9709 0.2080
vn -0.0611 0.9937 -0.0938
vn -0.1050 0.9909 -0.0841
vn -0.1171 0.9794 -0.1648
vn -0.1232 0.9905 -0.0613
vn -0.1075 0.9831 -0.1481
vn -0.1315 0.9892 -0.0643
vn -0.1325 0.9561 0.2613
vn -0.1520 0.9476 0.2809
vn -0.1183 0.9927 -0.0255
vn -0.1282 0.9910 -0.0394
vn -0.0766 0.9967 -0.0278
vn -0.0746 0.9928 -0.0941
vn -0.0851 0.9959 -0.0293
vn 0.0771 0.9969 -0.0183
vn 0.0846 0.9958 -0.0347
vn 0.3163 0.9487 0.0055
vn 0.3234 0.9461 -0.0165
vn 0.0869 0.9950 -0.0497
vn 0.3278 0.9438 -0.0419
vn 0.0887 0.9916 -0.0945
vn 0.3383 0.9394 -0.0551
vn -0.0725 0.9883 0.1343
vn 0.0864 0.9931 0.0795
vn 0.3604 0.9219 0.1419
vn 0.0719 0.8348 0.5458
vn 0.1031 0.4658 0.8788
vn -0.0671 0.7940 0.6042
vn -0.0147 0.3916 0.9200
vn 0.0269 0.1006 0.9946
vn -0.1109 0.7541 0.6473
vn -0.0628 0.3550 0.9328
vn -0.1146 0.7316 0.6720
vn -0.0131 0.0816 0.9966
vn 0.0344 0.0146 0.9993
vn 0.0257 0.0353 0.9990
vn -0.0604 0.3413 0.9380
vn -0.1141 0.7210 0.6835
vn -0.0512 0.3498 0.9354
vn -0.0072 0.1351 0.9908
vn -0.1111 0.7231 0.6818
vn -0.1502 0.9507 0.2713
vn -0.0534 0.3521 0.9345
vn -0.0196 0.1572 0.9874
vn -0.1181 0.7221 0.6817
vn -0.0215 0.1019 -0.9946
vn 0.0052 0.0831 -0.9965
vn -0.0405 0.1498 -0.9879
vn -0.0571 0.1596 -0.9855
vn 0.0472 0.0376 -0.9982
vn 0.0396 0.0569 -0.9976
vn -0.0589 0.1546 -0.9862
vn -0.0754 0.3197 -0.9445
vn 0.0128 0.0459 -0.9989
vn 0.0919 0.0606 -0.9939
vn -0.0808 0.3509 -0.9329
vn -0.0399 0.1513 -0.9877
vn 0.0442 0.0412 -0.9982
vn 0.0055 -0.0103 -0.9999
vn 0.0205 -0.0897 -0.9958
vn -0.0208 -0.0990 -0.9949
vn 0.0779 0.1122 -0.9906
vn 0.0423 -0.0656 -0.9970
vn 0.0234 -0.1735 -0.9846
vn 0.0015 -0.1241 -0.9923
vn 0.0564 -0.1515 -0.9868
vn 0.0641 -0.1609 -0.9849
vn 0.0660 -0.2621 -0.9628
vn 0.0604 -0.2080 -0.9763
vn 0.0522 -0.2272 -0.9725
vn 0.0356 -0.1740 -0.9841
vn 0.0455 -0.2529 -0.9664
vn 0.0113 -0.1896 -0.9818
vn 0.0314 -0.2729 -0.9615
vn 0.0265 -0.3187 -0.9475
vn 0.1185 -0.7023 -0.7020
vn 0.1209 -0.7236 -0.6795
vn -0.0056 -0.1947 -0.9809
vn 0.0065 -0.1554 -0.9878
vn 0.0389 -0.3662 -0.9297
vn 0.0534 -0.3731 -0.9262
vn 0.1163 -0.7468 -0.6548
vn 0.0322 -0.0791 -0.9963
vn 0.0606 -0.0090 -0.9981
vn 0.0991 -0.3256 -0.9403
vn 0.1770 -0.7405 -0.6483
vn 0.3497 -0.6465 -0.6781
vn 0.2312 -0.2268 -0.9461
vn 0.5277 -0.2188 -0.8208
vn 0.1750 0.0700 -0.9821
vn 0.4643 0.1906 -0.8649
vn 0.3989 0.3040 -0.8651
vn 0.0444 -0.9917 0.1203
vn 0.1140 -0.9848 -0.1308
vn 0.0737 -0.9958 -0.0549
vn 0.0202 -0.9919 0.1252
vn 0.1038 -0.9851 -0.1370
vn 0.0947 -0.9750 -0.2008
vn 0.1234 -0.9785 -0.1652
vn 0.0253 -0.9988 -0.0410
vn 0.1337 -0.9438 -0.3022
vn -0.2920 -0.9560 0.0299
vn -0.9186 -0.3797 0.1092
vn -0.8830 -0.4625 0.0800
vn 0.0663 -0.9961 -0.0575
vn -0.2666 -0.9474 -0.1773
vn -0.8296 -0.4738 -0.2952
vn -0.2125 -0.7583 -0.6163
vn 0.0854 -0.7412 -0.6658
vn 0.0555 -0.9590 -0.2778
vn 0.1248 -0.7295 -0.6725
vn 0.0823 -0.9620 -0.2603
vn 0.0292 -0.7316 -0.6811
vn -0.0047 -0.7664 -0.6423
vn 0.0243 -0.9915 -0.1280
vn -0.0055 -0.7810 -0.6245
vn 0.0057 -0.9975 -0.0705
vn -0.0089 -0.7864 -0.6176
vn 0.0244 -0.9975 0.0665
vn -0.0061 -0.9974 -0.0718
vn -0.0056 -0.7874 -0.6164
vn 0.0573 -0.9915 -0.1165
vn -0.0034 -0.9920 0.1262
vn -0.0071 -0.9952 -0.0973
vn 0.0010 -0.7913 -0.6114
vn 0.0011 -0.9923 -0.1238
vn 0.0006 -0.7929 -0.6094
vn -0.0157 -0.9917 0.1278
vn 0.0130 -0.9999 -0.0074
vn 0.0810 -0.9879 -0.1320
vn 0.0002 -0.9909 -0.1344
vn -0.0010 -0.7889 -0.6145
vn -0.0011 -0.9931 0.1172
vn -0.0130 -0.9982 0.0583
vn 0.0404 -0.9960 -0.0801
vn -0.0007 -0.9914 -0.1305
vn 0.0014 -0.7834 -0.6215
vn 0.0007 -0.9928 0.1199
vn 0.0030 -0.9961 0.0878
vn -0.0025 -0.9997 -0.0262
vn 0.0002 -0.9914 -0.1305
vn 0.0023 -0.7840 -0.6207
vn 0.0002 -0.9888 -0.1490
vn -0.0048 -0.9949 0.1012
vn -0.0107 -0.9983 0.0571
vn -0.0098 -0.9999 0.0127
vn -0.0075 -0.9972 0.0745
vn -0.0248 -0.9996 0.0114
vn -0.0207 -0.9992 -0.0329
vn -0.0093 -0.9998 -0.0168
vn -0.0030 -1.0000 -0.0034
vn -0.0057 -0.9986 -0.0517
vn -0.0148 -0.9964 -0.0838
vn -0.0070 -0.9994 0.0329
vn -0.0253 -0.9995 -0.0182
vn -0.0235 -0.9991 -0.0357
vn 0.0020 -1.0000 0.0020
vn -0.0248 -0.9957 0.0893
vn 0.0631 -0.9975 0.0304
vn -0.0107 -0.9990 0.0437
vn -0.0175 -0.9971 0.0745
vn 0.0790 -0.9964 0.0292
vn 0.0582 -0.9913 0.1179
vn 0.0645 -0.9824 0.1753
vn 0.0020 -0.9840 0.1780
vn 0.0212 -0.9946 0.1013
vn 0.0458 -0.9934 0.1056
vn 0.0189 -0.9998 -0.0034
vn -0.0212 -0.9971 -0.0732
vn 0.0280 -0.9981 -0.0545
vn 0.0230 -0.9950 -0.0973
vn -0.0116 -0.9907 -0.1358
vn -0.0116 -0.9927 -0.1198
vn 0.0166 -0.9997 -0.0195
vn 0.0125 -0.9990 -0.0437
vn -0.0034 -0.9999 -0.0128
vn 0.0066 -0.9990 0.0450
vn 0.0276 -0.9977 0.0625
vn 0.0118 -0.9603 0.2788
vn 0.0128 -0.9718 0.2354
vn 0.0071 -0.7516 0.6596
vn 0.0152 -0.9984 -0.0544
vn 0.0244 -0.9992 0.0316
vn 0.0123 -0.9602 0.2791
vn -0.0080 -0.9992 -0.0396
vn 0.0285 -0.9996 -0.0020
vn 0.0185 -0.9994 -0.0302
vn 0.0217 -0.9997 -0.0061
vn 0.0280 -0.9995 0.0128
vn 0.0125 -0.9998 -0.0154
vn 0.0184 -0.9932 0.1145
vn 0.0216 -0.9929 0.1173
vn 0.0230 -0.9915 0.1280
vn 0.0161 -0.9965 0.0825
vn 0.0062 -0.9952 0.0972
vn 0.0305 -0.9784 0.2045
vn 0.0102 -0.9858 0.1675
vn 0.0120 -0.9927 0.1198
vn 0.0229 -0.9888 0.1478
vn -0.0144 -0.9998 -0.0141
vn 0.0075 -1.0000 0.0020
vn 0.0364 -0.9823 0.1836
vn 0.0130 -0.9986 0.0517
vn 0.0365 -0.9818 0.1863
vn 0.0293 -0.9893 0.1427
vn 0.0121 -0.9998 0.0128
vn 0.0233 -0.9815 0.1899
vn 0.0197 -0.9882 0.1517
vn 0.0075 -0.9954 -0.0959
vn -0.0093 -0.9965 -0.0825
vn -0.0011 -0.9955 0.0945
vn -0.0093 -0.9944 -0.1052
vn -0.0066 -0.9926 -0.1212
vn -0.0098 -0.9969 -0.0785
vn -0.0002 -0.9999 0.0114
vn 0.0170 -0.9843 0.1754
vn 0.0216 -0.9990 0.0396
vn 0.0207 -0.9916 0.1280
vn 0.0116 -0.9965 0.0825
vn 0.0257 -0.9981 0.0557
vn -0.0332 -0.0819 0.9961
vn -0.0292 -0.0977 0.9948
vn 0.0122 -0.1643 0.9863
vn 0.0189 -0.3893 0.9209
vn 0.0177 -0.1994 0.9798
vn 0.0124 -0.3392 0.9406
vn -0.0144 -0.2129 0.9770
vn -0.0174 -0.2046 0.9787
vn -0.0067 -0.3228 0.9464
vn -0.0022 -0.1673 0.9859
vn -0.0242 -0.2057 0.9783
vn -0.0214 0.0545 0.9983
vn -0.0121 0.0623 0.9980
vn -0.0201 0.0817 0.9965
vn -0.0175 -0.2326 0.9724
vn -0.0255 0.0868 0.9959
vn -0.0191 -0.2092 0.9777
vn -0.0121 0.1394 0.9902
vn -0.0047 -0.3455 0.9384
vn -0.0083 -0.2581 0.9661
vn -0.0284 0.0596 0.9978
vn -0.0100 -0.2234 0.9747
vn 0.0012 -0.3657 0.9307
vn -0.0043 -0.2733 0.9619
vn 0.0040 -0.8140 0.5809
vn -0.0067 -0.2759 0.9612
vn 0.0069 -0.3886 0.9214
vn -0.0010 -0.8022 0.5971
vn 0.0066 -0.4123 0.9110
vn 0.0226 -0.7929 0.6089
vn 0.0126 -0.7964 0.6047
vn 0.0061 -0.9882 0.1529
vn -0.0219 -0.9823 0.1861
vn 0.0100 -0.7688 0.6394
vn 0.0387 -0.9804 0.1930
vn 0.0218 -0.9713 0.2369
vn 0.0014 -0.7708 0.6371
vn 0.0088 -0.7775 0.6288
vn -0.0025 -0.9667 0.2560
vn 0.0166 -0.9980 0.0611
vn 0.0380 -0.9909 0.1295
vn -0.1707 -0.3945 -0.9029
vn -0.8297 -0.4738 -0.2952
vn 0.0854 -0.7412 -0.6659
vn -0.7618 -0.2481 -0.5984
vn 0.0971 -0.3929 -0.9144
vn 0.1248 -0.7294 -0.6726
vn 0.1237 -0.3480 -0.9293
vn -0.1810 -0.1284 -0.9751
vn -0.8028 0.0286 -0.5955
vn -0.2247 -0.0289 -0.9740
vn 0.0893 -0.1745 -0.9806
vn 0.1433 -0.1760 -0.9739
vn 0.0554 -0.1146 -0.9919
vn 0.1925 -0.9791 -0.0664
vn 0.2048 -0.9606 -0.1880
vn 0.2126 -0.9734 -0.0860
vn 0.1669 -0.9841 0.0613
vn 0.1791 -0.9833 -0.0334
vn 0.1832 -0.9719 -0.1480
vn 0.1257 -0.9831 0.1327
vn 0.1201 -0.9889 0.0873
vn 0.2020 -0.9607 -0.1904
vn 0.1733 -0.9849 0.0007
vn 0.1468 -0.9822 0.1175
vn 0.2030 -0.9587 -0.1989
vn 0.2006 -0.9673 -0.1553
vn 0.1617 -0.9854 0.0527
vn 0.2103 -0.9560 -0.2044
vn 0.1467 -0.9806 0.1299
vn 0.1773 -0.9808 0.0815
vn 0.1488 -0.9883 0.0328
vn 0.1944 -0.9803 -0.0365
vn 0.1472 -0.9505 0.2738
vn 0.1811 -0.9796 -0.0872
vn 0.1580 -0.9598 0.2321
vn 0.2093 -0.9751 -0.0729
vn 0.2029 -0.9618 -0.1838
vn 0.1894 -0.9816 -0.0236
vn 0.1919 -0.9707 0.1444
vn 0.2028 -0.9730 -0.1099
vn 0.2086 -0.9679 -0.1404
vn 0.2113 -0.9655 -0.1520
vn 0.1900 -0.9811 0.0364
vn 0.1681 -0.9794 0.1118
vn 0.2038 -0.9789 0.0108
vn 0.1505 -0.9825 0.1094
vn 0.2086 -0.9756 0.0686
vn 0.1849 -0.9801 0.0718
vn 0.1499 -0.9526 0.2647
vn 0.1825 -0.9585 0.2188
vn 0.2157 -0.9744 0.0631
vn 0.2139 -0.9765 0.0254
vn 0.1649 -0.9600 0.2262
vn 0.1235 -0.7469 0.6534
vn 0.1285 -0.7385 0.6619
vn 0.1127 -0.7457 0.6567
vn 0.1097 -0.7379 0.6660
vn 0.0574 -0.3584 0.9318
vn 0.0513 -0.3558 0.9332
vn 0.0561 -0.3624 0.9303
vn 0.0108 -0.0853 0.9963
vn 0.0218 -0.0875 0.9959
vn 0.0011 -0.0960 0.9954
vn 0.0477 -0.3595 0.9319
vn 0.1159 -0.7390 0.6637
vn 0.1607 -0.9663 0.2011
vn 0.1715 -0.9825 -0.0727
vn 0.1336 -0.9900 -0.0451
vn 0.1223 -0.7480 0.6523
vn 0.1542 -0.9633 0.2195
vn 0.1540 -0.9589 0.2385
vn 0.1467 -0.9888 0.0258
vn 0.1194 -0.7548 0.6450
vn 0.1152 -0.7577 0.6424
vn 0.0529 -0.3637 0.9300
vn 0.0549 -0.3646 0.9295
vn 0.0546 -0.3659 0.9290
vn 0.0991 -0.3280 0.9395
vn 0.0038 -0.1089 0.9940
vn 0.0142 -0.1090 0.9939
vn 0.2320 -0.2289 0.9454
vn 0.5368 -0.1967 0.8205
vn 0.0583 -0.0580 0.9966
vn 0.1936 0.0521 0.9797
vn 0.4848 0.2362 0.8421
vn 0.4493 0.3592 0.8180
vn 0.1822 0.1407 0.9731
vn 0.4515 0.3388 0.8255
vn 0.0178 -0.0997 0.9949
vn 0.0398 0.0383 0.9985
vn -0.0008 0.0210 0.9998
vn 0.1743 0.1419 0.9744
vn 0.4448 0.3512 0.8239
vn 0.0191 0.0495 0.9986
vn 0.1652 0.1326 0.9773
vn 0.4594 0.3643 0.8101
vn -0.0012 0.0188 0.9998
vn -0.0184 0.0545 0.9983
vn 0.0098 0.0210 0.9997
vn 0.1584 0.1182 0.9803
vn -0.0141 -0.0060 0.9999
vn 0.1550 0.1288 0.9795
vn 0.4403 0.3111 0.8422
vn -0.0012 0.0759 0.9971
vn -0.0177 -0.0117 0.9998
vn -0.0065 0.0473 0.9989
vn -0.0191 0.0011 0.9998
vn 0.0131 0.0224 0.9997
vn -0.0068 0.0082 0.9999
vn -0.0134 0.0075 0.9999
vn 0.0201 0.0103 0.9997
vn 0.0091 -0.0516 0.9986
vn 0.0321 -0.0711 0.9970
vn 0.0211 0.0032 0.9998
vn 0.0297 0.0239 0.9993
vn 0.0351 -0.0004 0.9994
vn 0.1676 0.1201 0.9785
vn 0.0409 -0.0354 0.9985
vn 0.1569 0.2043 0.9662
vn 0.4106 0.4408 0.7982
vn 0.0315 -0.0618 0.9976
vn 0.0111 -0.0259 0.9996
vn 0.0095 -0.0566 0.9984
vn -0.0025 -0.0089 1.0000
vn 0.0204 -0.0502 0.9985
vn 0.0124 -0.0452 0.9989
vn 0.0158 0.0217 0.9996
vn 0.0237 0.0046 0.9997
vn 0.0185 -0.1091 0.9939
vn 0.0151 -0.0025 0.9999
vn 0.0520 -0.3541 0.9338
vn 0.0048 -0.1242 0.9922
vn 0.0482 -0.3378 0.9400
vn -0.0094 -0.0388 0.9992
vn 0.0134 0.0117 0.9998
vn -0.0098 -0.0046 0.9999
vn -0.0062 -0.1125 0.9936
vn -0.0197 0.0075 0.9998
vn 0.1291 -0.7247 0.6769
vn -0.0128 -0.0867 0.9962
vn 0.1946 -0.9464 0.2577
vn 0.0430 -0.3240 0.9451
vn 0.1258 -0.7055 0.6975
vn 0.2161 -0.9731 0.0805
vn 0.1866 -0.9302 0.3161
vn 0.1890 -0.9820 0.0007
vn 0.1836 -0.9771 0.1071
vn 0.1609 -0.9206 0.3559
vn 0.1392 -0.9826 0.1226
vn 0.1186 -0.6868 0.7171
vn 0.1336 -0.9268 0.3511
vn 0.0436 -0.3121 0.9491
vn 0.1134 -0.6808 0.7236
vn 0.0524 -0.3077 0.9501
vn -0.0061 -0.0587 0.9983
vn 0.0131 -0.0438 0.9990
vn 0.0637 -0.3172 0.9462
vn 0.0365 -0.0504 0.9981
vn 0.1105 -0.6938 0.7116
vn 0.0556 -0.0840 0.9949
vn 0.0710 -0.3425 0.9368
vn 0.1093 -0.7220 0.6832
vn 0.1221 -0.9396 0.3198
vn 0.1189 -0.9856 0.1201
vn 0.1544 -0.9877 0.0259
vn 0.1304 -0.9877 0.0863
vn 0.1917 -0.9813 0.0179
vn 0.1262 -0.9836 0.1287
vn 0.1173 -0.9471 0.2988
vn 0.1759 -0.9830 0.0531
vn 0.1988 -0.9799 0.0179
vn 0.1883 -0.9817 0.0278
vn 0.2057 -0.9786 0.0050
vn 0.2078 -0.9718 -0.1116
vn 0.1964 -0.9732 -0.1193
vn 0.2007 -0.9623 -0.1835
vn 0.1873 -0.9823 0.0049
vn 0.1894 -0.9734 -0.1288
vn 0.1871 -0.9615 -0.2013
vn 0.1866 -0.9802 -0.0663
vn 0.1842 -0.9591 -0.2149
vn 0.1784 -0.9803 0.0843
vn 0.1778 -0.9681 0.1767
vn 0.1256 -0.9738 0.1897
vn 0.1034 -0.9764 0.1895
vn 0.0995 -0.9779 0.1838
vn 0.0796 -0.9877 0.1347
vn 0.1217 -0.9827 0.1393
vn 0.0995 -0.9863 0.1315
vn 0.1485 -0.9842 0.0968
vn 0.1355 -0.9893 0.0547
vn 0.1828 -0.9821 0.0447
vn 0.2022 -0.9792 -0.0171
vn 0.1910 -0.9808 0.0393
vn 0.2534 -0.9664 -0.0440
vn 0.2748 -0.9595 0.0613
vn 0.2534 -0.9665 0.0395
vn 0.0045 -0.1445 -0.9895
vn 0.0055 -0.4254 -0.9050
vn 0.0024 -0.1462 -0.9893
vn 0.0051 -0.4254 -0.9050
vn 0.0122 -0.7964 -0.6047
vn -0.0021 -0.0018 -1.0000
vn 0.0114 -0.8003 -0.5995
vn 0.0127 -0.4328 -0.9014
vn 0.0273 -0.8054 -0.5922
vn 0.0217 -0.4325 -0.9014
vn 0.0446 -0.8089 -0.5862
vn 0.0072 -0.1344 -0.9909
vn 0.0018 -0.0075 -1.0000
vn 0.0018 -0.1394 -0.9902
vn 0.0246 -0.4406 -0.8974
vn 0.0481 -0.8138 -0.5791
vn 0.0211 -0.4548 -0.8904
vn 0.0020 -0.9836 -0.1806
vn 0.0056 -0.7849 -0.6195
vn 0.0089 -0.7874 -0.6164
vn 0.0101 -0.9769 -0.2134
vn 0.0097 -0.7910 -0.6118
vn 0.0169 -0.9757 -0.2186
vn 0.0122 -0.7964 -0.6046
vn 0.0183 -0.9779 -0.2082
vn 0.0207 -0.9993 0.0302
vn 0.0183 -0.9806 -0.1951
vn 0.0273 -0.8054 -0.5921
vn 0.0346 -0.9824 -0.1836
vn 0.0446 -0.8090 -0.5861
vn 0.0528 -0.9802 -0.1908
vn 0.0481 -0.8139 -0.5790
vn 0.0262 -0.9987 0.0437
vn 0.0528 -0.9765 -0.2092
vn 0.0518 -0.8266 -0.5604
vn 0.0395 -0.9991 -0.0169
vn 0.0590 -0.9678 -0.2446
vn 0.0438 -0.8512 -0.5231
vn 0.0427 -0.9966 -0.0708
vn 0.0574 -0.9603 -0.2729
vn 0.0305 -0.8578 -0.5132
vn 0.0389 -0.9910 -0.1282
vn 0.0212 -0.9988 0.0450
vn 0.0390 -0.9986 0.0343
vn 0.0353 -0.9649 -0.2603
vn 0.0513 -0.8437 -0.5344
vn 0.0455 -0.9788 -0.1997
vn 0.0299 -0.9979 0.0572
vn 0.0609 -0.9733 -0.2212
vn 0.0793 -0.8321 -0.5490
vn 0.0464 -0.9752 -0.2165
vn 0.0952 -0.9763 -0.1943
vn 0.0754 -0.8349 -0.5452
vn 0.0746 -0.9794 -0.1877
vn 0.0299 -0.9978 0.0585
vn 0.0450 -0.9987 0.0249
vn 0.0853 -0.9766 -0.1976
vn 0.0665 -0.8288 -0.5556
vn 0.0944 -0.9789 -0.1810
vn 0.0705 -0.9971 -0.0292
vn 0.0740 -0.9768 -0.2009
vn 0.0829 -0.8113 -0.5787
vn 0.0859 -0.9801 -0.1790
vn 0.0873 -0.9930 -0.0795
vn 0.1749 -0.9510 -0.2548
vn 0.1703 -0.9542 -0.2460
vn 0.1797 -0.9774 -0.1111
vn 0.1785 -0.9763 -0.1223
vn 0.1774 -0.9812 0.0758
vn 0.1743 -0.9828 0.0615
vn 0.1753 -0.9568 -0.2321
vn 0.1748 -0.9761 -0.1291
vn 0.1840 -0.9745 -0.1284
vn 0.1753 -0.9832 0.0503
vn 0.1753 -0.9833 0.0488
vn 0.1819 -0.9825 0.0405
vn 0.1597 -0.9799 0.1197
vn 0.1593 -0.9685 0.1914
vn 0.1643 -0.9585 0.2330
vn 0.1401 -0.9803 0.1391
vn 0.1635 -0.9556 0.2452
vn 0.1564 -0.9719 0.1760
vn 0.1403 -0.9755 0.1693
vn 0.1659 -0.9524 0.2559
vn 0.1801 -0.9815 0.0645
vn 0.1519 -0.9667 0.2058
vn 0.1260 -0.9465 0.2971
vn 0.1090 -0.7608 0.6398
vn 0.1604 -0.9622 0.2201
vn 0.1776 -0.9463 0.2700
vn 0.1664 -0.9859 0.0204
vn 0.0754 -0.3753 0.9238
vn 0.1789 -0.9491 0.2593
vn 0.1432 -0.9897 0.0007
vn 0.1736 -0.9556 0.2382
vn 0.1541 -0.9631 0.2208
vn 0.1884 -0.9512 0.2444
vn 0.1562 -0.9677 0.1980
vn 0.1331 -0.9905 0.0339
vn 0.1664 -0.9574 0.2360
vn 0.1893 -0.9610 0.2017
vn 0.1347 -0.9835 0.1209
vn 0.1401 -0.9885 0.0563
vn 0.1894 -0.9492 0.2513
vn 0.1696 -0.9793 0.1105
vn 0.1373 -0.9856 0.0990
vn 0.1540 -0.9879 0.0203
vn 0.2104 -0.9471 0.2422
vn 0.1378 -0.9894 0.0451
vn 0.1617 -0.9794 0.1211
vn 0.1376 -0.9899 -0.0326
vn 0.2002 -0.9591 0.2002
vn 0.1497 -0.9871 0.0565
vn 0.1678 -0.9827 0.0781
vn 0.1217 -0.9906 -0.0627
vn 0.1558 -0.9782 0.1374
vn 0.1931 -0.9786 0.0708
vn 0.1482 -0.9885 -0.0300
vn 0.1522 -0.9857 0.0719
vn 0.1840 -0.9825 0.0306
vn 0.1309 -0.9875 -0.0878
vn 0.1193 -0.7104 0.6936
vn 0.0469 -0.2899 0.9559
vn 0.1040 -0.7294 0.6761
vn 0.0895 -0.7465 0.6593
vn 0.1480 -0.9623 0.2282
vn 0.1234 -0.7039 0.6995
vn 0.1004 -0.9847 0.1423
vn 0.0856 -0.7681 0.6346
vn 0.0922 -0.9844 0.1500
vn 0.0462 -0.2915 0.9554
vn 0.0493 -0.2901 0.9557
vn -0.0028 0.0437 0.9990
vn 0.0510 -0.3122 0.9486
vn 0.0804 -0.7927 0.6042
vn 0.0824 -0.9885 0.1266
vn 0.0714 -0.9954 0.0642
vn 0.0085 0.0559 0.9984
vn -0.0141 0.0231 0.9996
vn 0.0515 -0.3435 0.9378
vn -0.0165 0.1018 0.9947
vn 0.0197 0.0538 0.9984
vn -0.0035 0.1219 0.9925
vn 0.0793 -0.8101 0.5809
vn 0.0328 0.0260 0.9991
vn 0.0850 -0.9936 0.0740
vn 0.0495 -0.3802 0.9236
vn 0.0819 -0.8214 0.5644
vn 0.0686 -0.9969 0.0386
vn 0.0788 -0.9810 0.1773
vn 0.0753 -0.9721 0.2220
vn 0.0865 -0.9948 0.0537
vn 0.0841 -0.9964 0.0061
vn 0.0877 -0.9794 0.1818
vn 0.0750 -0.9641 0.2547
vn 0.0736 -0.9656 0.2492
vn 0.0862 -0.9892 0.1187
vn 0.0751 -0.9681 0.2389
vn 0.0999 -0.9950 -0.0034
vn 0.0894 -0.9920 0.0895
vn 0.0711 -0.8348 0.5459
vn 0.0485 -0.4104 0.9106
vn 0.0960 -0.9954 -0.0007
vn 0.0884 -0.9961 -0.0019
vn 0.0644 -0.8317 0.5515
vn 0.0836 -0.9932 0.0808
vn 0.0890 -0.9869 0.1349
vn 0.0842 -0.9835 0.1603
vn 0.0654 -0.9978 -0.0048
vn 0.0748 -0.9706 0.2286
vn 0.0660 -0.9858 0.1542
vn 0.0709 -0.9935 0.0886
vn 0.0588 -0.9954 0.0762
vn 0.0340 -0.9990 -0.0303
vn 0.0266 -0.9966 -0.0785
vn 0.0358 -0.9991 0.0209
vn 0.0608 -0.9849 0.1620
vn 0.0307 -0.9889 0.1453
vn 0.0758 -0.9727 0.2194
vn 0.0698 -0.9775 0.1992
vn 0.0510 -0.9983 -0.0277
vn 0.0348 -0.9937 -0.1068
vn -0.0223 0.1484 -0.9887
vn -0.0776 0.3912 -0.9170
vn -0.0670 0.4167 -0.9066
vn -0.0605 0.4088 -0.9106
vn -0.1352 0.7814 -0.6092
vn -0.0137 0.4140 -0.9102
vn -0.1273 0.7900 -0.5998
vn -0.1182 0.7836 -0.6100
vn -0.1809 0.9723 -0.1478
vn -0.1174 0.7584 -0.6411
vn -0.1554 0.9786 -0.1346
vn -0.1209 0.9770 -0.1759
vn -0.1199 0.7295 -0.6734
vn -0.1180 0.7028 -0.7015
vn -0.1190 0.9628 -0.2425
vn -0.1330 0.9489 -0.2862
vn -0.1282 0.9363 -0.3271
vn -0.0907 0.9939 -0.0620
vn -0.0966 0.9870 -0.1286
vn -0.1243 0.9772 -0.1723
vn -0.1169 0.9747 -0.1905
vn -0.1392 0.9902 0.0132
vn -0.1250 0.9892 -0.0765
vn -0.1927 0.9803 0.0436
vn -0.1291 0.9913 0.0270
vn -0.0775 0.9948 -0.0658
vn -0.0826 0.9942 -0.0686
vn -0.1098 0.9886 -0.1034
vn -0.0837 0.9964 0.0129
vn -0.1159 0.9851 -0.1268
vn -0.1371 0.9578 -0.2525
vn -0.1154 0.9847 -0.1307
vn -0.0846 0.9958 0.0347
vn -0.1065 0.9924 0.0623
vn -0.1109 0.9918 0.0637
vn -0.1061 0.9940 0.0281
vn -0.1108 0.9904 0.0829
vn -0.0892 0.9930 0.0769
vn -0.0955 0.9948 0.0348
vn -0.1167 0.9914 0.0598
vn -0.0908 0.9948 0.0457
vn -0.1149 0.9924 -0.0433
vn -0.1047 0.9944 -0.0145
vn -0.0865 0.9937 -0.0714
vn -0.1114 0.9913 -0.0707
vn -0.0970 0.9951 0.0198
vn -0.0918 0.9954 -0.0280
vn -0.1036 0.9923 -0.0677
vn -0.1110 0.9933 -0.0323
vn -0.1004 0.9941 -0.0417
vn -0.0970 0.9944 -0.0416
vn -0.1119 0.9926 0.0474
vn -0.1251 0.9811 0.1477
vn -0.1233 0.9922 -0.0187
vn -0.1637 0.9713 0.1726
vn -0.1452 0.9891 0.0258
vn -0.1732 0.9570 0.2327
vn -0.1846 0.9598 0.2112
vn -0.1470 0.9848 0.0926
vn -0.1735 0.9473 0.2694
vn -0.1691 0.9389 0.2998
vn -0.1612 0.9395 0.3021
vn -0.1412 0.9895 0.0299
vn -0.1545 0.9880 -0.0021
vn -0.1496 0.9489 0.2780
vn -0.1325 0.9878 -0.0823
vn -0.1524 0.9878 -0.0314
vn -0.1345 0.9804 -0.1443
vn -0.1260 0.9873 -0.0972
vn -0.1168 0.9917 -0.0530
vn -0.1492 0.9865 -0.0677
vn -0.1509 0.9885 -0.0133
vn -0.1371 0.9903 -0.0215
vn -0.1654 0.9860 -0.0204
vn -0.1452 0.9894 0.0007
vn -0.1860 0.9808 -0.0588
vn -0.0941 0.9949 0.0362
vn -0.1203 0.9927 -0.0021
vn -0.0766 0.9965 0.0332
vn 0.0846 0.9959 0.0332
vn 0.0808 0.9954 0.0510
vn 0.0747 0.9968 0.0278
vn 0.3691 0.9292 0.0205
vn 0.3250 0.9453 -0.0261
vn 0.3723 0.9281 0.0058
vn 0.0832 0.9965 0.0116
vn 0.0803 0.9825 -0.1681
vn 0.2870 0.7039 -0.6497
vn -0.1180 0.9785 -0.1689
vn -0.0827 0.7929 -0.6038
vn 0.0710 0.8198 -0.5683
vn 0.1119 0.4764 -0.8721
vn 0.1807 0.2195 -0.9587
vn 0.4277 0.4170 -0.8020
vn 0.0977 -0.9776 -0.1864
vn 0.1016 -0.7934 -0.6002
vn 0.0847 -0.9859 -0.1441
vn 0.0911 -0.9915 -0.0932
vn 0.1241 -0.9773 -0.1720
vn 0.1021 -0.7853 -0.6106
vn 0.1093 -0.9890 -0.0993
vn 0.0974 -0.9920 -0.0801
vn 0.1154 -0.9760 -0.1849
vn 0.1001 -0.7786 -0.6194
vn 0.1285 -0.9886 -0.0780
vn 0.1158 -0.9908 -0.0694
vn 0.1155 -0.9681 -0.2224
vn 0.0964 -0.7755 -0.6239
vn 0.1094 -0.9911 -0.0760
vn 0.1245 -0.9888 -0.0820
vn 0.1201 -0.9640 -0.2374
vn 0.0941 -0.7739 -0.6263
vn 0.1128 -0.9908 -0.0748
vn 0.1186 -0.9907 -0.0667
vn 0.1227 -0.9916 0.0407
vn 0.1212 -0.9661 -0.2281
vn 0.1085 -0.7695 -0.6293
vn 0.1305 -0.9899 -0.0546
vn 0.1267 -0.9919 -0.0062
vn 0.1387 -0.9667 -0.2153
vn 0.1224 -0.7594 -0.6390
vn 0.1382 -0.9904 -0.0076
vn 0.1558 -0.9649 -0.2116
vn 0.1233 -0.7600 -0.6381
vn 0.1508 -0.9878 0.0384
vn 0.1610 -0.9645 -0.2093
vn 0.1257 -0.7616 -0.6357
vn 0.1591 -0.9858 0.0541
vn 0.1638 -0.9660 -0.2001
vn 0.1270 -0.7601 -0.6373
vn 0.1631 -0.9857 0.0428
vn 0.1623 -0.9677 -0.1931
vn 0.1278 -0.7580 -0.6396
vn 0.1674 -0.9855 0.0289
vn 0.1659 -0.9859 0.0232
vn 0.1639 -0.9674 -0.1933
vn 0.1283 -0.7596 -0.6376
vn 0.1675 -0.9856 0.0246
vn 0.1698 -0.9676 -0.1870
vn 0.1289 -0.7621 -0.6345
vn 0.1737 -0.9846 0.0191
vn 0.1743 -0.9705 -0.1667
vn 0.1313 -0.7637 -0.6321
vn 0.1803 -0.9836 0.0064
vn 0.1740 -0.9747 -0.1401
vn 0.1369 -0.7639 -0.6307
vn 0.1834 -0.9830 0.0036
vn 0.1650 -0.9813 -0.0990
vn 0.1607 -0.9860 -0.0442
vn 0.1774 -0.9765 -0.1222
vn 0.1374 -0.7702 -0.6228
vn 0.1776 -0.9841 -0.0007
vn 0.1745 -0.9736 -0.1472
vn 0.1748 -0.9774 -0.1192
vn 0.1340 -0.7768 -0.6153
vn 0.1670 -0.9856 -0.0275
vn 0.1604 -0.9683 -0.1916
vn 0.1597 -0.9871 -0.0105
vn 0.1202 -0.9909 -0.0613
vn 0.1090 -0.9924 -0.0569
vn 0.1131 -0.9882 -0.1035
vn 0.1216 -0.9914 0.0489
vn 0.1070 -0.9926 -0.0568
vn 0.0926 -0.9947 0.0443
vn 0.1875 -0.9780 -0.0918
vn 0.1913 -0.9780 -0.0835
vn 0.1632 -0.9858 -0.0401
vn 0.2267 -0.9731 -0.0417
vn 0.1961 -0.9805 -0.0108
vn 0.2393 -0.9664 -0.0935
vn 0.2055 -0.9787 0.0021
vn 0.2240 -0.9649 -0.1374
vn -0.0267 0.0125 0.9996
vn -0.0019 -0.2164 0.9763
vn 0.0015 -0.2533 0.9674
vn 0.0102 -0.4453 0.8953
vn 0.0133 -0.1978 0.9801
vn -0.0051 -0.0466 0.9989
vn -0.0555 0.1241 0.9907
vn 0.0169 -0.4715 0.8817
vn 0.0549 -0.8643 0.4999
vn 0.0083 -0.2271 0.9738
vn 0.0294 -0.8701 0.4921
vn 0.0230 -0.9950 0.0973
vn 0.0195 -0.4773 0.8785
vn 0.0170 -0.1793 0.9836
vn 0.0076 -0.2195 0.9756
vn 0.0186 -0.4704 0.8823
vn 0.0240 -0.8424 0.5383
vn 0.0152 -0.9933 0.1145
vn 0.0266 -0.9948 0.0986
vn 0.0364 -0.9792 0.1994
vn 0.0566 -0.9453 0.3212
vn 0.0717 -0.9494 0.3057
vn 0.0575 -0.9639 0.2600
vn 0.0505 -0.9967 0.0640
vn 0.0455 -0.9990 -0.0047
vn 0.0549 -0.9878 0.1459
vn 0.0375 -0.9892 -0.1415
vn 0.0426 -0.9912 -0.1256
vn 0.0175 -0.9955 -0.0932
vn 0.0307 -0.9958 -0.0866
vn 0.0422 -0.9977 -0.0532
vn 0.0441 -0.9979 -0.0478
vn 0.0440 -0.9950 0.0895
vn 0.0207 -0.9977 -0.0638
vn 0.0011 -0.9946 -0.1038
vn 0.0271 -0.9987 0.0425
vn 0.0125 -0.9998 -0.0128
vn 0.0348 -0.9946 0.0973
vn 0.0221 -0.9960 0.0866
vn 0.0317 -0.9978 0.0585
vn 0.0547 -0.9981 0.0277
vn 0.0780 -0.9969 0.0020
vn 0.0543 -0.9985 0.0061
vn 0.0889 -0.9958 -0.0211
vn 0.0743 -0.9971 0.0183
vn 0.1051 -0.9943 -0.0199
vn 0.0732 -0.9802 0.1837
vn 0.0841 -0.9964 0.0143
vn 0.1227 -0.9924 0.0131
vn 0.1057 -0.9944 0.0021
vn 0.1301 -0.9915 -0.0063
vn 0.1337 -0.9908 0.0201
vn 0.1163 -0.9923 0.0433
vn 0.1435 -0.9874 0.0661
vn 0.0896 -0.9884 0.1229
vn 0.0774 -0.9816 0.1746
vn 0.0865 -0.9716 0.2201
vn 0.1203 -0.9848 0.1256
vn 0.0893 -0.9937 0.0674
vn 0.1327 -0.9912 0.0021
vn 0.1529 -0.9882 0.0077
vn 0.1361 -0.9900 -0.0367
vn 0.1039 -0.9899 -0.0963
vn 0.1552 -0.9845 0.0818
vn 0.1029 -0.9870 -0.1235
vn 0.1326 -0.9895 0.0574
vn 0.1475 -0.9846 0.0939
vn 0.1366 -0.9903 0.0257
vn 0.1549 -0.9810 0.1165
vn 0.1074 -0.9911 -0.0787
vn 0.1467 -0.9876 0.0564
vn 0.1430 -0.9873 0.0688
vn 0.1536 -0.9832 0.0985
vn 0.1272 -0.9917 -0.0201
vn 0.1500 -0.9839 0.0969
vn 0.1274 -0.9877 -0.0904
vn 0.1487 -0.9873 0.0551
vn 0.1483 -0.9889 0.0021
vn 0.1125 -0.9856 -0.1266
vn 0.1347 -0.9836 -0.1196
vn 0.1580 -0.9866 -0.0414
vn 0.1300 -0.9874 -0.0905
vn 0.1488 -0.9810 -0.1245
vn 0.1706 -0.9843 -0.0459
vn 0.1427 -0.9890 -0.0396
vn 0.1644 -0.9748 -0.1505
vn 0.1706 -0.9850 -0.0275
vn 0.1635 -0.9682 -0.1892
vn 0.1447 -0.9890 -0.0299
vn 0.1370 -0.9865 -0.0894
vn 0.1401 -0.9655 -0.2193
vn 0.1417 -0.9744 -0.1748
vn 0.1405 -0.9569 -0.2541
vn 0.1353 -0.9690 -0.2068
vn 0.1549 -0.9450 -0.2879
vn 0.1342 -0.9700 -0.2027
vn 0.1420 -0.9410 -0.3073
vn 0.1456 -0.9652 -0.2172
vn 0.1291 -0.9400 -0.3158
vn 0.1419 -0.9620 -0.2332
vn 0.1399 -0.9388 -0.3147
vn 0.1417 -0.9673 -0.2101
vn 0.1578 -0.9415 -0.2977
vn 0.1597 -0.9741 -0.1599
vn 0.1713 -0.9466 -0.2731
vn 0.1744 -0.9776 -0.1178
vn 0.1350 -0.9890 -0.0603
vn 0.1350 -0.9876 -0.0797
vn 0.1457 -0.9887 -0.0341
vn 0.1493 -0.9882 -0.0356
vn 0.1487 -0.9875 -0.0523
vn 0.1280 -0.9881 -0.0849
vn 0.1397 -0.9900 -0.0187
vn 0.1417 -0.9887 -0.0480
vn 0.0966 -0.9853 -0.1407
vn 0.0943 -0.9884 -0.1190
vn 0.1177 -0.9906 -0.0694
vn 0.1402 -0.9895 -0.0354
vn 0.1198 -0.9923 0.0310
vn 0.1312 -0.9911 -0.0228
vn 0.0936 -0.9955 0.0170
vn 0.1071 -0.9934 0.0418
vn 0.1423 -0.9898 -0.0063
vn 0.1212 -0.9926 -0.0048
vn 0.1033 -0.9945 0.0171
vn 0.1075 -0.9929 0.0500
vn 0.0950 -0.9932 0.0675
vn 0.1022 -0.9825 0.1558
vn 0.1247 -0.9736 0.1910
vn 0.0121 -0.9976 0.0678
vn 0.0062 -0.9994 -0.0343
vn 0.0138 -0.9885 0.1504
vn 0.0021 -0.9988 0.0490
vn -0.0375 -0.9898 0.1374
vn 0.0079 -0.9863 0.1649
vn 0.0268 -0.9736 0.2266
vn -0.0252 -0.9877 0.1545
vn 0.0622 -0.8138 0.5778
vn 0.0279 -0.9882 0.1505
vn 0.1125 -0.9758 0.1874
vn 0.1153 -0.9733 0.1984
vn 0.0229 -0.9920 0.1239
vn 0.0862 -0.9890 0.1200
vn 0.0764 -0.9755 0.2064
vn 0.0890 -0.9657 0.2438
vn 0.0153 -0.9993 -0.0343
vn -0.0016 -1.0000 0.0007
vn -0.0061 -0.9995 0.0316
vn -0.0207 -0.9993 0.0302
vn -0.0039 -1.0000 0.0034
vn -0.0143 -0.9986 -0.0517
vn -0.0098 -0.9960 -0.0892
vn 0.0162 -0.9984 -0.0544
vn -0.0202 -0.9944 -0.1039
vn -0.0248 -0.9940 -0.1065
vn 0.0011 -0.9977 0.0677
vn 0.0132 -0.9631 0.2688
vn -0.0139 -0.9941 -0.1079
vn -0.0143 -0.9999 -0.0021
vn 0.0083 -0.9700 0.2431
vn 0.0117 -0.7673 0.6412
vn -0.0020 -0.9823 0.1873
vn -0.0039 -0.9999 -0.0141
vn 0.0088 -0.9838 0.1793
vn 0.0051 -0.7557 0.6549
vn -0.0002 -0.7520 0.6592
vn -0.0036 -0.3406 0.9402
vn -0.0009 -0.4043 0.9146
vn -0.0079 -0.3733 0.9277
vn -0.0291 -0.0374 0.9989
vn -0.0644 -0.0068 0.9979
vn -0.0058 -0.0217 0.9997
vn -0.0521 0.0384 0.9979
vn -0.0378 0.0161 0.9992
vn -0.0551 -0.0183 0.9983
vn -0.0188 0.0331 0.9993
vn 0.0008 0.0075 1.0000
vn -0.0221 -0.0818 0.9964
vn 0.0022 -0.0302 0.9995
vn -0.0065 -0.0824 0.9966
vn -0.0002 -0.3335 0.9428
vn -0.0038 0.0138 0.9999
vn 0.0015 -0.0252 0.9997
vn -0.0006 -0.7516 0.6596
vn 0.0033 -0.3442 0.9389
vn 0.0028 -0.0174 0.9998
vn 0.0047 -0.3531 0.9356
vn 0.0038 0.0666 0.9978
vn -0.0148 0.0473 0.9988
vn -0.0261 -0.0360 0.9990
vn -0.0297 -0.0054 0.9995
vn -0.0341 -0.0525 0.9980
vn -0.0507 -0.0061 0.9987
vn -0.0111 -0.0831 0.9965
vn -0.0121 -0.0516 0.9986
vn -0.0227 -0.0096 0.9997
vn -0.0551 0.0219 0.9982
vn -0.0614 0.0335 0.9976
vn -0.0022 -0.0452 0.9990
vn 0.0038 -0.0658 0.9978
vn -0.0511 0.0643 0.9966
vn -0.0372 0.0698 0.9969
vn -0.0301 0.0225 0.9993
vn -0.0128 0.0996 0.9949
vn -0.0398 0.0068 0.9992
vn -0.0028 0.1278 0.9918
vn -0.0008 -0.0651 0.9979
vn -0.0131 -0.0452 0.9989
vn -0.0008 -0.0644 0.9979
vn -0.0022 -0.0809 0.9967
vn -0.0442 0.0376 0.9983
vn -0.0218 0.0574 0.9981
vn -0.0008 -0.0838 0.9965
vn 0.0015 0.0810 0.9967
vn -0.0385 0.0204 0.9991
vn -0.0182 0.1439 0.9894
vn -0.0281 -0.0132 0.9995
vn -0.0218 0.0832 0.9963
vn -0.0115 0.0552 0.9984
vn -0.0091 -0.0573 0.9983
vn -0.0041 0.0573 0.9983
vn 0.0002 0.4130 0.9107
vn 0.0146 0.4430 0.8964
vn -0.0048 0.4062 0.9138
vn 0.0206 0.8023 0.5966
vn 0.0234 0.4698 0.8825
vn 0.0257 0.8131 0.5815
vn 0.0223 0.9778 0.2082
vn 0.0031 0.7989 0.6015
vn -0.0087 0.4016 0.9158
vn -0.0100 0.3846 0.9230
vn -0.0027 0.7919 0.6106
vn -0.0051 0.0773 0.9970
vn -0.0031 0.7683 0.6401
vn 0.0111 0.9815 0.1911
vn 0.0123 0.9572 0.2890
vn -0.0047 0.7673 0.6413
vn 0.0192 0.9726 0.2316
vn 0.0585 -0.0972 0.9935
vn -0.0118 -0.0196 0.9997
vn 0.0235 -0.0746 0.9969
vn 0.0234 -0.0189 0.9995
vn 0.0542 -0.0818 0.9952
vn 0.0539 -0.0890 0.9946
vn 0.0745 -0.0921 0.9930
vn 0.0569 -0.0313 0.9979
vn 0.0338 -0.0405 0.9986
vn 0.0580 -0.0601 0.9965
vn 0.0722 -0.0475 0.9963
vn -0.0002 0.0117 0.9999
vn 0.0244 -0.0239 0.9994
vn -0.0198 0.0552 0.9983
vn 0.0525 -0.0651 0.9965
vn 0.0555 -0.1299 0.9900
vn 0.0251 -0.0746 0.9969
vn 0.0038 -0.0025 1.0000
vn -0.0195 0.0803 0.9966
vn 0.0420 -0.1588 0.9864
vn 0.0754 -0.4052 0.9111
vn 0.0154 -0.0745 0.9971
vn -0.0002 0.0047 1.0000
vn -0.0121 0.0853 0.9963
vn 0.0325 -0.1679 0.9853
vn 0.1171 -0.7958 0.5941
vn 0.0725 -0.4266 0.9015
vn 0.1452 -0.9437 0.2973
vn 0.1291 -0.8131 0.5676
vn 0.1498 -0.9453 0.2900
vn 0.1322 -0.8202 0.5565
vn 0.1585 -0.9430 0.2926
vn 0.1809 -0.9339 0.3084
vn 0.1380 -0.8250 0.5481
vn 0.0712 -0.4372 0.8966
vn 0.0288 -0.1729 0.9845
vn 0.2092 -0.9219 0.3259
vn 0.1500 -0.8170 0.5568
vn 0.0716 -0.4393 0.8955
vn 0.0258 -0.1767 0.9839
vn 0.2012 -0.9210 0.3336
vn 0.1691 -0.9329 0.3181
vn 0.1584 -0.7842 0.6000
vn 0.1484 -0.7436 0.6520
vn 0.1360 -0.7259 0.6743
vn 0.0695 -0.4286 0.9008
vn 0.0633 -0.3620 0.9300
vn 0.0631 -0.3486 0.9352
vn 0.0129 -0.1394 0.9901
vn 0.0604 -0.3852 0.9209
vn 0.0169 -0.1631 0.9865
vn 0.0624 -0.4085 0.9106
vn 0.0143 -0.1793 0.9837
vn -0.0198 -0.0717 0.9972
vn -0.0191 -0.0438 0.9989
vn -0.0081 -0.0916 0.9958
vn 0.0153 -0.1837 0.9829
vn -0.0045 -0.1054 0.9944
vn 0.0214 -0.1802 0.9834
vn 0.0018 -0.1075 0.9942
vn 0.0108 -0.0960 0.9953
vn 0.0138 -0.0823 0.9965
vn -0.0098 -0.0416 0.9991
vn 0.0068 -0.0231 0.9997
vn 0.0134 -0.0752 0.9971
vn 0.0098 -0.0053 0.9999
vn 0.0035 0.0032 1.0000
vn 0.0134 0.0274 0.9995
vn -0.0045 -0.0167 0.9999
vn 0.0141 0.0595 0.9981
vn -0.0134 -0.0488 0.9987
vn 0.0012 0.0780 0.9970
vn 0.0338 0.0390 0.9987
vn 0.0224 0.0581 0.9981
vn 0.0338 0.0146 0.9993
vn -0.0191 -0.0459 0.9988
vn -0.0118 -0.0623 0.9980
vn -0.0198 -0.0488 0.9986
vn -0.0215 -0.0810 0.9965
vn -0.0308 -0.0625 0.9976
vn -0.0268 -0.0876 0.9958
vn -0.0258 -0.0775 0.9967
vn -0.0128 -0.0709 0.9974
vn -0.0071 -0.0644 0.9979
vn -0.0264 -0.0574 0.9980
vn -0.0091 -0.0444 0.9990
vn 0.0252 0.1142 -0.9931
vn 0.0145 0.1140 -0.9934
vn 0.0175 0.1178 -0.9929
vn 0.0168 0.0473 -0.9987
vn 0.0201 -0.0724 -0.9972
vn 0.0217 0.0281 -0.9994
vn 0.0161 -0.0480 -0.9987
vn 0.0220 -0.1586 -0.9871
vn 0.0068 0.0967 -0.9953
vn -0.0048 0.0881 -0.9961
vn 0.0196 -0.1536 -0.9879
vn 0.0505 -0.4029 -0.9138
vn 0.0055 0.0430 -0.9991
vn 0.0484 -0.4017 -0.9145
vn 0.0964 -0.7755 -0.6240
vn 0.0941 -0.7738 -0.6264
vn 0.0131 -0.0288 -0.9995
vn 0.0233 -0.1470 -0.9889
vn 0.0567 -0.3986 -0.9154
vn 0.1085 -0.7695 -0.6294
vn 0.0630 -0.3865 -0.9201
vn 0.1233 -0.7599 -0.6382
vn 0.0273 -0.1311 -0.9910
vn 0.0611 -0.3811 -0.9225
vn 0.1257 -0.7615 -0.6359
vn 0.0167 -0.0068 -0.9998
vn 0.0249 -0.1158 -0.9930
vn 0.0610 -0.3784 -0.9236
vn 0.1270 -0.7600 -0.6374
vn 0.0622 -0.3765 -0.9243
vn 0.0185 -0.1070 -0.9941
vn 0.0141 0.0067 -0.9999
vn 0.0124 0.0423 -0.9990
vn 0.0621 -0.3754 -0.9248
vn 0.1283 -0.7595 -0.6377
vn 0.0165 -0.1033 -0.9945
vn 0.0012 0.0018 -1.0000
vn 0.0131 0.0409 -0.9991
vn 0.0610 -0.3741 -0.9254
vn 0.0152 -0.1039 -0.9945
vn 0.0003 0.0006 -1.0000
vn -0.0068 0.0231 -0.9997
vn 0.0609 -0.3701 -0.9270
vn 0.0158 -0.1032 -0.9945
vn -0.0045 -0.0053 -1.0000
vn -0.0055 0.0132 -0.9999
vn 0.0623 -0.3653 -0.9288
vn 0.1369 -0.7638 -0.6308
vn 0.0178 -0.0960 -0.9952
vn -0.0028 -0.0146 -0.9999
vn -0.0101 -0.0011 -0.9999
vn 0.0645 -0.3647 -0.9289
vn 0.1374 -0.7702 -0.6229
vn 0.0175 -0.0868 -0.9961
vn 0.0035 -0.0245 -0.9997
vn -0.0134 -0.0181 -0.9997
vn 0.0635 -0.3704 -0.9267
vn 0.1340 -0.7768 -0.6154
vn 0.0158 -0.0816 -0.9965
vn 0.0085 -0.0323 -0.9994
vn -0.0045 -0.0274 -0.9996
vn 0.0636 -0.3758 -0.9245
vn 0.1360 -0.7784 -0.6128
vn 0.0131 -0.0795 -0.9967
vn 0.0111 -0.0303 -0.9995
vn 0.0031 -0.0316 -0.9995
vn 0.0658 -0.3784 -0.9233
vn 0.1364 -0.7793 -0.6116
vn 0.0121 -0.0787 -0.9968
vn 0.0084 -0.0217 -0.9997
vn 0.0085 -0.0445 -0.9990
vn 0.0674 -0.3831 -0.9212
vn 0.1336 -0.7778 -0.6142
vn 0.0125 -0.0810 -0.9966
vn 0.0031 -0.0181 -0.9998
vn 0.0131 -0.0624 -0.9980
vn 0.0706 -0.3794 -0.9225
vn 0.1300 -0.7735 -0.6203
vn 0.0115 -0.0917 -0.9957
vn -0.0021 -0.0252 -0.9997
vn 0.0105 -0.0802 -0.9967
vn 0.0694 -0.3706 -0.9262
vn 0.1303 -0.7680 -0.6271
vn 0.0232 -0.0919 -0.9955
vn -0.0055 -0.0373 -0.9993
vn 0.0032 -0.0981 -0.9952
vn 0.0649 -0.3690 -0.9272
vn 0.0262 -0.0875 -0.9958
vn 0.0104 -0.0352 -0.9993
vn 0.0048 -0.0974 -0.9952
vn 0.0650 -0.3724 -0.9258
vn 0.1252 -0.7610 -0.6366
vn 0.0142 -0.1004 -0.9948
vn 0.0121 -0.0530 -0.9985
vn 0.0161 -0.0845 -0.9963
vn 0.0632 -0.3754 -0.9247
vn 0.1211 -0.7605 -0.6379
vn 0.0155 -0.1149 -0.9933
vn 0.0005 -0.0873 -0.9962
vn 0.0065 -0.0967 -0.9953
vn -0.0119 0.1410 -0.9899
vn -0.0102 0.1111 -0.9938
vn 0.0099 0.1497 -0.9887
vn -0.0101 0.2845 -0.9586
vn 0.0142 0.1446 -0.9894
vn 0.0210 0.1779 -0.9838
vn 0.0360 0.1023 -0.9941
vn -0.0288 0.0639 -0.9975
vn 0.0355 0.1496 -0.9881
vn 0.0095 0.1140 -0.9934
vn 0.0644 0.1040 -0.9925
vn 0.0308 0.0597 -0.9977
vn 0.0582 0.1110 -0.9921
vn 0.0235 0.0861 -0.9960
vn -0.0018 0.0780 -0.9969
vn 0.0433 0.0829 -0.9956
vn 0.0350 0.1233 -0.9918
vn 0.0058 -0.0039 -1.0000
vn 0.0332 0.0784 -0.9964
vn -0.0331 0.0004 -0.9995
vn -0.0775 -0.0251 -0.9967
vn -0.0619 -0.0893 -0.9941
vn -0.0572 -0.0479 -0.9972
vn -0.0369 -0.0777 -0.9963
vn -0.0311 0.0268 -0.9992
vn -0.0207 0.0018 -0.9998
vn -0.0352 -0.0490 -0.9982
vn -0.0312 -0.1050 -0.9940
vn -0.0041 0.0018 -1.0000
vn -0.0241 0.0531 -0.9983
vn -0.0061 0.0203 -0.9998
vn -0.0078 0.0473 -0.9989
vn -0.0075 0.0381 -0.9992
vn -0.0271 0.0460 -0.9986
vn -0.0095 0.0537 -0.9985
vn 0.0198 0.0652 -0.9977
vn 0.0132 -0.1286 -0.9916
vn -0.0018 -0.1183 -0.9930
vn 0.0215 -0.0890 -0.9958
vn 0.0169 -0.1221 -0.9924
vn 0.0048 -0.0930 -0.9956
vn 0.0204 -0.4585 -0.8884
vn 0.0246 -0.4443 -0.8955
vn 0.0437 -0.8511 -0.5232
vn 0.0518 -0.8265 -0.5605
vn 0.0305 -0.8577 -0.5132
vn 0.0318 -0.4397 -0.8976
vn 0.0513 -0.8436 -0.5345
vn 0.0387 -0.4333 -0.9004
vn 0.0793 -0.8320 -0.5491
vn 0.0398 -0.4378 -0.8982
vn 0.0754 -0.8348 -0.5453
vn 0.0185 -0.1206 -0.9925
vn 0.0416 -0.4337 -0.9001
vn 0.0665 -0.8287 -0.5557
vn -0.0081 -0.0559 -0.9984
vn 0.0189 -0.1235 -0.9922
vn 0.0509 -0.4226 -0.9049
vn 0.0829 -0.8113 -0.5788
vn 0.0564 -0.4047 -0.9127
vn 0.1016 -0.7933 -0.6002
vn 0.0166 -0.1395 -0.9901
vn 0.0549 -0.4010 -0.9144
vn 0.1021 -0.7852 -0.6107
vn -0.0058 -0.1054 -0.9944
vn 0.0176 -0.1608 -0.9868
vn 0.0539 -0.4027 -0.9137
vn 0.1000 -0.7786 -0.6195
vn 0.0243 -0.1639 -0.9862
vn 0.0072 -0.1141 -0.9934
vn -0.0098 -0.0996 -0.9950
vn 0.0154 -0.0466 -0.9988
vn 0.0228 -0.0933 -0.9954
vn 0.0254 0.0018 -0.9997
vn 0.0645 -0.9842 0.1647
vn 0.0504 -0.8223 0.5669
vn 0.0646 -0.8239 0.5630
vn 0.0677 -0.8268 0.5584
vn 0.0300 -0.8229 0.5673
vn 0.0255 -0.4654 0.8847
vn 0.0334 -0.4516 0.8916
vn 0.0131 -0.2339 0.9722
vn 0.0338 -0.4499 0.8925
vn 0.0205 -0.2213 0.9750
vn 0.0059 -0.2294 0.9733
vn 0.0352 -0.4465 0.8941
vn 0.0099 -0.1593 0.9872
vn 0.0078 -0.1299 0.9915
vn 0.0419 -0.4316 0.9011
vn 0.0283 -0.1231 0.9920
vn 0.0270 -0.1618 0.9865
vn 0.0285 -0.0805 0.9964
vn 0.0365 -0.0275 0.9990
vn 0.0298 0.0496 0.9983
vn 0.0336 0.0921 0.9952
vn 0.0197 -0.2010 0.9794
vn 0.0338 0.0196 0.9992
vn 0.0321 -0.0368 0.9988
vn 0.0423 0.0728 0.9965
vn 0.0191 -0.0889 0.9959
vn 0.0088 -0.1097 0.9939
vn 0.0332 0.0683 0.9971
vn 0.0207 -0.0096 0.9997
vn 0.0281 -0.0625 0.9977
vn 0.0198 -0.0983 0.9950
vn 0.0274 0.0482 0.9985
vn 0.0433 0.0822 0.9957
vn 0.0095 -0.0924 0.9957
vn 0.0257 0.0167 0.9995
vn 0.0429 0.0584 0.9974
vn 0.0409 0.0778 0.9961
vn 0.0338 0.0540 0.9980
vn 0.0324 0.1458 0.9888
vn 0.0385 0.0418 0.9984
vn 0.0255 0.0962 0.9950
vn 0.0359 0.1659 0.9855
vn 0.0124 0.0467 0.9988
vn 0.0045 0.1548 0.9879
vn 0.0062 0.1452 0.9894
vn -0.0158 0.0716 0.9973
vn 0.0299 0.1961 0.9801
vn -0.0296 0.1304 0.9910
vn -0.0363 0.1030 0.9940
vn -0.0461 0.1069 0.9932
vn -0.0466 0.1274 0.9908
vn -0.0292 0.0819 0.9962
vn 0.0200 0.1868 0.9822
vn -0.0125 0.1307 0.9913
vn -0.0434 0.0887 0.9951
vn -0.0309 0.1006 0.9944
vn 0.0115 0.1321 0.9912
vn -0.0123 0.1919 0.9813
vn -0.0343 0.1799 0.9831
vn -0.0282 0.1194 0.9924
vn -0.0226 0.3564 0.9341
vn 0.0146 0.1652 0.9862
vn -0.0130 0.1978 0.9801
vn 0.0133 0.1942 0.9809
vn 0.0268 0.1744 0.9843
vn 0.0092 0.1556 0.9878
vn -0.0201 0.0904 -0.9957
vn 0.0085 0.0701 -0.9975
vn -0.0331 -0.0146 -0.9993
vn -0.0267 0.0253 -0.9993
vn 0.0149 0.1323 -0.9911
vn 0.0363 0.1131 -0.9929
vn -0.0204 0.1852 -0.9825
vn -0.0173 0.1763 -0.9842
vn -0.0025 0.1226 -0.9925
vn -0.0710 0.3960 -0.9155
vn -0.0204 0.2026 -0.9791
vn -0.0565 0.4058 -0.9122
vn -0.0523 0.4205 -0.9058
vn -0.1292 0.7659 -0.6298
vn -0.0600 0.4180 -0.9065
vn -0.0303 0.1414 -0.9895
vn -0.0217 -0.0117 -0.9997
vn -0.1264 0.7919 -0.5974
vn -0.1629 0.8986 -0.4074
vn -0.0634 0.4051 -0.9121
vn -0.0289 0.1049 -0.9941
vn -0.0174 -0.0117 -0.9998
vn -0.0648 0.3828 -0.9215
vn -0.0248 0.0847 -0.9961
vn -0.0094 0.0068 -0.9999
vn -0.1405 0.8878 -0.4384
vn -0.1240 0.8005 -0.5863
vn -0.1374 0.8920 -0.4306
vn -0.0245 0.0739 -0.9970
vn -0.0144 0.0181 -0.9997
vn -0.0644 0.3606 -0.9305
vn -0.1211 0.7954 -0.5939
vn -0.1133 0.7743 -0.6226
vn -0.1399 0.8793 -0.4552
vn -0.1335 0.8866 -0.4430
vn 0.1918 -0.9784 0.0764
vn 0.1574 -0.9857 0.0609
vn 0.1758 -0.9378 0.2993
vn 0.1775 -0.9436 0.2795
vn 0.1308 -0.7146 0.6872
vn 0.1931 -0.9797 0.0536
vn 0.1668 -0.9437 0.2858
vn 0.1339 -0.7194 0.6815
vn 0.0605 -0.3422 0.9377
vn 0.0578 -0.3348 0.9405
vn 0.0045 -0.0881 0.9961
vn 0.0088 -0.1118 0.9937
vn -0.0131 -0.0281 0.9995
vn -0.0432 -0.0297 0.9986
vn -0.0389 -0.0792 0.9961
vn -0.0654 -0.1033 0.9925
vn -0.0756 -0.1069 0.9914
vn -0.0528 -0.0680 0.9963
vn -0.0275 -0.0789 0.9965
vn -0.0772 -0.0469 0.9959
vn 0.0031 -0.0054 1.0000
vn -0.0968 -0.0874 0.9915
vn 0.0271 -0.0267 0.9993
vn -0.0312 -0.0690 0.9971
vn -0.0783 -0.0850 0.9933
vn -0.0938 -0.0696 0.9932
vn 0.0562 -0.0399 0.9976
vn 0.0258 -0.0446 0.9987
vn -0.0481 -0.0961 0.9942
vn -0.0534 -0.0133 0.9985
vn -0.0422 0.0011 0.9991
vn 0.0365 -0.0525 0.9980
vn 0.0413 -0.0735 0.9964
vn 0.0256 -0.1070 0.9939
vn 0.0469 -0.0039 0.9989
vn 0.0015 0.0494 0.9988
vn -0.0284 0.0546 0.9981
vn 0.0085 0.0302 0.9995
vn -0.0002 0.1003 0.9950
vn -0.0647 0.4132 0.9083
vn -0.0279 0.1100 0.9935
vn 0.0508 -0.0730 0.9960
vn 0.0490 -0.1370 0.9894
vn 0.0307 -0.0025 0.9995
vn 0.0569 -0.1345 0.9893
vn 0.0443 -0.0778 0.9960
vn 0.0228 -0.0804 0.9965
vn 0.0085 0.1010 0.9948
vn 0.0243 0.1390 0.9900
vn 0.0152 0.1004 0.9948
vn -0.0151 0.0424 0.9990
vn -0.0267 0.1478 0.9887
vn 0.0147 0.1919 0.9813
vn 0.0205 0.2078 0.9780
vn -0.0106 0.1784 0.9839
vn -0.0239 0.3464 0.9378
vn -0.0197 0.3970 0.9176
vn -0.0144 0.0459 -0.9988
vn -0.0131 -0.0082 -0.9999
vn -0.0025 0.0053 -1.0000
vn -0.0035 0.0445 -0.9990
vn -0.0098 0.0573 -0.9983
vn 0.0065 0.0337 -0.9994
vn -0.0275 0.2563 -0.9662
vn -0.0362 0.2652 -0.9635
vn -0.0781 0.6765 -0.7323
vn 0.0155 0.0602 -0.9981
vn -0.0415 0.2792 -0.9593
vn -0.0853 0.6909 -0.7179
vn -0.1054 0.9114 -0.3979
vn -0.0271 0.0410 -0.9988
vn -0.1041 0.6837 -0.7223
vn -0.0521 0.2881 -0.9562
vn -0.0204 0.0374 -0.9991
vn -0.0291 0.0539 -0.9981
vn -0.0372 0.0468 -0.9982
vn -0.0098 0.0509 -0.9987
vn 0.0025 0.0202 -0.9998
vn -0.0234 0.0289 -0.9993
vn 0.0164 0.0053 -0.9999
vn 0.0002 0.0053 -1.0000
vn -0.0018 -0.0088 -1.0000
vn -0.0091 -0.0174 -0.9998
vn 0.0028 -0.0089 -1.0000
vn -0.0251 0.0496 -0.9985
vn -0.0204 -0.0039 -0.9998
vn -0.0108 -0.0302 -0.9995
vn -0.0124 -0.0131 -0.9998
vn -0.0207 0.0402 -0.9990
vn -0.0194 0.0139 -0.9997
vn -0.0624 0.3039 -0.9507
vn -0.0071 0.0508 -0.9987
vn -0.0181 0.0481 -0.9987
vn -0.0074 0.0246 -0.9997
vn -0.0194 0.0402 -0.9990
vn -0.0151 0.0545 -0.9984
vn -0.0191 -0.0203 -0.9996
vn -0.0151 0.0146 -0.9998
vn -0.0318 0.0317 -0.9990
vn -0.0148 -0.0331 -0.9993
vn -0.0088 -0.0074 -0.9999
vn -0.0061 -0.0167 -0.9998
vn -0.0021 -0.0060 -1.0000
vn -0.0045 0.0124 -0.9999
vn -0.0124 0.0402 -0.9991
vn -0.0257 0.0111 -0.9996
vn -0.0068 -0.0089 -0.9999
vn -0.0038 0.0195 -0.9998
vn -0.0071 0.0381 -0.9992
vn -0.0091 -0.0302 -0.9995
vn -0.0111 0.0188 -0.9998
vn -0.0114 0.0189 -0.9998
vn -0.0091 -0.0687 -0.9976
vn -0.0038 -0.0873 -0.9962
vn -0.0355 -0.0132 -0.9993
vn -0.0345 -0.0439 -0.9984
vn -0.0068 -0.0231 -0.9997
vn -0.0144 -0.0139 -0.9998
vn -0.0395 -0.0455 -0.9982
vn -0.0535 0.9689 -0.2417
vn -0.0349 0.9985 0.0424
vn -0.0616 0.9812 -0.1831
vn -0.0506 0.7574 -0.6510
vn -0.0294 0.9994 -0.0182
vn -0.0362 0.9973 0.0639
vn -0.0419 0.7563 -0.6529
vn -0.0503 0.9681 -0.2455
vn -0.0206 0.3207 -0.9469
vn -0.0243 0.3000 -0.9536
vn -0.0256 0.3286 -0.9441
vn 0.0041 0.0039 -1.0000
vn -0.0327 0.7475 -0.6634
vn 0.0018 0.0252 -0.9997
vn -0.0121 0.0096 -0.9999
vn -0.0227 0.3227 -0.9462
vn 0.0038 -0.0473 -0.9989
vn -0.0154 0.0366 -0.9992
vn -0.0330 0.2975 -0.9542
vn -0.0171 0.0645 -0.9978
vn -0.0250 0.3019 -0.9530
vn -0.0381 0.0032 -0.9993
vn -0.0211 -0.0224 -0.9995
vn -0.0224 -0.0374 -0.9990
vn -0.0456 0.0635 -0.9969
vn -0.0627 -0.0076 -0.9980
vn -0.0742 0.0207 -0.9970
vn -0.0287 -0.0167 -0.9994
vn -0.0732 -0.0243 -0.9970
vn -0.0187 0.0004 -0.9998
vn -0.0294 -0.0053 -0.9996
vn -0.0018 0.0288 -0.9996
vn -0.0084 0.0103 -0.9999
vn 0.0041 0.0174 -0.9998
vn 0.0018 0.0181 -0.9998
vn 0.0058 0.0295 -0.9995
vn 0.0171 0.0260 -0.9995
vn 0.0068 0.0695 -0.9976
vn 0.0215 0.0976 -0.9950
vn 0.0158 0.0860 -0.9962
vn 0.0214 0.0617 -0.9979
vn 0.0178 0.0502 -0.9986
vn 0.0031 0.0373 -0.9993
vn 0.0215 0.0710 -0.9972
vn 0.0164 0.0545 -0.9984
vn 0.0038 -0.1459 -0.9893
vn 0.0002 0.0067 -1.0000
vn 0.0112 0.1394 0.9902
vn -0.0055 0.1271 0.9919
vn -0.0179 0.3306 0.9436
vn -0.0131 0.0975 0.9951
vn -0.0062 0.1031 0.9946
vn -0.0209 0.1200 0.9926
vn 0.0118 0.0495 0.9987
vn -0.0228 0.0753 0.9969
vn -0.0051 0.0659 0.9978
vn 0.0151 0.0317 0.9994
vn -0.0178 0.0595 0.9981
vn -0.0286 0.1289 0.9912
vn -0.0045 0.0281 0.9996
vn -0.0297 0.1347 0.9904
vn -0.0291 0.3312 0.9431
vn -0.0402 0.3529 0.9348
vn -0.0172 0.3254 0.9454
vn -0.0271 0.0360 0.9990
vn -0.0459 0.6925 0.7199
vn -0.0411 0.3712 0.9276
vn -0.0365 0.1445 0.9888
vn -0.0255 0.4194 0.9074
vn 0.0111 -0.0352 0.9993
vn 0.0538 0.0076 0.9985
vn 0.0577 -0.0747 0.9955
vn 0.0617 0.0393 0.9973
vn 0.0786 0.0535 0.9955
vn 0.0607 0.1171 0.9913
vn 0.0435 0.1294 0.9906
vn 0.0504 0.0233 0.9985
vn 0.0408 0.1286 0.9909
vn 0.0368 0.1438 0.9889
vn 0.0353 0.1014 0.9942
vn 0.0041 -0.0331 0.9994
vn 0.0149 0.1403 0.9900
vn 0.0131 0.0445 0.9989
vn -0.0005 -0.0345 0.9994
vn -0.0008 -0.0025 1.0000
vn -0.0041 -0.0209 0.9998
vn -0.0045 -0.0281 0.9996
vn -0.0386 0.0663 0.9971
vn -0.0352 -0.0611 0.9975
vn -0.0606 0.0076 0.9981
vn -0.0204 -0.0203 0.9996
vn 0.0499 -0.3063 0.9506
vn -0.0104 -0.0637 0.9979
vn 0.0544 -0.3231 0.9448
vn 0.1279 -0.7038 0.6988
vn 0.1550 -0.9512 0.2668
vn 0.1287 -0.7087 0.6937
vn 0.1655 -0.9398 0.2991
vn 0.1437 -0.9895 0.0160
vn 0.1336 -0.9901 -0.0437
vn 0.0025 0.0309 -0.9995
vn 0.0134 0.0595 -0.9981
vn -0.0031 0.0153 -0.9999
vn 0.0171 0.0146 -0.9997
vn 0.0281 0.0675 -0.9973
vn 0.0358 0.0518 -0.9980
vn 0.0178 0.0753 -0.9970
vn -0.0008 0.0544 -0.9985
vn 0.0298 0.0318 -0.9991
vn 0.0368 0.0468 -0.9982
vn 0.0151 0.0103 -0.9998
vn -0.0041 0.0046 -1.0000
vn 0.0078 0.0267 -0.9996
vn 0.0178 -0.0509 -0.9985
vn -0.0005 -0.0473 -0.9989
vn -0.0121 0.0459 -0.9989
vn 0.0018 -0.0252 -0.9997
vn -0.0111 0.0495 -0.9987
vn -0.0178 0.3040 -0.9525
vn -0.0305 0.7383 -0.6738
vn 0.0161 0.0074 -0.9998
vn 0.0028 0.0544 -0.9985
vn -0.0091 0.2939 -0.9558
vn -0.0243 0.7295 -0.6835
vn 0.0254 0.0403 -0.9989
vn 0.0085 0.0716 -0.9974
vn -0.0036 0.2851 -0.9585
vn -0.0074 0.7020 -0.7121
vn -0.0029 0.2772 -0.9608
vn 0.0128 0.0766 -0.9970
vn 0.0030 0.6801 -0.7331
vn -0.0008 0.0916 -0.9958
vn -0.0037 0.6659 -0.7460
vn -0.0036 0.2641 -0.9645
vn -0.0058 0.0953 -0.9954
vn -0.0139 0.6722 -0.7402
vn -0.0128 0.2556 -0.9667
vn -0.0127 0.9464 -0.3228
vn -0.0108 0.6801 -0.7331
vn -0.0241 0.0732 -0.9970
vn -0.0145 0.0802 -0.9967
vn -0.0209 0.2390 -0.9708
vn -0.0389 0.0569 -0.9976
vn 0.0096 0.6675 -0.7445
vn -0.0338 0.0360 -0.9988
vn -0.0130 0.2015 -0.9794
vn -0.0355 0.0604 -0.9975
vn -0.0422 0.0204 -0.9989
vn -0.0161 0.0345 -0.9993
vn -0.0008 0.1666 -0.9860
vn -0.0022 0.0866 -0.9962
vn -0.0267 0.0303 -0.9992
vn -0.0221 0.0360 -0.9991
vn 0.0218 0.0474 -0.9986
vn -0.0321 0.0253 -0.9992
vn 0.0168 0.0360 -0.9992
vn -0.0436 0.0190 -0.9989
vn -0.0267 0.0039 -0.9996
vn 0.0158 -0.0068 -0.9999
vn -0.0525 0.3628 0.9304
vn -0.1246 0.7258 0.6766
vn -0.0286 0.1347 0.9905
vn -0.0114 0.0466 0.9988
vn -0.1252 0.7364 0.6649
vn -0.0564 0.3822 0.9224
vn 0.0285 0.0768 0.9966
vn -0.0191 0.0303 0.9994
vn 0.0022 -0.0252 0.9997
vn -0.0162 0.1163 0.9931
vn -0.0167 0.0246 0.9996
vn 0.0088 -0.0416 0.9991
vn -0.0108 -0.0068 0.9999
vn -0.0221 -0.0167 0.9996
vn -0.0125 0.0917 0.9957
vn -0.0371 -0.0089 0.9993
vn -0.0628 0.3903 0.9186
vn -0.0115 0.0766 0.9970
vn -0.0015 -0.0423 0.9991
vn -0.0138 -0.0203 0.9997
vn -0.0261 -0.0118 0.9996
vn 0.0168 -0.0303 0.9994
vn -0.0334 0.0011 0.9994
vn 0.0324 -0.0132 0.9994
vn 0.0294 -0.0103 0.9995
vn -0.0068 -0.0032 1.0000
vn 0.0254 0.0289 0.9993
vn -0.0281 0.0132 0.9995
vn 0.0541 -0.0097 0.9985
vn 0.0422 -0.0297 0.9987
vn -0.0055 -0.0039 1.0000
vn -0.0368 -0.0111 0.9993
vn 0.0528 -0.0500 0.9974
vn -0.0325 -0.0511 0.9982
vn 0.0288 -0.0560 0.9980
vn -0.0194 -0.0424 0.9989
vn -0.0358 -0.0375 0.9987
vn 0.0214 0.0039 0.9998
vn 0.0022 0.0766 0.9971
vn 0.0402 -0.0025 0.9992
vn 0.0002 0.0616 0.9981
vn -0.0175 0.0903 0.9958
vn 0.0301 -0.0075 0.9995
vn 0.0177 0.0238 0.9996
vn -0.0419 0.1967 0.9796
vn -0.0373 0.0907 0.9952
vn 0.0138 0.0033 0.9999
vn 0.0244 -0.0139 0.9996
vn -0.0339 0.1799 0.9831
vn -0.0898 0.4730 0.8765
vn -0.0430 0.0793 0.9959
vn -0.0095 0.0245 0.9997
vn -0.0938 0.4731 0.8760
vn 0.0261 -0.0360 0.9990
vn -0.1470 0.8389 0.5241
vn -0.0253 0.1522 0.9880
vn -0.1523 0.8506 0.5033
vn -0.1558 0.9296 0.3341
vn -0.0933 0.4710 0.8772
vn -0.0165 0.1228 0.9923
vn 0.0194 -0.0423 0.9989
vn -0.1634 0.9328 0.3212
vn -0.1386 0.8293 0.5413
vn -0.1603 0.8575 0.4888
vn -0.0915 0.4629 0.8817
vn -0.0111 0.0960 0.9953
vn -0.1353 0.8592 0.4934
vn -0.1050 0.8467 0.5215
vn -0.1787 0.9392 0.2931
vn -0.1702 0.8542 0.4913
vn -0.0895 0.4504 0.8883
vn -0.2056 0.9436 0.2595
vn -0.1579 0.9078 0.3885
vn -0.1796 0.8350 0.5202
vn 0.0144 -0.0011 -0.9999
vn -0.0144 0.0039 -0.9999
vn -0.0217 0.0018 -0.9998
vn -0.0241 0.0381 -0.9990
vn 0.0022 0.0430 -0.9991
vn 0.0038 -0.0039 -1.0000
vn -0.0148 0.0731 -0.9972
vn -0.0117 0.0053 -0.9999
vn 0.0051 0.0438 -0.9990
vn -0.0028 0.0730 -0.9973
vn 0.0108 0.0139 -0.9998
vn 0.0134 0.0324 -0.9994
vn -0.0002 0.0437 -0.9990
vn -0.0098 0.0132 -0.9999
vn -0.0101 0.0032 -0.9999
vn -0.0104 0.0068 -0.9999
vn -0.0082 -0.1438 -0.9896
vn -0.0058 -0.1205 -0.9927
vn -0.0085 -0.1358 -0.9907
vn -0.0013 -0.4103 -0.9120
vn -0.0055 -0.1467 -0.9892
vn -0.0038 -0.0060 -1.0000
vn 0.0058 -0.0010 -1.0000
vn 0.0008 -0.1475 -0.9891
vn 0.0009 -0.4210 -0.9070
vn 0.0089 -0.7873 -0.6165
vn 0.0097 -0.7909 -0.6119
vn 0.0056 -0.7849 -0.6196
vn -0.0009 -0.4016 -0.9158
vn 0.0023 -0.7839 -0.6208
vn -0.0002 -0.3939 -0.9191
vn 0.0014 -0.7834 -0.6216
vn 0.0002 -0.3930 -0.9196
vn -0.0010 -0.7889 -0.6146
vn -0.0016 -0.3896 -0.9210
vn 0.0006 -0.7928 -0.6095
vn -0.0045 -0.1061 -0.9944
vn -0.0023 -0.3826 -0.9239
vn -0.0085 -0.0902 -0.9959
vn -0.0098 0.0060 -0.9999
vn -0.0161 0.0132 -0.9998
vn -0.0108 -0.0680 -0.9976
vn -0.0054 -0.3717 -0.9283
vn -0.0056 -0.7873 -0.6165
vn -0.0058 0.0146 -0.9999
vn -0.0164 0.0004 -0.9999
vn -0.0244 0.0325 -0.9992
vn -0.0148 -0.0445 -0.9989
vn -0.0117 -0.3584 -0.9335
vn -0.0089 -0.7864 -0.6177
vn -0.0134 -0.3485 -0.9372
vn -0.0056 -0.7809 -0.6246
vn -0.0171 -0.0260 -0.9995
vn -0.0281 0.0610 -0.9977
vn -0.0351 0.0018 -0.9994
vn -0.0137 -0.3392 -0.9406
vn -0.0047 -0.7663 -0.6424
vn -0.0164 -0.0153 -0.9997
vn -0.0061 -0.0060 -1.0000
vn -0.0179 -0.3273 -0.9447
vn 0.0292 -0.7316 -0.6812
vn -0.0181 -0.0075 -0.9998
vn 0.0155 -0.3297 -0.9440
vn -0.0084 -0.0252 -0.9996
vn 0.0492 -0.1012 -0.9937
vn -0.0061 0.0580 -0.9983
vn -0.0168 0.0860 -0.9962
vn -0.0232 0.0818 -0.9964
vn -0.0415 0.0183 -0.9990
vn -0.0301 0.0353 -0.9989
vn -0.0048 0.0195 -0.9998
vn -0.0355 -0.0211 -0.9991
vn -0.0321 -0.0310 -0.9990
vn 0.0268 -0.0625 -0.9977
vn -0.0524 -0.0320 -0.9981
vn -0.0331 -0.0303 -0.9990
vn 0.0594 -0.0668 -0.9960
vn -0.0565 -0.0198 -0.9982
vn 0.0078 0.0068 -0.9999
vn -0.0118 -0.0253 -0.9996
vn -0.0446 0.0298 -0.9986
vn -0.0144 0.0531 -0.9985
vn 0.0045 0.0174 -0.9998
vn 0.0111 0.0217 -0.9997
vn 0.0135 0.0552 -0.9984
vn 0.0095 0.0473 -0.9988
vn 0.0045 0.0409 -0.9992
vn 0.0098 0.0982 -0.9951
vn 0.0028 0.1017 -0.9948
vn -0.0035 0.0580 -0.9983
vn 0.0234 0.0481 -0.9986
vn 0.0195 0.0782 -0.9968
vn 0.0345 0.0154 -0.9993
vn 0.0288 0.1663 -0.9857
vn 0.0123 0.6685 -0.7436
vn 0.0413 0.2043 -0.9780
vn -0.0025 0.0480 -0.9988
vn 0.0078 0.0004 -1.0000
vn 0.0019 0.2409 -0.9706
vn -0.0164 -0.0011 -0.9999
vn 0.0058 -0.0110 -0.9999
vn -0.0019 0.2625 -0.9649
vn 0.0227 -0.0068 -0.9997
vn 0.0178 -0.0559 -0.9983
vn 0.0084 0.2962 -0.9551
vn 0.0035 0.0480 -0.9988
vn -0.0213 0.7465 -0.6650
vn 0.0432 -0.0476 -0.9979
vn 0.0652 -0.0553 -0.9963
vn 0.0158 0.0403 -0.9991
vn 0.0714 -0.0004 -0.9974
vn 0.1042 -0.0804 -0.9913
vn -0.0255 0.1085 -0.9938
vn 0.0908 -0.1445 -0.9853
vn 0.0181 0.0932 -0.9955
vn 0.0385 -0.0633 -0.9972
vn 0.0736 -0.0120 -0.9972
vn 0.1080 -0.1754 -0.9786
vn 0.0864 -0.1742 -0.9809
vn 0.0331 -0.0225 -0.9992
vn 0.1070 -0.1295 -0.9858
vn 0.1283 -0.2130 -0.9686
vn 0.0987 -0.1287 -0.9868
vn 0.0563 0.0783 -0.9953
vn 0.1165 -0.1549 -0.9810
vn 0.1479 -0.1729 -0.9738
vn 0.0287 0.1537 -0.9877
vn 0.0782 -0.0550 -0.9954
vn 0.0706 0.0890 -0.9935
vn 0.0955 0.1389 -0.9857
vn 0.0065 0.0409 -0.9991
vn -0.0068 -0.0196 -0.9998
vn 0.0131 -0.0766 -0.9970
vn -0.2794 0.0014 -0.9602
vn -0.2926 -0.0014 -0.9562
vn -0.2719 -0.0076 -0.9623
vn -0.9985 -0.0534 -0.0073
vn -0.9980 0.0617 0.0099
vn -0.9862 -0.0818 -0.1439
vn -0.9742 0.1795 -0.1369
vn -0.2432 0.0124 -0.9699
vn -0.9354 -0.0919 -0.3415
vn -0.9015 0.1891 -0.3894
vn 0.0453 0.0656 -0.9968
vn -0.2009 0.0193 -0.9794
vn -0.8176 -0.0185 -0.5755
vn 0.1224 0.1044 -0.9870
vn -0.1639 0.1078 -0.9806
vn 0.0832 0.0588 -0.9948
vn -0.7570 0.2200 -0.6152
vn 0.0242 0.1229 -0.9921
vn 0.1339 0.1239 -0.9832
vn 0.1017 0.1267 -0.9867
vn -0.1638 0.3761 -0.9120
vn -0.8484 0.4411 -0.2925
vn 0.0969 0.3727 -0.9229
vn 0.1286 0.3231 -0.9376
vn 0.0286 0.1318 -0.9909
vn -0.2151 0.7446 -0.6319
vn -0.0158 0.1119 -0.9936
vn -0.0266 0.1318 -0.9909
vn 0.0251 0.3088 -0.9508
vn -0.0244 0.3128 -0.9495
vn -0.0381 0.3255 -0.9448
vn 0.0289 0.6394 -0.7683
vn -0.0061 0.6727 -0.7399
vn -0.0258 0.3194 -0.9473
vn -0.0286 0.7140 -0.6996
vn -0.0314 0.7424 -0.6692
vn -0.0030 0.7500 -0.6614
vn -0.0203 0.9586 -0.2842
vn -0.0051 0.9649 -0.2624
vn -0.0055 0.9455 -0.3255
vn 0.0274 0.9190 -0.3932
vn 0.0097 0.9880 -0.1544
vn 0.0484 0.9832 -0.1761
vn 0.0507 0.8898 -0.4536
vn 0.0526 0.9883 -0.1431
vn -0.0052 0.9934 -0.1146
vn 0.1062 0.6740 -0.7311
vn 0.0669 0.9260 -0.3716
vn 0.0688 0.7225 -0.6880
vn 0.0208 0.9570 -0.2892
vn -0.2734 0.9429 -0.1902
vn -0.9105 0.4087 0.0630
vn -0.2891 0.9570 0.0253
vn -0.9395 0.3425 0.0097
vn -0.0062 0.9998 0.0208
vn -0.2482 0.9663 0.0675
vn -0.8782 0.4524 -0.1551
vn 0.0276 0.9996 -0.0007
vn 0.0088 0.9890 0.1477
vn -0.1794 0.9803 0.0829
vn -0.7804 0.6058 -0.1545
vn 0.0134 0.9993 0.0342
vn -0.0025 0.9902 0.1397
vn 0.0225 0.9927 0.1186
vn -0.1322 0.9908 0.0284
vn -0.7066 0.7053 -0.0573
vn -0.6885 0.7230 0.0564
vn 0.0225 0.9983 0.0544
vn -0.1207 0.9916 -0.0461
vn -0.7437 0.6341 0.2118
vn -0.0289 0.9987 0.0423
vn 0.0400 0.9990 -0.0182
vn -0.1565 0.9809 -0.1153
vn -0.0125 0.9999 0.0007
vn -0.0533 0.9982 0.0263
vn -0.1009 0.7785 0.6194
vn -0.0446 0.3359 0.9408
vn -0.0350 0.1203 0.9921
vn -0.0545 0.4169 0.9073
vn -0.0575 0.3798 0.9233
vn -0.0747 0.8154 0.5740
vn -0.0995 0.7564 0.6464
vn -0.0643 0.7688 0.6362
vn -0.0844 0.7470 0.6594
vn -0.0520 0.9055 0.4211
vn -0.1114 0.8909 0.4403
vn -0.1387 0.8988 0.4159
vn -0.1506 0.9190 0.3643
vn -0.1245 0.8302 0.5434
vn -0.0505 0.9221 0.3836
vn -0.1403 0.9090 0.3925
vn -0.0668 0.8686 0.4909
vn -0.1336 0.8093 0.5721
vn -0.0705 0.9256 0.3718
vn -0.1121 0.9313 0.3467
vn -0.1567 0.9758 0.1526
vn -0.1514 0.9152 0.3734
vn -0.1085 0.9935 0.0336
vn -0.1574 0.9074 0.3897
vn -0.1643 0.9044 0.3937
vn -0.1356 0.8716 0.4711
vn -0.1278 0.9853 0.1138
vn -0.1420 0.9865 -0.0813
vn -0.0796 0.9893 -0.1226
vn -0.1261 0.9913 0.0380
vn -0.1149 0.9934 -0.0076
vn -0.0912 0.9956 0.0198
vn -0.1047 0.9945 0.0103
vn -0.1792 0.9833 0.0305
vn -0.1276 0.9912 0.0352
vn -0.2102 0.9739 -0.0859
vn -0.1513 0.9870 0.0538
vn -0.1349 0.9616 -0.2389
vn -0.1022 0.9628 -0.2502
vn -0.1512 0.9425 -0.2980
vn -0.1965 0.9790 0.0537
vn -0.2048 0.9765 0.0669
vn -0.1936 0.9786 -0.0693
vn -0.1975 0.9783 -0.0624
vn -0.3026 0.9510 -0.0627
vn -0.2902 0.9561 -0.0406
vn -0.2701 0.9628 0.0098
vn -0.2919 0.9560 -0.0300
vn -0.2955 0.9518 0.0823
vn -0.2653 0.9590 -0.0999
vn -0.1410 0.9648 -0.2221
vn -0.1903 0.9781 -0.0848
vn -0.2138 0.9681 -0.1308
vn -0.1732 0.9764 -0.1290
vn -0.1536 0.9613 -0.2289
vn -0.1276 0.9176 -0.3765
vn -0.1197 0.9386 -0.3235
vn -0.0997 0.9085 -0.4059
vn -0.0754 0.6686 -0.7398
vn -0.0803 0.6680 -0.7398
vn -0.0831 0.6775 -0.7308
vn -0.0196 0.2496 -0.9682
vn -0.0706 0.6866 -0.7236
vn -0.0145 0.2604 -0.9654
vn -0.0605 0.7067 -0.7049
vn -0.1149 0.9660 -0.2317
vn -0.1445 0.9870 0.0703
vn -0.0693 0.7240 -0.6863
vn -0.0136 0.3070 -0.9516
vn -0.1271 0.9820 -0.1396
vn -0.0732 0.9957 0.0576
vn -0.0739 0.7396 -0.6689
vn -0.0835 0.9904 -0.1106
vn -0.0818 0.9963 0.0279
vn -0.0764 0.9959 0.0483
vn -0.0611 0.7452 -0.6640
vn 0.0639 -0.3724 -0.9259
vn 0.1243 -0.7526 -0.6466
vn 0.0222 -0.1164 -0.9930
vn 0.0141 -0.0717 -0.9973
vn 0.0002 -0.0995 -0.9950
vn 0.0656 -0.3673 -0.9278
vn 0.1271 -0.7459 -0.6538
vn 0.0249 -0.1106 -0.9936
vn 0.0158 -0.0487 -0.9987
vn 0.0275 -0.0668 -0.9974
vn 0.0081 -0.0658 -0.9978
vn 0.0660 -0.3676 -0.9276
vn 0.0219 -0.1149 -0.9931
vn 0.1222 -0.7400 -0.6613
vn 0.0214 -0.0674 -0.9975
vn 0.0712 -0.3531 -0.9329
vn 0.1146 -0.7236 -0.6807
vn 0.0225 -0.1214 -0.9923
vn 0.0121 -0.0831 -0.9965
vn 0.0765 -0.3084 -0.9482
vn 0.0307 -0.1369 -0.9901
vn 0.0135 -0.0881 -0.9960
vn 0.0131 -0.0566 -0.9983
vn 0.0061 -0.0494 -0.9988
vn 0.0018 -0.0802 -0.9968
vn 0.0002 0.0302 -0.9995
vn 0.0028 0.0174 -0.9998
vn 0.0094 -0.0011 -1.0000
vn 0.0035 0.0160 -0.9999
vn -0.0147 -0.0146 -0.9998
vn -0.0068 0.0174 -0.9998
vn -0.0218 0.0710 -0.9972
vn -0.0158 0.0875 -0.9960
vn 0.0025 -0.0110 -0.9999
vn -0.0025 0.1054 -0.9944
vn -0.0041 0.0809 -0.9967
vn 0.0158 -0.0352 -0.9993
vn 0.0195 0.0918 -0.9956
vn -0.0008 0.0666 -0.9978
vn 0.0115 -0.0645 -0.9979
vn -0.0224 -0.0011 -0.9997
vn 0.0207 0.0374 -0.9991
vn 0.0341 0.1437 -0.9890
vn 0.0254 0.1588 -0.9870
vn -0.0115 0.1206 -0.9926
vn 0.0284 0.0610 -0.9977
vn -0.0318 0.0755 -0.9966
vn -0.0002 0.0245 -0.9997
vn -0.0191 0.0738 -0.9971
vn -0.0291 0.0160 -0.9994
vn -0.0085 0.0831 -0.9965
vn -0.0091 0.0359 -0.9993
vn -0.0281 0.0260 -0.9993
vn -0.0068 0.0310 -0.9995
vn -0.0239 0.1041 -0.9943
vn -0.0238 0.0861 -0.9960
vn -0.0012 0.0737 -0.9973
vn 0.0042 0.0816 -0.9967
vn -0.0540 0.3906 -0.9190
vn -0.0629 0.3986 -0.9150
vn -0.0711 0.4020 -0.9129
vn -0.0573 0.3932 -0.9177
vn -0.1434 0.7920 -0.5935
vn -0.1209 0.7826 -0.6107
vn -0.1376 0.8063 -0.5752
vn -0.1742 0.9115 -0.3725
vn -0.2088 0.9368 -0.2807
vn -0.1459 0.9538 -0.2628
vn -0.1219 0.7909 -0.5997
vn -0.1119 0.9377 -0.3289
vn -0.2240 0.8909 -0.3951
vn -0.2381 0.9171 -0.3198
vn -0.1207 0.9486 -0.2925
vn -0.1138 0.7589 -0.6412
vn -0.0877 0.9434 -0.3198
vn -0.1195 0.9175 -0.3792
vn -0.1216 0.7448 -0.6561
vn -0.1179 0.9331 -0.3397
vn -0.1557 0.9057 -0.3944
vn -0.1475 0.9178 -0.3688
vn -0.0827 0.9588 -0.2719
vn -0.1189 0.9501 -0.2885
vn -0.1165 0.9500 -0.2896
vn -0.1309 0.9392 -0.3173
vn -0.1019 0.9572 -0.2710
vn -0.2530 0.9041 -0.3444
vn -0.1306 0.9255 -0.3556
vn -0.2414 0.8902 -0.3865
vn -0.2561 0.8942 -0.3672
vn -0.2489 0.9107 -0.3296
vn -0.2071 0.9365 -0.2831
vn -0.2120 0.9667 -0.1435
vn -0.1543 0.9354 -0.3183
vn -0.1561 0.9743 0.1623
vn -0.1475 0.9847 -0.0926
vn -0.1162 0.9448 -0.3064
vn -0.1663 0.9843 0.0584
vn -0.0904 0.9313 -0.3527
vn -0.1348 0.9851 -0.1072
vn -0.0781 0.9108 -0.4053
vn -0.1125 0.9225 -0.3692
vn -0.0773 0.9114 -0.4042
vn -0.0951 0.9218 -0.3758
vn -0.0717 0.9221 -0.3803
vn -0.1092 0.8040 -0.5846
vn -0.1091 0.9479 -0.2991
vn -0.0694 0.4072 -0.9107
vn -0.1255 0.8313 -0.5415
vn -0.0222 0.1005 -0.9947
vn -0.0736 0.4253 -0.9021
vn -0.0419 0.0104 -0.9991
vn -0.0360 0.1175 -0.9924
vn -0.0446 -0.0305 -0.9985
vn -0.0439 0.0491 -0.9978
vn -0.0419 -0.0154 -0.9990
vn -0.0345 -0.0647 -0.9973
vn -0.0259 0.1332 -0.9908
vn -0.0350 -0.0719 -0.9968
vn -0.0231 0.0581 -0.9980
vn -0.0086 0.2090 -0.9779
vn -0.0086 0.2218 -0.9750
vn -0.0035 0.2209 -0.9753
vn -0.0284 0.1752 -0.9841
vn -0.0445 0.3542 -0.9341
vn -0.0703 0.4317 -0.8993
vn -0.0461 0.3986 -0.9160
vn -0.0583 0.4254 -0.9031
vn -0.1393 0.8386 -0.5267
vn -0.1431 0.7723 -0.6189
vn -0.1487 0.8129 -0.5631
vn -0.1709 0.9419 -0.2893
vn -0.2032 0.9123 -0.3555
vn -0.1899 0.8997 -0.3930
vn -0.1876 0.8936 -0.4077
vn -0.2070 0.8815 -0.4244
vn -0.1859 0.9044 -0.3841
vn -0.1434 0.8285 0.5413
vn -0.1543 0.9295 0.3350
vn -0.1401 0.8304 0.5393
vn -0.1520 0.9327 0.3269
vn -0.1312 0.8260 0.5482
vn -0.1375 0.9321 0.3351
vn -0.0837 0.4627 0.8826
vn -0.1290 0.8182 0.5603
vn -0.0782 0.4469 0.8912
vn -0.1317 0.9198 0.3697
vn -0.1141 0.8438 0.5244
vn -0.0727 0.4375 0.8963
vn -0.1121 0.8408 0.5296
vn -0.1227 0.8407 0.5273
vn -0.1271 0.8106 0.5717
vn -0.1318 0.9055 0.4035
vn -0.1370 0.8720 0.4700
vn -0.1738 0.9568 0.2329
vn -0.1246 0.8479 0.5152
vn -0.1869 0.9705 0.1525
vn -0.1753 0.9106 0.3743
vn -0.2085 0.9780 -0.0109
vn -0.1400 0.8799 0.4541
vn -0.1174 0.9046 0.4098
vn -0.1116 0.7970 0.5936
vn -0.0705 0.4252 0.9024
vn -0.1067 0.7710 0.6279
vn -0.0693 0.4004 0.9137
vn -0.1432 0.9228 0.3576
vn -0.1242 0.7595 0.6386
vn -0.2107 0.9201 0.3302
vn -0.1826 0.9482 0.2599
vn -0.2137 0.9487 0.2331
vn -0.2303 0.9549 0.1871
vn -0.0630 0.3825 0.9218
vn -0.1316 0.7685 0.6262
vn -0.1647 0.9626 0.2153
vn -0.2555 0.9520 0.1685
vn -0.1536 0.9763 0.1524
vn -0.2210 0.9425 0.2508
vn -0.2321 0.9678 0.0974
vn 0.0594 -0.0725 0.9956
vn 0.0713 -0.0905 0.9933
vn 0.0355 -0.0583 0.9977
vn 0.0828 -0.0208 0.9964
vn 0.0629 -0.0996 0.9930
vn 0.0442 -0.1199 0.9918
vn 0.0105 -0.0795 0.9968
vn 0.0309 -0.3444 0.9383
vn 0.0377 -0.7057 0.7075
vn 0.0016 -0.3409 0.9401
vn 0.0062 -0.7197 0.6942
vn 0.0510 -0.9578 0.2827
vn 0.0105 -0.9613 0.2752
vn 0.0087 -0.7331 0.6801
vn 0.0119 -0.9621 0.2725
vn 0.0111 -0.7445 0.6675
vn 0.0047 -0.3449 0.9386
vn 0.0032 -0.3499 0.9368
vn 0.0111 -0.0481 0.9988
vn 0.0041 -0.0252 0.9997
vn 0.0344 0.0004 0.9994
vn 0.0184 0.0467 0.9987
vn 0.0593 -0.0436 0.9973
vn 0.0682 -0.0011 0.9977
vn 0.0388 -0.0082 0.9992
vn 0.0038 0.0068 1.0000
vn 0.0565 -0.0198 0.9982
vn 0.0551 -0.0313 0.9980
vn -0.0324 0.0125 0.9994
vn 0.0114 -0.0061 0.9999
vn 0.0277 0.0039 0.9996
vn 0.0504 -0.0456 0.9977
vn 0.0355 -0.0368 0.9987
vn -0.0204 0.0103 0.9997
vn 0.0251 0.0103 0.9996
vn 0.0018 -0.0566 0.9984
vn 0.0318 -0.0489 0.9983
vn 0.0197 0.0217 0.9996
vn 0.0071 0.0046 1.0000
vn -0.0012 -0.0274 0.9996
vn 0.0075 -0.0666 0.9978
vn -0.0111 0.0773 0.9969
vn -0.0037 0.3749 0.9270
vn 0.0071 0.0630 0.9980
vn 0.0341 -0.0004 0.9994
vn 0.0245 0.0883 0.9958
vn 0.0672 0.0134 0.9976
vn 0.0708 0.0330 0.9969
vn 0.0947 0.0261 0.9952
vn 0.0425 0.0211 0.9989
vn 0.0486 -0.0247 0.9985
vn -0.1875 0.9419 0.2785
vn -0.1079 0.8682 0.4844
vn -0.1483 0.8796 0.4520
vn -0.1115 0.9019 0.4173
vn -0.1221 0.9222 0.3670
vn -0.1393 0.8838 0.4467
vn -0.1531 0.9623 0.2248
vn -0.1372 0.9669 0.2151
vn -0.1262 0.9914 -0.0352
vn -0.1500 0.8964 0.4171
vn -0.1098 0.9796 0.1685
vn -0.1057 0.9940 0.0295
vn -0.1681 0.8872 0.4296
vn -0.1509 0.9383 0.3111
vn -0.1135 0.9859 0.1226
vn -0.1110 0.9936 0.0199
vn -0.1290 0.9893 0.0684
vn -0.1401 0.9726 0.1855
vn -0.1566 0.9814 0.1111
vn -0.1855 0.8924 0.4113
vn -0.1711 0.9185 0.3564
vn -0.1783 0.9410 0.2877
vn -0.1931 0.9589 0.2078
vn -0.2005 0.9607 0.1920
vn -0.1948 0.9603 0.1996
vn -0.1920 0.9595 0.2063
vn -0.2156 0.9496 0.2278
vn -0.2057 0.9569 0.2051
vn -0.1766 0.8044 0.5672
vn -0.0852 0.4354 0.8962
vn -0.1633 0.7770 0.6080
vn -0.1981 0.9602 0.1971
vn -0.0813 0.4189 0.9044
vn -0.1528 0.7541 0.6387
vn -0.1897 0.9606 0.2030
vn -0.1806 0.9561 0.2309
vn -0.1466 0.7382 0.6585
vn -0.1386 0.7386 0.6597
vn -0.1288 0.7428 0.6570
vn -0.0679 0.3841 0.9208
vn -0.0776 0.3743 0.9241
vn -0.0091 0.0938 0.9955
vn -0.0209 0.1207 0.9925
vn -0.0781 0.3800 0.9217
vn -0.0323 0.1282 0.9912
vn -0.0740 0.3950 0.9157
vn -0.0776 0.4049 0.9111
vn -0.0299 0.1115 0.9933
vn -0.0118 0.0395 0.9992
vn -0.0298 0.0296 0.9991
vn -0.0228 0.0890 0.9958
vn -0.0171 0.0352 0.9992
vn -0.0271 0.0082 0.9996
vn -0.0151 0.0774 0.9969
vn 0.0321 -0.0339 0.9989
vn -0.0389 0.0605 0.9974
vn 0.0028 0.0103 0.9999
vn -0.0134 -0.0167 0.9998
vn -0.0433 0.0671 0.9968
vn -0.0254 0.0539 0.9982
vn -0.0325 0.0511 0.9982
vn 0.0048 -0.0352 0.9994
vn -0.0101 0.0788 0.9968
vn -0.1236 0.8723 -0.4731
vn -0.1424 0.8646 -0.4819
vn -0.1409 0.9408 -0.3083
vn -0.1624 0.9612 -0.2232
vn -0.1400 0.8736 -0.4661
vn -0.1324 0.9722 -0.1929
vn -0.1638 0.9732 -0.1616
vn -0.1831 0.9727 -0.1423
vn -0.1206 0.8955 -0.4285
vn -0.1253 0.9685 -0.2152
vn -0.1080 0.7394 -0.6645
vn -0.1379 0.9552 -0.2618
vn -0.1460 0.9698 -0.1956
vn -0.1545 0.9802 -0.1235
vn -0.1585 0.9866 -0.0386
vn -0.1633 0.9865 -0.0120
vn -0.1712 0.9848 -0.0290
vn -0.1567 0.9260 0.3434
vn -0.1444 0.9322 0.3320
vn -0.1667 0.9211 0.3518
vn -0.1791 0.9838 0.0007
vn -0.1646 0.9356 0.3122
vn -0.1333 0.8207 0.5556
vn -0.1465 0.8159 0.5593
vn -0.1463 0.8147 0.5611
vn -0.1385 0.8424 0.5208
vn -0.1307 0.8246 0.5505
vn -0.1460 0.8379 0.5260
vn -0.1338 0.9618 0.2388
vn -0.1206 0.9297 0.3479
vn -0.0896 0.9462 0.3111
vn -0.1861 0.9571 0.2220
vn -0.0655 0.7974 0.5998
vn -0.0677 0.9826 0.1729
vn -0.0212 0.9551 0.2955
vn -0.0397 0.4034 0.9142
vn -0.0349 0.7800 0.6248
vn -0.0460 0.7353 0.6762
vn -0.0592 0.7062 0.7056
vn -0.0381 0.9479 0.3162
vn -0.0349 0.9976 0.0599
vn -0.0631 0.9365 0.3451
vn -0.0625 0.9318 0.3575
vn -0.0523 0.9953 0.0815
vn -0.0326 0.9981 -0.0518
vn -0.0303 0.9950 -0.0947
vn -0.1802 0.9835 0.0177
vn -0.0338 0.9894 -0.1413
vn -0.2520 0.9620 -0.1047
vn -0.2392 0.9701 -0.0406
vn -0.0975 0.9940 -0.0499
vn -0.2147 0.9660 -0.1437
vn -0.2607 0.9644 -0.0456
vn -0.0810 0.9876 -0.1346
vn -0.0700 0.9692 -0.2360
vn -0.2433 0.9682 -0.0584
vn -0.1408 0.9771 -0.1598
vn -0.0895 0.9761 -0.1979
vn -0.0646 0.9736 -0.2188
vn -0.1141 0.9879 -0.1048
vn -0.0718 0.9942 -0.0807
vn -0.1511 0.9776 -0.1467
vn -0.2267 0.9731 -0.0402
vn -0.1879 0.8713 -0.4534
vn -0.1743 0.9114 -0.3728
vn -0.1622 0.9523 -0.2583
vn -0.1646 0.9156 -0.3668
vn -0.1253 0.9587 -0.2552
vn -0.1251 0.9809 -0.1491
vn -0.1271 0.9907 -0.0477
vn -0.1637 0.9711 -0.1740
vn -0.1843 0.9228 -0.3382
vn -0.1860 0.8935 -0.4086
vn -0.1365 0.7338 -0.6655
vn -0.1651 0.9070 -0.3875
vn -0.0526 0.3238 -0.9447
vn -0.1296 0.7007 -0.7016
vn -0.0241 0.1884 -0.9818
vn -0.0661 0.3118 -0.9479
vn -0.0225 0.2176 -0.9758
vn -0.0434 0.1685 -0.9848
vn -0.0374 0.1883 -0.9814
vn -0.0112 0.1170 -0.9931
vn -0.0068 0.1177 -0.9930
vn -0.0138 -0.0160 -0.9998
vn -0.0402 -0.0648 -0.9971
vn 0.0091 0.0381 -0.9992
vn -0.0275 -0.0833 -0.9961
vn -0.0298 -0.0539 -0.9981
vn -0.0579 0.9971 0.0493
vn -0.0509 0.9379 0.3432
vn -0.0822 0.9942 0.0699
vn -0.0951 0.9952 -0.0225
vn -0.0538 0.9984 -0.0169
vn -0.0358 0.9976 -0.0599
vn -0.0853 0.9905 -0.1079
vn -0.0596 0.9929 -0.1032
vn -0.0120 0.9895 -0.1438
vn -0.0641 0.9874 -0.1447
vn -0.0540 0.9711 -0.2327
vn -0.0651 0.9575 -0.2811
vn -0.0213 0.9651 -0.2612
vn -0.0516 0.9874 -0.1497
vn -0.0143 0.9963 -0.0852
vn -0.0198 0.9986 -0.0491
vn -0.0334 0.9907 -0.1320
vn 0.0066 0.9982 -0.0597
vn -0.0407 0.9916 -0.1229
vn -0.0230 0.9972 0.0706
vn -0.0392 0.9332 0.3572
vn -0.0383 0.9121 0.4082
vn -0.0426 0.6837 0.7285
vn -0.0406 0.6868 0.7257
vn -0.0335 0.6910 0.7221
vn 0.0043 0.9937 0.1118
vn 0.0358 0.9956 0.0867
vn 0.0216 0.9964 0.0826
vn -0.0127 0.9549 0.2968
vn -0.0216 0.9922 0.1225
vn 0.0230 0.9987 0.0464
vn 0.0144 0.9999 -0.0088
vn -0.0139 0.9967 0.0798
vn 0.0011 0.9998 -0.0182
vn -0.0075 0.9998 -0.0195
vn 0.0034 0.9856 0.1688
vn -0.0473 0.9982 0.0358
vn 0.0112 0.9993 -0.0356
vn 0.0043 0.9607 0.2776
vn -0.0271 0.9993 -0.0249
vn -0.0115 0.9851 0.1714
vn -0.0201 0.9765 0.2148
vn 0.0155 0.7894 0.6137
vn -0.0227 0.9259 0.3772
vn -0.0512 0.9694 0.2402
vn -0.0201 0.9856 0.1676
vn -0.0298 0.9943 0.1027
vn -0.0531 0.9890 0.1378
vn -0.0390 0.9970 0.0666
vn -0.0116 0.9912 0.1318
vn -0.0362 0.9652 0.2591
vn -0.0215 0.8931 0.4494
vn 0.0075 0.7465 0.6653
vn 0.0242 0.4794 0.8773
vn -0.0038 0.7031 0.7111
vn 0.0215 0.4596 0.8879
vn 0.0162 0.2526 0.9674
vn 0.0005 0.2091 0.9779
vn 0.0259 0.2756 0.9609
vn 0.0094 0.4157 0.9095
vn 0.0112 0.1119 0.9937
vn 0.0297 0.2726 0.9617
vn -0.0170 0.6675 0.7445
vn 0.0277 0.1463 0.9888
vn 0.0005 0.3723 0.9281
vn 0.0243 0.2367 0.9713
vn 0.0111 -0.0602 0.9981
vn 0.0389 0.1594 0.9864
vn -0.0035 -0.0602 0.9982
vn 0.0247 -0.0082 0.9997
vn -0.0081 -0.0188 0.9998
vn 0.0081 0.0516 0.9986
vn -0.0263 0.1478 0.9887
vn -0.0291 0.0489 0.9984
vn -0.0460 0.1428 0.9887
vn -0.0446 0.9988 0.0209
vn -0.0057 0.9977 0.0677
vn -0.0020 0.9997 0.0249
vn -0.0203 0.9997 0.0115
vn -0.0234 0.9928 -0.1173
vn -0.0502 0.9826 -0.1788
vn -0.0521 0.9857 -0.1603
vn -0.1435 0.9862 -0.0827
vn -0.1423 0.9897 0.0174
vn -0.0217 0.8767 0.4805
vn -0.0180 0.9955 0.0932
vn -0.0148 0.9952 0.0972
vn -0.0286 0.8719 0.4888
vn -0.0088 0.9874 0.1583
vn -0.0256 0.8759 0.4819
vn -0.0169 0.6480 0.7615
vn -0.0153 0.8794 0.4759
vn -0.0185 0.6506 0.7592
vn -0.0323 0.3789 0.9249
vn -0.0196 0.3856 0.9225
vn -0.0296 0.6690 0.7427
vn -0.0244 0.8838 0.4671
vn -0.0159 0.3610 0.9324
vn -0.0354 0.6800 0.7323
vn -0.0364 0.8940 0.4466
vn -0.0148 0.9963 0.0852
vn -0.0335 0.9969 0.0706
vn -0.0312 0.9963 0.0799
vn -0.0211 0.9938 -0.1092
vn -0.0057 0.9972 -0.0745
vn -0.0266 0.9957 -0.0893
vn -0.0043 0.9998 -0.0208
vn -0.0134 0.9927 -0.1198
vn -0.0381 0.9987 -0.0330
vn 0.0120 0.9952 -0.0972
vn 0.0048 0.9949 -0.1012
vn -0.0253 0.9990 -0.0370
vn -0.0294 0.9965 -0.0787
vn 0.0248 0.9949 -0.0973
vn -0.0418 0.9991 0.0034
vn -0.0218 0.9719 0.2343
vn 0.0089 0.9999 -0.0061
vn 0.0366 0.9927 -0.1148
vn -0.0271 0.9959 0.0867
vn 0.0385 0.9952 -0.0895
vn 0.0184 0.9986 -0.0490
vn -0.0312 0.9973 0.0666
vn -0.0043 0.9997 -0.0235
vn -0.0052 0.9989 0.0464
vn -0.0048 0.9999 0.0100
vn 0.0481 0.9938 -0.1003
vn -0.0062 1.0000 -0.0033
vn 0.0198 0.9981 -0.0585
vn -0.0171 0.9995 -0.0249
vn 0.0427 0.9971 -0.0626
vn 0.0285 0.9994 -0.0182
vn 0.0244 0.9981 -0.0558
vn -0.0630 0.9965 0.0548
vn 0.0253 0.9992 -0.0316
vn 0.0409 0.9990 -0.0169
vn -0.0395 0.9991 0.0182
vn -0.0389 0.9943 -0.0988
vn 0.0492 0.9799 -0.1933
vn -0.0556 0.9979 -0.0317
vn 0.0285 0.9990 -0.0343
vn 0.0459 0.9985 -0.0290
vn -0.2252 0.9692 -0.0999
vn -0.9235 0.3818 0.0365
vn -0.2632 0.9641 -0.0338
vn -0.9063 0.4209 0.0387
vn 0.0364 0.9806 -0.1928
vn -0.2506 0.9552 0.1576
vn -0.8726 0.3884 0.2961
vn 0.0354 0.9990 -0.0290
vn -0.2179 0.7751 0.5931
vn -0.8593 0.2278 0.4578
vn 0.0528 0.9773 0.2051
vn 0.0672 0.9967 0.0453
vn 0.0120 0.9903 -0.1385
vn -0.0317 0.9990 0.0316
vn 0.1099 0.9634 0.2443
vn 0.0263 0.9733 0.2278
vn 0.1172 0.7815 0.6128
vn 0.0212 0.9979 -0.0611
vn -0.0051 0.9460 0.3240
vn 0.0637 0.9435 0.3252
vn 0.0455 0.9985 -0.0317
vn 0.0034 0.9977 0.0677
vn 0.0153 0.9987 -0.0477
vn 0.0491 0.9959 -0.0761
vn 0.0061 0.9992 -0.0383
vn 0.0409 0.9991 0.0087
vn 0.0116 0.9990 -0.0423
vn 0.0056 0.9646 0.2637
vn 0.0207 0.9996 -0.0181
vn 0.0043 0.9979 -0.0651
vn 0.0134 0.9972 -0.0731
vn -0.0034 0.9998 -0.0208
vn 0.0016 0.9909 0.1344
vn 0.0143 0.9964 -0.0838
vn -0.0234 0.9531 0.3018
vn -0.0007 0.9993 -0.0383
vn -0.0589 0.9976 0.0372
vn -0.0172 0.7909 0.6117
vn -0.0273 0.9411 0.3371
vn -0.0002 0.9358 0.3525
vn -0.0215 0.8141 0.5803
vn 0.0030 0.3826 0.9239
vn -0.0027 0.8198 0.5726
vn 0.0476 0.7911 0.6098
vn 0.0005 0.4076 0.9132
vn -0.0070 0.4210 0.9070
vn 0.0244 0.4167 0.9087
vn 0.0112 0.1431 0.9896
vn 0.0994 0.3960 0.9129
vn 0.0223 0.1683 0.9855
vn 0.0667 0.7784 0.6243
vn 0.0620 0.4058 0.9119
vn 0.0503 0.1224 0.9912
vn -0.1939 0.3980 0.8967
vn -0.1915 0.1038 0.9760
vn -0.0265 0.9874 -0.1558
vn -0.0265 0.9827 -0.1835
vn -0.0360 0.9806 -0.1928
vn -0.0275 0.9898 -0.1399
vn 0.0100 0.9492 -0.3144
vn 0.0043 0.9693 -0.2457
vn -0.0111 0.9960 -0.0891
vn -0.0206 0.9884 -0.1504
vn 0.0116 0.6786 -0.7345
vn -0.0007 0.9795 -0.2015
vn -0.0084 0.9989 -0.0450
vn 0.0029 0.9835 -0.1807
vn 0.0258 0.7119 -0.7019
vn -0.0123 0.7362 -0.6766
vn -0.0102 0.9847 -0.1742
vn -0.0116 0.9999 -0.0114
vn -0.0110 0.9755 -0.2199
vn 0.0066 1.0000 -0.0033
vn -0.0339 0.9958 -0.0854
vn 0.0101 0.9985 -0.0531
vn 0.0134 0.9999 0.0047
vn 0.0244 0.9991 0.0357
vn 0.0221 0.9997 0.0034
vn 0.0212 0.9997 -0.0128
vn -0.0016 1.0000 -0.0020
vn -0.0166 0.9994 -0.0303
vn -0.0598 0.9972 -0.0453
vn -0.0430 0.9933 -0.1068
vn -0.0626 0.9972 0.0399
vn -0.0290 0.9996 0.0034
vn -0.0649 0.9959 0.0629
vn -0.2281 0.9685 0.1001
vn -0.2606 0.9630 0.0681
vn -0.2250 0.9691 -0.1013
vn -0.2410 0.9703 -0.0199
vn -0.1547 0.9623 0.2236
vn -0.2207 0.9720 -0.0808
vn -0.2082 0.9767 0.0512
vn -0.1202 0.9314 0.3436
vn -0.1341 0.9905 0.0312
vn -0.0932 0.9427 0.3202
vn -0.0549 0.9339 0.3533
vn -0.0757 0.9706 0.2286
vn -0.1229 0.9541 0.2732
vn -0.1275 0.7684 0.6271
vn -0.1461 0.7667 0.6252
vn -0.0629 0.3781 0.9236
vn -0.1575 0.9101 0.3832
vn -0.0970 0.9215 0.3761
vn -0.0699 0.3771 0.9235
vn -0.0369 0.1689 0.9849
vn -0.0344 0.1481 0.9884
vn -0.0469 0.1768 0.9831
vn -0.0388 0.1906 0.9809
vn -0.0373 0.1182 0.9923
vn -0.0370 0.1182 0.9923
vn -0.0343 0.1934 0.9805
vn -0.0252 0.1172 0.9928
vn -0.0205 0.1164 0.9930
vn -0.0432 0.1900 0.9808
vn -0.0279 0.1056 0.9940
vn -0.0141 0.0652 0.9978
vn -0.0484 0.1950 0.9796
vn -0.0225 0.0875 0.9959
vn -0.0095 0.0602 0.9981
vn 0.0104 0.0388 0.9992
vn 0.0264 0.0211 0.9994
vn 0.0055 -0.0003 1.0000
vn -0.0068 -0.0210 0.9998
vn -0.0171 0.0524 0.9985
vn -0.0231 0.0360 0.9991
vn -0.0101 -0.0359 0.9993
vn -0.0164 -0.0538 0.9984
vn -0.0301 0.0160 0.9994
vn -0.0440 0.0945 0.9946
vn -0.0344 0.0096 0.9994
vn -0.0313 0.1312 0.9909
vn -0.0352 0.0683 0.9970
vn -0.0665 0.3909 0.9180
vn -0.0694 0.4088 0.9100
vn -0.1606 0.8002 0.5778
vn -0.2034 0.8791 0.4311
vn -0.1704 0.8320 0.5279
vn -0.0660 0.9419 0.3292
vn -0.1229 0.9123 0.3907
vn -0.0938 0.9564 0.2767
vn -0.0917 0.9821 0.1646
vn -0.0936 0.9847 0.1472
vn -0.1396 0.9739 0.1787
vn -0.0941 0.9955 -0.0075
vn -0.2412 0.9531 0.1828
vn -0.1377 0.9903 -0.0188
vn -0.2517 0.9636 0.0899
vn -0.2278 0.9729 0.0387
vn -0.1328 0.9842 -0.1168
vn -0.1096 0.9939 0.0089
vn -0.1311 0.9824 -0.1331
vn -0.1182 0.9898 -0.0791
vn -0.1173 0.9930 -0.0172
vn -0.1212 0.9925 -0.0131
vn -0.1348 0.9610 -0.2416
vn -0.1210 0.9793 -0.1624
vn -0.1441 0.9279 -0.3439
vn -0.1102 0.9700 -0.2165
vn -0.1373 0.9767 -0.1649
vn -0.1429 0.9023 -0.4068
vn -0.1327 0.9520 -0.2757
vn -0.1511 0.8991 -0.4108
vn -0.1208 0.6791 -0.7240
vn -0.1337 0.9601 -0.2454
vn -0.1221 0.9907 -0.0600
vn -0.1228 0.9683 -0.2177
vn -0.1597 0.9532 -0.2566
vn -0.1023 0.9945 -0.0226
vn -0.1350 0.9890 0.0603
vn -0.1362 0.9218 -0.3628
vn -0.1621 0.9576 -0.2381
vn -0.1715 0.9680 -0.1831
vn -0.1517 0.9346 -0.3218
vn -0.1194 0.6856 -0.7181
vn -0.0603 0.3100 -0.9488
vn -0.1805 0.9425 -0.2813
vn -0.0582 0.3147 -0.9474
vn -0.1181 0.6948 -0.7094
vn -0.1550 0.9255 -0.3456
vn -0.1842 0.9778 -0.1001
vn -0.1668 0.9241 -0.3439
vn -0.1131 0.7103 -0.6947
vn -0.0598 0.3239 -0.9442
vn -0.0204 0.0545 -0.9983
vn -0.0268 0.0603 -0.9978
vn -0.0637 0.3395 -0.9384
vn -0.1309 0.9078 -0.3983
vn -0.1391 0.8970 -0.4196
vn -0.1832 0.9787 -0.0930
vn -0.1751 0.9743 -0.1416
vn -0.1653 0.9794 0.1158
vn -0.1982 0.9728 0.1195
vn -0.1924 0.9764 0.0977
vn -0.1779 0.9825 0.0560
vn -0.1096 0.9936 -0.0281
vn -0.1544 0.9880 0.0077
vn -0.2027 0.9790 0.0237
vn -0.2073 0.9783 0.0036
vn -0.0951 0.9953 -0.0171
vn -0.2027 0.9781 -0.0482
vn -0.2216 0.9746 -0.0328
vn -0.2433 0.9671 -0.0747
vn -0.2127 0.9741 -0.0774
vn 0.0112 0.9998 -0.0155
vn 0.0312 0.9982 -0.0519
vn -0.0134 0.9990 0.0423
vn -0.0175 0.9998 0.0128
vn -0.0143 0.9999 -0.0034
vn 0.0436 0.9965 -0.0707
vn 0.0052 1.0000 0.0074
vn 0.0464 0.9979 -0.0452
vn 0.0307 0.9940 -0.1053
vn 0.0161 0.9920 -0.1252
vn 0.0329 0.9874 -0.1546
vn 0.0427 0.9948 -0.0922
vn 0.0194 0.9985 -0.0504
vn 0.0079 0.9845 -0.1755
vn -0.0048 0.9914 -0.1305
vn -0.0048 0.9988 -0.0490
vn -0.0134 0.9919 -0.1266
vn -0.0353 0.9941 -0.1028
vn -0.0385 0.9967 -0.0720
vn -0.0230 0.9981 -0.0571
vn -0.0358 0.9993 -0.0047
vn -0.0523 0.9973 -0.0506
vn -0.0818 0.9955 -0.0469
vn -0.0856 0.9959 -0.0279
vn -0.0441 0.9989 0.0182
vn -0.0575 0.9968 -0.0547
vn -0.0570 0.9799 -0.1910
vn -0.0379 0.9855 -0.1653
vn -0.0048 0.9998 -0.0208
vn -0.0205 0.9787 -0.2044
vn 0.0121 0.9991 -0.0396
vn 0.0029 0.9622 -0.2725
vn 0.0235 0.9969 -0.0746
vn 0.0100 0.9468 -0.3217
vn 0.0025 0.9934 -0.1146
vn -0.0039 0.9925 -0.1225
vn -0.0082 0.9447 -0.3278
vn 0.0002 0.9958 -0.0919
vn -0.0019 0.9861 -0.1660
vn 0.0020 0.9412 -0.3378
vn 0.0142 0.9788 -0.2042
vn 0.0298 0.9949 -0.0960
vn -0.0043 0.9778 -0.2094
vn 0.0039 0.9892 -0.1464
vn 0.0166 0.9974 -0.0705
vn -0.0198 0.9948 -0.1000
vt 0.493167 0.916257
vt 0.475278 0.929474
vt 0.477962 0.914028
vt 0.495824 0.901363
vt 0.480996 0.898707
vt 0.509037 0.903573
vt 0.506372 0.918277
vt 0.522259 0.905933
vt 0.519542 0.920601
vt 0.535406 0.908179
vt 0.532419 0.922966
vt 0.512076 0.888547
vt 0.525258 0.890949
vt 0.498987 0.886166
vt 0.484212 0.883329
vt 0.515349 0.873613
vt 0.502446 0.871211
vt 0.487774 0.868078
vt 0.518586 0.859043
vt 0.506079 0.856566
vt 0.491561 0.852697
vt 0.509251 0.842769
vt 0.495696 0.838363
vt 0.528281 0.876031
vt 0.538319 0.893222
vt 0.498044 0.827831
vt 0.531184 0.861335
vt 0.521467 0.845130
vt 0.541178 0.878330
vt 0.533888 0.847337
vt 0.523926 0.831376
vt 0.543976 0.863525
vt 0.546479 0.849335
vt 0.554276 0.880404
vt 0.551500 0.895378
vt 0.548552 0.910253
vt 0.545470 0.925039
vt 0.542530 0.939981
vt 0.555752 0.942072
vt 0.553319 0.957538
vt 0.569421 0.944402
vt 0.558735 0.927125
vt 0.561810 0.912312
vt 0.572322 0.929348
vt 0.583302 0.946828
vt 0.580761 0.962395
vt 0.597165 0.949322
vt 0.586024 0.931660
vt 0.599716 0.933912
vt 0.588716 0.916524
vt 0.575201 0.914420
vt 0.564695 0.897450
vt 0.577911 0.899485
vt 0.591081 0.901427
vt 0.567347 0.882531
vt 0.580394 0.884460
vt 0.615477 0.920542
vt 0.628449 0.938652
vt 0.613222 0.936080
vt 0.625825 0.954384
vt 0.602034 0.918584
vt 0.604334 0.903298
vt 0.593429 0.886347
vt 0.610757 0.951632
vt 0.623358 0.969867
vt 0.608279 0.967219
vt 0.621022 0.985568
vt 0.606011 0.982732
vt 0.618796 1.000000
vt 0.604131 0.997811
vt 0.590500 0.995709
vt 0.594705 0.964845
vt 0.592590 0.980466
vt 0.576901 0.993486
vt 0.578864 0.978153
vt 0.563222 0.991079
vt 0.565023 0.975746
vt 0.549645 0.988878
vt 0.551421 0.973400
vt 0.536159 0.986543
vt 0.566999 0.959822
vt 0.538036 0.971252
vt 0.522689 0.984396
vt 0.524835 0.969101
vt 0.540007 0.955404
vt 0.509181 0.982273
vt 0.511699 0.966876
vt 0.527180 0.953150
vt 0.529659 0.937830
vt 0.514415 0.950754
vt 0.498391 0.964704
vt 0.495668 0.980260
vt 0.485163 0.962901
vt 0.482370 0.978217
vt 0.468199 0.976165
vt 0.470389 0.961408
vt 0.501262 0.948616
vt 0.487839 0.946905
vt 0.472754 0.945317
vt 0.516972 0.935367
vt 0.503914 0.933153
vt 0.490644 0.931338
vt 0.720100 0.015374
vt 0.706626 0.000487
vt 0.720321 0.000423
vt 0.719349 0.061617
vt 0.732864 0.077254
vt 0.719200 0.077347
vt 0.733738 0.015191
vt 0.733945 0.000254
vt 0.733479 0.030063
vt 0.719937 0.030233
vt 0.733220 0.045875
vt 0.719561 0.045940
vt 0.733012 0.061581
vt 0.732684 0.092935
vt 0.747133 0.029959
vt 0.747360 0.015021
vt 0.747556 0.000135
vt 0.746859 0.045816
vt 0.760852 0.029878
vt 0.761002 0.014950
vt 0.761174 0.000019
vt 0.760611 0.045699
vt 0.774557 0.029888
vt 0.774631 0.014944
vt 0.774776 0.000000
vt 0.774248 0.045575
vt 0.788170 0.029880
vt 0.788231 0.014981
vt 0.788402 0.000055
vt 0.787834 0.045639
vt 0.801820 0.030037
vt 0.801849 0.015075
vt 0.802056 0.000156
vt 0.815417 0.015157
vt 0.815637 0.000239
vt 0.801519 0.045650
vt 0.815312 0.030086
vt 0.829039 0.015280
vt 0.829205 0.000309
vt 0.843980 0.004401
vt 0.843930 0.015290
vt 0.854799 0.015338
vt 0.843856 0.030286
vt 0.858813 0.030353
vt 0.828901 0.030265
vt 0.815256 0.045805
vt 0.843748 0.046152
vt 0.858789 0.046219
vt 0.828846 0.046107
vt 0.843619 0.061902
vt 0.858661 0.062030
vt 0.858423 0.077681
vt 0.814894 0.061413
vt 0.828676 0.061772
vt 0.843525 0.077605
vt 0.843586 0.093186
vt 0.858431 0.093295
vt 0.828827 0.077511
vt 0.814738 0.076974
vt 0.800860 0.061233
vt 0.828764 0.093093
vt 0.814875 0.092752
vt 0.787003 0.061195
vt 0.800374 0.076754
vt 0.800690 0.092522
vt 0.773547 0.061184
vt 0.786412 0.076730
vt 0.786679 0.092322
vt 0.760174 0.061390
vt 0.773007 0.076776
vt 0.773225 0.092342
vt 0.746692 0.061526
vt 0.759855 0.076989
vt 0.746537 0.077147
vt 0.760058 0.092483
vt 0.746484 0.092711
vt 0.746664 0.108160
vt 0.760477 0.107976
vt 0.773993 0.107935
vt 0.732817 0.108442
vt 0.719150 0.108779
vt 0.719607 0.124256
vt 0.733312 0.123884
vt 0.720237 0.139739
vt 0.747143 0.123563
vt 0.733962 0.139361
vt 0.720730 0.154531
vt 0.760970 0.123429
vt 0.747638 0.139075
vt 0.734442 0.154193
vt 0.721376 0.169540
vt 0.734948 0.169229
vt 0.748133 0.153946
vt 0.748502 0.169074
vt 0.761298 0.138999
vt 0.761789 0.153831
vt 0.762118 0.168952
vt 0.774642 0.123579
vt 0.774979 0.139211
vt 0.775396 0.153953
vt 0.775712 0.169040
vt 0.787608 0.108188
vt 0.788271 0.123817
vt 0.801371 0.108378
vt 0.788590 0.139569
vt 0.801865 0.124083
vt 0.815216 0.108589
vt 0.815449 0.124335
vt 0.828798 0.108706
vt 0.788954 0.154274
vt 0.789277 0.169272
vt 0.802063 0.139899
vt 0.802462 0.154514
vt 0.802874 0.169483
vt 0.815613 0.140101
vt 0.815896 0.154782
vt 0.816263 0.169779
vt 0.829167 0.140245
vt 0.829412 0.155146
vt 0.829675 0.170044
vt 0.844401 0.166160
vt 0.844082 0.155287
vt 0.855112 0.155319
vt 0.843892 0.140511
vt 0.858813 0.140603
vt 0.858555 0.124870
vt 0.843738 0.124600
vt 0.858510 0.109169
vt 0.828986 0.124406
vt 0.843693 0.108887
vt 0.692292 0.155421
vt 0.692607 0.166508
vt 0.681252 0.155900
vt 0.707145 0.154945
vt 0.707693 0.169954
vt 0.691875 0.140526
vt 0.676910 0.140971
vt 0.706675 0.140089
vt 0.691489 0.124706
vt 0.676603 0.125161
vt 0.706033 0.124498
vt 0.691059 0.108962
vt 0.676257 0.109381
vt 0.676068 0.093673
vt 0.705694 0.108856
vt 0.690959 0.093302
vt 0.676003 0.078005
vt 0.705600 0.093214
vt 0.691009 0.077722
vt 0.676071 0.062230
vt 0.719030 0.093141
vt 0.705757 0.077522
vt 0.690968 0.062062
vt 0.676135 0.046403
vt 0.691078 0.046275
vt 0.676512 0.030557
vt 0.705780 0.061868
vt 0.691325 0.030430
vt 0.680614 0.015527
vt 0.705889 0.046180
vt 0.691596 0.015492
vt 0.691650 0.004542
vt 0.706146 0.030392
vt 0.706412 0.015424
vt 0.582687 0.869571
vt 0.595540 0.871366
vt 0.569787 0.867596
vt 0.584801 0.855204
vt 0.597569 0.856945
vt 0.556831 0.865634
vt 0.586916 0.840502
vt 0.572001 0.853253
vt 0.599764 0.842338
vt 0.559202 0.851305
vt 0.574046 0.838660
vt 0.589003 0.826117
vt 0.548735 0.835021
vt 0.576114 0.824397
vt 0.561297 0.836836
vt 0.563365 0.822659
vt 0.550761 0.820959
vt 0.536305 0.833232
vt 0.538307 0.819289
vt 0.539632 0.808628
vt 0.525933 0.817706
vt 0.511747 0.829268
vt 0.513885 0.816019
vt 0.527230 0.807170
vt 0.500642 0.814657
vt 0.552196 0.810167
vt 0.514963 0.805762
vt 0.651351 0.613459
vt 0.665801 0.626327
vt 0.650476 0.625052
vt 0.664851 0.637947
vt 0.636911 0.624026
vt 0.637781 0.612473
vt 0.649548 0.636653
vt 0.663877 0.649495
vt 0.635993 0.635587
vt 0.648602 0.648228
vt 0.662920 0.661113
vt 0.624256 0.611507
vt 0.625118 0.599968
vt 0.623339 0.623042
vt 0.647639 0.659800
vt 0.661929 0.672729
vt 0.635051 0.647142
vt 0.622445 0.634573
vt 0.646655 0.671383
vt 0.660912 0.684349
vt 0.634097 0.658686
vt 0.621516 0.646110
vt 0.645650 0.682973
vt 0.659889 0.695964
vt 0.633124 0.670231
vt 0.620553 0.657618
vt 0.644628 0.694573
vt 0.658786 0.707586
vt 0.632131 0.681784
vt 0.619579 0.669132
vt 0.643529 0.706165
vt 0.657681 0.719179
vt 0.631120 0.693342
vt 0.618602 0.680653
vt 0.642401 0.717724
vt 0.656449 0.730765
vt 0.630039 0.704894
vt 0.617596 0.692169
vt 0.641232 0.729254
vt 0.655223 0.742355
vt 0.628907 0.716435
vt 0.639997 0.740782
vt 0.654032 0.753910
vt 0.627736 0.727937
vt 0.638717 0.752326
vt 0.652727 0.765513
vt 0.626505 0.739404
vt 0.637388 0.763825
vt 0.651273 0.777112
vt 0.625163 0.750831
vt 0.635990 0.775314
vt 0.649797 0.788763
vt 0.623865 0.762250
vt 0.622545 0.773648
vt 0.634526 0.786771
vt 0.648251 0.800454
vt 0.621171 0.784999
vt 0.633004 0.798221
vt 0.646398 0.812107
vt 0.619669 0.796306
vt 0.631315 0.809647
vt 0.644471 0.823706
vt 0.629489 0.820992
vt 0.642311 0.835326
vt 0.618159 0.807600
vt 0.627536 0.832000
vt 0.638737 0.849688
vt 0.616454 0.818776
vt 0.625172 0.846116
vt 0.622948 0.860109
vt 0.637189 0.860399
vt 0.612513 0.844164
vt 0.636389 0.875278
vt 0.614724 0.829714
vt 0.621276 0.874467
vt 0.634983 0.891150
vt 0.610294 0.858621
vt 0.619600 0.889578
vt 0.632945 0.907031
vt 0.608366 0.873018
vt 0.617573 0.905016
vt 0.630743 0.922889
vt 0.606438 0.888046
vt 0.369982 0.023443
vt 0.385358 0.021519
vt 0.386112 0.030579
vt 0.401465 0.029657
vt 0.386916 0.041069
vt 0.400953 0.020284
vt 0.373965 0.056062
vt 0.389320 0.055515
vt 0.387718 0.068156
vt 0.402145 0.040295
vt 0.417162 0.028749
vt 0.417641 0.039396
vt 0.416753 0.019434
vt 0.403414 0.067531
vt 0.404093 0.054857
vt 0.388277 0.081226
vt 0.432637 0.027796
vt 0.432261 0.018460
vt 0.433104 0.038444
vt 0.448076 0.026883
vt 0.447763 0.017681
vt 0.463332 0.016873
vt 0.448537 0.037506
vt 0.463402 0.026057
vt 0.478754 0.016846
vt 0.463708 0.036512
vt 0.478804 0.025676
vt 0.493887 0.016512
vt 0.479062 0.035431
vt 0.494386 0.025115
vt 0.509208 0.014696
vt 0.494635 0.034334
vt 0.478205 0.049707
vt 0.494822 0.048192
vt 0.462823 0.051184
vt 0.510238 0.023857
vt 0.448279 0.052222
vt 0.510720 0.033008
vt 0.525845 0.021998
vt 0.524685 0.013037
vt 0.526607 0.031933
vt 0.512492 0.047123
vt 0.539201 0.020264
vt 0.538107 0.011036
vt 0.540127 0.030911
vt 0.529552 0.045992
vt 0.552443 0.019073
vt 0.551653 0.009618
vt 0.553306 0.029898
vt 0.565351 0.008441
vt 0.543148 0.045405
vt 0.566068 0.017949
vt 0.579025 0.007292
vt 0.566780 0.028927
vt 0.555970 0.044607
vt 0.541454 0.058407
vt 0.580315 0.027928
vt 0.555044 0.057663
vt 0.568825 0.043805
vt 0.568618 0.056844
vt 0.579616 0.016974
vt 0.581674 0.042967
vt 0.593944 0.026851
vt 0.593239 0.015905
vt 0.592674 0.006280
vt 0.582166 0.055984
vt 0.606897 0.014826
vt 0.606361 0.005268
vt 0.607590 0.025722
vt 0.594572 0.041969
vt 0.607445 0.040949
vt 0.620590 0.013880
vt 0.620039 0.004335
vt 0.621221 0.024718
vt 0.620444 0.039828
vt 0.595693 0.054984
vt 0.112248 0.857008
vt 0.095087 0.843493
vt 0.110344 0.841536
vt 0.093436 0.828770
vt 0.127955 0.854773
vt 0.092034 0.817646
vt 0.108543 0.826560
vt 0.125743 0.839260
vt 0.143550 0.851853
vt 0.107118 0.815382
vt 0.090444 0.806595
vt 0.123798 0.824188
vt 0.141145 0.836521
vt 0.159288 0.848393
vt 0.105693 0.804215
vt 0.089044 0.795317
vt 0.122231 0.812962
vt 0.138897 0.821415
vt 0.156330 0.833317
vt 0.171105 0.829818
vt 0.175021 0.844969
vt 0.153453 0.818406
vt 0.137092 0.810196
vt 0.120612 0.801849
vt 0.151601 0.807444
vt 0.104285 0.792998
vt 0.087591 0.784087
vt 0.102799 0.781906
vt 0.119205 0.790807
vt 0.135400 0.799193
vt 0.133892 0.788329
vt 0.149986 0.796527
vt 0.148481 0.785679
vt 0.164450 0.794161
vt 0.166028 0.804767
vt 0.167853 0.815395
vt 0.180071 0.802636
vt 0.181759 0.812808
vt 0.332985 0.796615
vt 0.321760 0.807616
vt 0.320917 0.797243
vt 0.307942 0.787430
vt 0.320445 0.786871
vt 0.308531 0.798017
vt 0.295323 0.787913
vt 0.332586 0.786467
vt 0.332287 0.776269
vt 0.295884 0.798674
vt 0.283017 0.799078
vt 0.283545 0.810010
vt 0.309235 0.808655
vt 0.296475 0.809460
vt 0.284192 0.824885
vt 0.297478 0.824263
vt 0.285025 0.840019
vt 0.298582 0.839276
vt 0.310564 0.823229
vt 0.312080 0.838079
vt 0.323337 0.821801
vt 0.325501 0.836477
vt 0.333591 0.806645
vt 0.335478 0.819996
vt 0.338691 0.834160
vt 0.351923 0.827816
vt 0.347659 0.818171
vt 0.356445 0.818324
vt 0.346148 0.806111
vt 0.358564 0.806174
vt 0.371530 0.807005
vt 0.346076 0.796236
vt 0.359067 0.796356
vt 0.345968 0.786147
vt 0.372347 0.796945
vt 0.385611 0.808138
vt 0.386502 0.797354
vt 0.359499 0.786248
vt 0.345971 0.775997
vt 0.359681 0.775959
vt 0.373133 0.786626
vt 0.345935 0.765715
vt 0.332074 0.765904
vt 0.359745 0.765657
vt 0.373330 0.776096
vt 0.345904 0.755371
vt 0.162032 0.773146
vt 0.146137 0.764464
vt 0.160974 0.762677
vt 0.175569 0.761442
vt 0.147293 0.775111
vt 0.131325 0.766665
vt 0.176527 0.771816
vt 0.189796 0.760499
vt 0.163144 0.783587
vt 0.132649 0.777474
vt 0.190549 0.770869
vt 0.177625 0.782141
vt 0.116498 0.768785
vt 0.115110 0.757717
vt 0.100007 0.759626
vt 0.098733 0.748418
vt 0.117908 0.779777
vt 0.101380 0.770813
vt 0.083425 0.750212
vt 0.082011 0.738789
vt 0.067988 0.752009
vt 0.069387 0.763591
vt 0.054166 0.765271
vt 0.084722 0.761513
vt 0.086130 0.772805
vt 0.070823 0.774920
vt 0.055612 0.776866
vt 0.040066 0.778914
vt 0.072298 0.786272
vt 0.057158 0.788465
vt 0.041636 0.790621
vt 0.058860 0.800032
vt 0.043385 0.802361
vt 0.045471 0.814131
vt 0.073901 0.797635
vt 0.075342 0.808978
vt 0.060707 0.811528
vt 0.062679 0.822763
vt 0.047603 0.825905
vt 0.077091 0.820123
vt 0.078719 0.830880
vt 0.064801 0.833611
vt 0.050330 0.837685
vt 0.057244 0.850939
vt 0.066846 0.846931
vt 0.066287 0.857460
vt 0.080214 0.844981
vt 0.080976 0.859722
vt 0.096598 0.858662
vt 0.609381 0.053926
vt 0.633462 0.038440
vt 0.610231 0.067449
vt 0.596586 0.068567
vt 0.623123 0.052667
vt 0.623937 0.066302
vt 0.636800 0.051288
vt 0.634673 0.023563
vt 0.647217 0.036665
vt 0.634061 0.012899
vt 0.633687 0.003464
vt 0.647298 0.002719
vt 0.637552 0.064905
vt 0.648093 0.011879
vt 0.662655 0.000000
vt 0.665849 0.009202
vt 0.666836 0.020069
vt 0.648732 0.022048
vt 0.664744 0.035372
vt 0.650408 0.049494
vt 0.666076 0.048222
vt 0.666940 0.061890
vt 0.651298 0.063338
vt 0.667890 0.075913
vt 0.652312 0.077326
vt 0.668874 0.090122
vt 0.638457 0.078692
vt 0.653384 0.091387
vt 0.669900 0.104268
vt 0.624979 0.080000
vt 0.639614 0.092587
vt 0.654349 0.105371
vt 0.670588 0.118171
vt 0.655072 0.119116
vt 0.671178 0.132032
vt 0.640596 0.106384
vt 0.626072 0.093733
vt 0.611355 0.081009
vt 0.655707 0.132911
vt 0.671799 0.145883
vt 0.641316 0.120143
vt 0.626977 0.107403
vt 0.612462 0.094677
vt 0.656325 0.146733
vt 0.672438 0.159424
vt 0.641977 0.133868
vt 0.627772 0.121143
vt 0.613539 0.108489
vt 0.656909 0.160254
vt 0.672926 0.173287
vt 0.657468 0.174076
vt 0.642560 0.147590
vt 0.643098 0.161144
vt 0.643723 0.174912
vt 0.628377 0.134836
vt 0.628933 0.148459
vt 0.629505 0.161951
vt 0.630068 0.175605
vt 0.644333 0.188668
vt 0.614511 0.122294
vt 0.615241 0.135899
vt 0.600142 0.109584
vt 0.601272 0.123485
vt 0.615465 0.149408
vt 0.601913 0.137043
vt 0.587784 0.124285
vt 0.598797 0.095606
vt 0.615823 0.162766
vt 0.586556 0.110436
vt 0.597712 0.082036
vt 0.585198 0.096577
vt 0.584064 0.082936
vt 0.583093 0.069381
vt 0.569487 0.070308
vt 0.570437 0.083792
vt 0.571422 0.097355
vt 0.572575 0.111079
vt 0.555865 0.071157
vt 0.556809 0.084634
vt 0.557719 0.098099
vt 0.558526 0.111678
vt 0.542206 0.071913
vt 0.543067 0.085372
vt 0.543922 0.098863
vt 0.544687 0.112384
vt 0.545439 0.125930
vt 0.530959 0.113175
vt 0.531695 0.126781
vt 0.515497 0.114092
vt 0.559365 0.125297
vt 0.546140 0.139488
vt 0.530178 0.099623
vt 0.573668 0.124800
vt 0.560050 0.138783
vt 0.560557 0.152183
vt 0.574292 0.138331
vt 0.574553 0.151708
vt 0.574803 0.165019
vt 0.588383 0.137834
vt 0.588492 0.151124
vt 0.588606 0.164316
vt 0.589056 0.177762
vt 0.602086 0.150341
vt 0.602739 0.177026
vt 0.602229 0.163545
vt 0.616397 0.176300
vt 0.603304 0.190578
vt 0.589548 0.191272
vt 0.603921 0.205792
vt 0.616959 0.189909
vt 0.630626 0.189274
vt 0.617657 0.205201
vt 0.631257 0.204639
vt 0.644982 0.204128
vt 0.631835 0.219974
vt 0.618224 0.220502
vt 0.604614 0.220971
vt 0.590967 0.221525
vt 0.618692 0.235576
vt 0.605099 0.236085
vt 0.591609 0.236646
vt 0.605594 0.251281
vt 0.619129 0.250847
vt 0.632313 0.235140
vt 0.645997 0.234694
vt 0.632775 0.250517
vt 0.633108 0.265889
vt 0.646376 0.250120
vt 0.473515 0.197474
vt 0.488474 0.183538
vt 0.489444 0.196925
vt 0.504688 0.195822
vt 0.490216 0.211982
vt 0.505509 0.210802
vt 0.491150 0.226571
vt 0.475495 0.227398
vt 0.506356 0.225713
vt 0.474550 0.212431
vt 0.476620 0.242114
vt 0.458431 0.213124
vt 0.459404 0.228191
vt 0.460375 0.242999
vt 0.492226 0.241270
vt 0.461286 0.257609
vt 0.477574 0.256717
vt 0.444240 0.243809
vt 0.507384 0.240481
vt 0.493358 0.255805
vt 0.462501 0.272142
vt 0.478790 0.271236
vt 0.508510 0.254988
vt 0.494602 0.270164
vt 0.522725 0.239793
vt 0.494643 0.283024
vt 0.509691 0.269296
vt 0.523598 0.254313
vt 0.509708 0.282174
vt 0.524637 0.268576
vt 0.521810 0.224822
vt 0.537879 0.238951
vt 0.538630 0.253535
vt 0.520943 0.209950
vt 0.537152 0.223914
vt 0.536108 0.208904
vt 0.520024 0.194920
vt 0.519166 0.181658
vt 0.535274 0.193917
vt 0.549554 0.208189
vt 0.550426 0.223155
vt 0.035972 0.017478
vt 0.017401 0.014887
vt 0.021306 0.005417
vt 0.016412 0.025859
vt 0.037115 0.008578
vt 0.035005 0.026942
vt 0.016135 0.041028
vt 0.034694 0.041550
vt 0.052084 0.018834
vt 0.052460 0.009854
vt 0.067660 0.019932
vt 0.051465 0.028836
vt 0.052157 0.043073
vt 0.067057 0.030420
vt 0.559482 0.744229
vt 0.571348 0.756626
vt 0.558393 0.755359
vt 0.546527 0.743075
vt 0.583128 0.769075
vt 0.584368 0.757906
vt 0.596168 0.770497
vt 0.581795 0.780208
vt 0.572479 0.745438
vt 0.560498 0.733074
vt 0.547511 0.731935
vt 0.585548 0.746714
vt 0.573548 0.734221
vt 0.561486 0.721838
vt 0.586665 0.735448
vt 0.533586 0.741984
vt 0.532622 0.753025
vt 0.597450 0.759281
vt 0.598631 0.748061
vt 0.519810 0.752053
vt 0.574579 0.722980
vt 0.518864 0.762962
vt 0.599847 0.736739
vt 0.587766 0.724130
vt 0.575597 0.711648
vt 0.613108 0.738060
vt 0.600983 0.725377
vt 0.588827 0.712752
vt 0.602112 0.713961
vt 0.562452 0.710550
vt 0.548435 0.720737
vt 0.563324 0.699222
vt 0.534521 0.730843
vt 0.549328 0.709488
vt 0.535440 0.719705
vt 0.520691 0.740965
vt 0.522386 0.718723
vt 0.536285 0.708490
vt 0.550165 0.698225
vt 0.521555 0.729901
vt 0.506130 0.739981
vt 0.506896 0.728889
vt 0.505340 0.750935
vt 0.504543 0.761844
vt 0.490830 0.749935
vt 0.490197 0.760779
vt 0.491493 0.739013
vt 0.475825 0.759799
vt 0.476363 0.748924
vt 0.475351 0.770603
vt 0.489564 0.771584
vt 0.503743 0.772658
vt 0.517938 0.773771
vt 0.530655 0.774912
vt 0.529550 0.785812
vt 0.502985 0.783336
vt 0.517006 0.784561
vt 0.516032 0.795272
vt 0.528401 0.796550
vt 0.502170 0.794050
vt 0.501380 0.804439
vt 0.488979 0.782283
vt 0.488323 0.792870
vt 0.487847 0.803358
vt 0.487450 0.813442
vt 0.474925 0.781336
vt 0.474503 0.791970
vt 0.488154 0.826198
vt 0.490938 0.835879
vt 0.474225 0.812858
vt 0.475071 0.826463
vt 0.477228 0.841043
vt 0.461302 0.842303
vt 0.460500 0.827192
vt 0.445507 0.842425
vt 0.474240 0.802635
vt 0.460020 0.812781
vt 0.459886 0.801822
vt 0.445311 0.827099
vt 0.429648 0.841836
vt 0.445220 0.812158
vt 0.429992 0.826532
vt 0.413920 0.840819
vt 0.460131 0.791103
vt 0.445275 0.801136
vt 0.430357 0.811415
vt 0.414590 0.825421
vt 0.398113 0.839734
vt 0.460470 0.780351
vt 0.399302 0.824028
vt 0.381911 0.837703
vt 0.445481 0.790299
vt 0.460756 0.769602
vt 0.445812 0.779453
vt 0.430554 0.800362
vt 0.430719 0.789486
vt 0.461142 0.758762
vt 0.446154 0.768680
vt 0.431028 0.778597
vt 0.415729 0.799528
vt 0.415981 0.788709
vt 0.415356 0.810487
vt 0.400404 0.809274
vt 0.400952 0.798507
vt 0.383945 0.822686
vt 0.401346 0.787734
vt 0.369187 0.820596
vt 0.365537 0.834646
vt 0.416285 0.777836
vt 0.431376 0.767847
vt 0.401803 0.777087
vt 0.446442 0.757852
vt 0.416679 0.767153
vt 0.431719 0.757093
vt 0.461662 0.747929
vt 0.446860 0.747063
vt 0.477044 0.738058
vt 0.462268 0.737066
vt 0.492209 0.727984
vt 0.477700 0.727103
vt 0.492953 0.716946
vt 0.462850 0.726227
vt 0.447374 0.736226
vt 0.432548 0.735607
vt 0.478396 0.716125
vt 0.447923 0.725392
vt 0.507687 0.717782
vt 0.479105 0.705100
vt 0.523188 0.707529
vt 0.493759 0.705839
vt 0.508502 0.706635
vt 0.537079 0.697257
vt 0.523981 0.696338
vt 0.551013 0.686946
vt 0.537865 0.686030
vt 0.524803 0.685140
vt 0.538698 0.674776
vt 0.509345 0.695473
vt 0.525630 0.673896
vt 0.494569 0.694678
vt 0.510158 0.684263
vt 0.495337 0.683446
vt 0.479768 0.694008
vt 0.480461 0.682815
vt 0.496058 0.672183
vt 0.481160 0.671592
vt 0.510914 0.673001
vt 0.481857 0.660359
vt 0.496747 0.660912
vt 0.511623 0.661701
vt 0.526431 0.662597
vt 0.539565 0.663452
vt 0.551886 0.675652
vt 0.552808 0.664291
vt 0.564218 0.687905
vt 0.540377 0.652064
vt 0.527205 0.651250
vt 0.565132 0.676551
vt 0.577488 0.688885
vt 0.578438 0.677515
vt 0.576546 0.700263
vt 0.589838 0.701355
vt 0.590793 0.689951
vt 0.603164 0.702514
vt 0.615472 0.715191
vt 0.591772 0.678530
vt 0.604170 0.691041
vt 0.616554 0.703690
vt 0.605167 0.679579
vt 0.614305 0.726649
vt 0.611839 0.749403
vt 0.610603 0.760735
vt 0.609319 0.772014
vt 0.594787 0.781638
vt 0.580516 0.791247
vt 0.607929 0.783255
vt 0.593474 0.792776
vt 0.579201 0.802318
vt 0.606571 0.794479
vt 0.592078 0.803974
vt 0.577693 0.813431
vt 0.605080 0.805728
vt 0.590569 0.815139
vt 0.603509 0.816931
vt 0.601881 0.827878
vt 0.032967 0.270054
vt 0.018835 0.253906
vt 0.034255 0.254653
vt 0.019910 0.238566
vt 0.004500 0.237759
vt 0.048941 0.270692
vt 0.003417 0.253183
vt 0.017598 0.269382
vt 0.002294 0.268741
vt 0.017452 0.283143
vt 0.002030 0.282692
vt 0.032951 0.283708
vt 0.048953 0.284223
vt 0.032771 0.297309
vt 0.017252 0.296846
vt 0.001800 0.296544
vt 0.017030 0.310645
vt 0.657969 0.188046
vt 0.673506 0.187278
vt 0.674098 0.202954
vt 0.658651 0.203508
vt 0.674698 0.218467
vt 0.659270 0.218985
vt 0.675111 0.233754
vt 0.659681 0.234231
vt 0.675433 0.249275
vt 0.645524 0.219453
vt 0.660052 0.249743
vt 0.675659 0.264918
vt 0.660233 0.265234
vt 0.675860 0.278911
vt 0.660470 0.279121
vt 0.676003 0.292813
vt 0.646682 0.265559
vt 0.660631 0.292981
vt 0.676001 0.306731
vt 0.646877 0.279407
vt 0.660653 0.306862
vt 0.675899 0.320405
vt 0.646972 0.293247
vt 0.660598 0.320606
vt 0.676003 0.334331
vt 0.647026 0.307091
vt 0.633292 0.279731
vt 0.633391 0.293499
vt 0.660542 0.334425
vt 0.675852 0.348322
vt 0.647041 0.320760
vt 0.633410 0.307292
vt 0.660430 0.348268
vt 0.675831 0.363086
vt 0.646949 0.334556
vt 0.660416 0.362914
vt 0.675683 0.377630
vt 0.646888 0.348316
vt 0.633417 0.320851
vt 0.633360 0.334593
vt 0.660281 0.377442
vt 0.675497 0.392160
vt 0.646866 0.362831
vt 0.633306 0.348310
vt 0.660083 0.391987
vt 0.675217 0.406716
vt 0.646744 0.377263
vt 0.633188 0.362762
vt 0.608054 0.645122
vt 0.607120 0.656612
vt 0.595569 0.632670
vt 0.594654 0.644167
vt 0.583093 0.620276
vt 0.582190 0.631760
vt 0.606150 0.668099
vt 0.593704 0.655648
vt 0.592739 0.667093
vt 0.581273 0.643225
vt 0.580344 0.654681
vt 0.579395 0.666113
vt 0.566093 0.665169
vt 0.567029 0.653740
vt 0.567934 0.642320
vt 0.553704 0.652894
vt 0.568830 0.630871
vt 0.554617 0.641472
vt 0.541212 0.640631
vt 0.569739 0.619390
vt 0.584018 0.608781
vt 0.555485 0.630013
vt 0.542055 0.629182
vt 0.528041 0.639826
vt 0.512331 0.650365
vt 0.556377 0.618533
vt 0.570650 0.607900
vt 0.584826 0.597309
vt 0.497391 0.649607
vt 0.571440 0.596438
vt 0.585471 0.585829
vt 0.557274 0.607053
vt 0.542944 0.617705
vt 0.558062 0.595568
vt 0.572088 0.584971
vt 0.586055 0.574304
vt 0.543820 0.606205
vt 0.558722 0.584037
vt 0.572649 0.573411
vt 0.586676 0.562774
vt 0.544561 0.594692
vt 0.559240 0.572519
vt 0.573223 0.561931
vt 0.587256 0.551278
vt 0.545212 0.583187
vt 0.559866 0.561023
vt 0.573854 0.550421
vt 0.587835 0.539760
vt 0.545826 0.571673
vt 0.560506 0.549550
vt 0.574448 0.538932
vt 0.588359 0.528222
vt 0.546473 0.560202
vt 0.561099 0.538064
vt 0.574967 0.527425
vt 0.547179 0.548683
vt 0.561647 0.526605
vt 0.575502 0.515972
vt 0.522445 0.490057
vt 0.508427 0.478058
vt 0.523142 0.478881
vt 0.523402 0.466393
vt 0.537145 0.490947
vt 0.521685 0.501312
vt 0.538478 0.454588
vt 0.523702 0.453950
vt 0.538798 0.441994
vt 0.508581 0.465659
vt 0.507623 0.489290
vt 0.493391 0.477270
vt 0.508924 0.453220
vt 0.524018 0.441427
vt 0.539126 0.429301
vt 0.552256 0.429691
vt 0.493570 0.464917
vt 0.492514 0.488601
vt 0.509167 0.440755
vt 0.478041 0.476593
vt 0.493720 0.452539
vt 0.478127 0.464215
vt 0.524321 0.428831
vt 0.494103 0.440074
vt 0.539333 0.416662
vt 0.509489 0.428311
vt 0.524587 0.416324
vt 0.552489 0.416956
vt 0.565769 0.417226
vt 0.565987 0.404422
vt 0.539663 0.403993
vt 0.552797 0.404229
vt 0.566162 0.390365
vt 0.579422 0.390574
vt 0.579529 0.376410
vt 0.566252 0.376243
vt 0.579730 0.362188
vt 0.552941 0.390194
vt 0.539791 0.390004
vt 0.525043 0.403763
vt 0.510010 0.415779
vt 0.553018 0.376093
vt 0.553226 0.361898
vt 0.525000 0.389835
vt 0.566458 0.362037
vt 0.539912 0.375979
vt 0.540131 0.361834
vt 0.553375 0.347607
vt 0.579804 0.347857
vt 0.593074 0.348103
vt 0.566597 0.347652
vt 0.593134 0.334401
vt 0.606452 0.334550
vt 0.606487 0.320894
vt 0.553484 0.333926
vt 0.566698 0.334035
vt 0.540322 0.334185
vt 0.579900 0.334199
vt 0.579905 0.320551
vt 0.593151 0.320732
vt 0.593232 0.307341
vt 0.178837 0.792387
vt 0.191366 0.781155
vt 0.192372 0.791323
vt 0.193355 0.801335
vt 0.206589 0.800568
vt 0.194618 0.811068
vt 0.205958 0.790549
vt 0.205342 0.780315
vt 0.219953 0.800069
vt 0.204675 0.770050
vt 0.219618 0.789933
vt 0.219182 0.779500
vt 0.204120 0.759578
vt 0.203493 0.749007
vt 0.218742 0.769124
vt 0.218245 0.758628
vt 0.217692 0.748042
vt 0.231652 0.779013
vt 0.231181 0.768479
vt 0.230808 0.757890
vt 0.230358 0.747288
vt 0.231943 0.789501
vt 0.244406 0.789181
vt 0.232092 0.799918
vt 0.232108 0.810289
vt 0.244175 0.778600
vt 0.243804 0.767984
vt 0.243431 0.757350
vt 0.256813 0.778202
vt 0.243022 0.746674
vt 0.229845 0.736611
vt 0.242597 0.735980
vt 0.256448 0.767524
vt 0.256097 0.756848
vt 0.255746 0.746182
vt 0.255366 0.735468
vt 0.268512 0.745762
vt 0.268199 0.735003
vt 0.267896 0.724225
vt 0.268808 0.756442
vt 0.269174 0.767161
vt 0.281571 0.756113
vt 0.280759 0.723898
vt 0.280975 0.734705
vt 0.281238 0.745404
vt 0.269513 0.777888
vt 0.281878 0.766824
vt 0.294566 0.766524
vt 0.294258 0.755863
vt 0.293965 0.745158
vt 0.293755 0.734500
vt 0.306718 0.745022
vt 0.306523 0.734366
vt 0.306914 0.755676
vt 0.319227 0.734356
vt 0.293575 0.723794
vt 0.306308 0.723710
vt 0.319142 0.723693
vt 0.319361 0.744992
vt 0.331872 0.723799
vt 0.331882 0.734418
vt 0.331937 0.744995
vt 0.319497 0.755563
vt 0.319691 0.766111
vt 0.331996 0.755489
vt 0.307170 0.766285
vt 0.320013 0.776594
vt 0.307499 0.776832
vt 0.294900 0.777171
vt 0.282232 0.777555
vt 0.282635 0.788311
vt 0.269876 0.788608
vt 0.257080 0.789006
vt 0.257233 0.799808
vt 0.270134 0.799485
vt 0.244496 0.799745
vt 0.257369 0.810558
vt 0.244572 0.810445
vt 0.270397 0.810447
vt 0.244371 0.825016
vt 0.257507 0.825157
vt 0.270819 0.825195
vt 0.257766 0.840219
vt 0.244026 0.840039
vt 0.271414 0.840408
vt 0.230449 0.839134
vt 0.231583 0.824425
vt 0.217012 0.837504
vt 0.219359 0.823294
vt 0.203205 0.831811
vt 0.220088 0.810067
vt 0.207315 0.810224
vt 0.206726 0.822240
vt 0.197753 0.823119
vt 0.185345 0.826139
vt 0.190901 0.840385
vt 0.659840 0.406473
vt 0.675040 0.419914
vt 0.646527 0.391726
vt 0.633104 0.377054
vt 0.659641 0.419585
vt 0.674771 0.433107
vt 0.646316 0.406209
vt 0.632956 0.391490
vt 0.659378 0.432723
vt 0.674396 0.446281
vt 0.646056 0.419327
vt 0.632748 0.405913
vt 0.659051 0.445892
vt 0.674028 0.459448
vt 0.645774 0.432404
vt 0.632509 0.418978
vt 0.658669 0.459001
vt 0.673579 0.472649
vt 0.645491 0.445507
vt 0.632233 0.432041
vt 0.619060 0.418648
vt 0.658228 0.472178
vt 0.673065 0.485875
vt 0.645105 0.458548
vt 0.631926 0.445086
vt 0.657747 0.485313
vt 0.672719 0.497695
vt 0.644660 0.471662
vt 0.657390 0.496979
vt 0.672320 0.509502
vt 0.644223 0.484774
vt 0.656936 0.508721
vt 0.671832 0.521299
vt 0.643803 0.496432
vt 0.656461 0.520417
vt 0.671343 0.533032
vt 0.643376 0.508080
vt 0.655979 0.532073
vt 0.670820 0.544740
vt 0.642906 0.519689
vt 0.642406 0.531317
vt 0.655466 0.543732
vt 0.670280 0.556433
vt 0.641887 0.542933
vt 0.654918 0.555375
vt 0.669743 0.568114
vt 0.641341 0.554538
vt 0.654354 0.567013
vt 0.669140 0.579787
vt 0.640756 0.566143
vt 0.653752 0.578644
vt 0.668440 0.591441
vt 0.640128 0.577747
vt 0.627165 0.565276
vt 0.627755 0.553700
vt 0.653051 0.590233
vt 0.667525 0.603061
vt 0.639442 0.589325
vt 0.626530 0.576865
vt 0.652245 0.601838
vt 0.666699 0.614698
vt 0.638671 0.600897
vt 0.625857 0.588425
vt 0.564891 0.811780
vt 0.540946 0.797872
vt 0.553549 0.799302
vt 0.542186 0.787089
vt 0.566333 0.800808
vt 0.554839 0.788425
vt 0.567616 0.789796
vt 0.543363 0.776144
vt 0.556126 0.777453
vt 0.568913 0.778824
vt 0.544465 0.765154
vt 0.531661 0.763992
vt 0.557277 0.766392
vt 0.545527 0.754135
vt 0.570184 0.767681
vt 0.462641 0.285044
vt 0.478952 0.284029
vt 0.494719 0.295975
vt 0.509659 0.295238
vt 0.479116 0.296917
vt 0.462981 0.298036
vt 0.446356 0.285902
vt 0.509957 0.308304
vt 0.525104 0.294466
vt 0.494955 0.308987
vt 0.525299 0.307781
vt 0.540362 0.307349
vt 0.510300 0.321590
vt 0.479485 0.310090
vt 0.495309 0.322078
vt 0.510574 0.334880
vt 0.525358 0.321228
vt 0.540352 0.320701
vt 0.553488 0.320421
vt 0.553500 0.307109
vt 0.566900 0.307121
vt 0.567179 0.294135
vt 0.566731 0.320484
vt 0.580442 0.294201
vt 0.580506 0.281081
vt 0.580050 0.307256
vt 0.593505 0.294086
vt 0.593476 0.280795
vt 0.593068 0.267234
vt 0.606434 0.307389
vt 0.606448 0.293884
vt 0.606386 0.280375
vt 0.619858 0.293723
vt 0.606117 0.266667
vt 0.592296 0.251926
vt 0.619722 0.279966
vt 0.619485 0.266210
vt 0.619872 0.307398
vt 0.619887 0.320940
vt 0.619884 0.334597
vt 0.619792 0.348289
vt 0.619718 0.362649
vt 0.606393 0.348268
vt 0.619588 0.376893
vt 0.606288 0.362556
vt 0.619496 0.391289
vt 0.592955 0.362399
vt 0.606201 0.376696
vt 0.619281 0.405646
vt 0.606079 0.391038
vt 0.605881 0.405341
vt 0.605651 0.418290
vt 0.592536 0.405043
vt 0.605359 0.431235
vt 0.592717 0.390788
vt 0.592809 0.376566
vt 0.592320 0.417948
vt 0.579233 0.404731
vt 0.579012 0.417590
vt 0.565463 0.430085
vt 0.578740 0.430478
vt 0.592020 0.430842
vt 0.591667 0.443818
vt 0.578407 0.443342
vt 0.605017 0.444244
vt 0.591315 0.456588
vt 0.618751 0.431653
vt 0.618434 0.444662
vt 0.604657 0.457087
vt 0.618068 0.457601
vt 0.604262 0.470017
vt 0.631540 0.458085
vt 0.617695 0.470597
vt 0.631136 0.471138
vt 0.617199 0.483588
vt 0.630691 0.484180
vt 0.616713 0.495155
vt 0.630228 0.495803
vt 0.629738 0.507403
vt 0.603740 0.482995
vt 0.616233 0.506680
vt 0.629298 0.518963
vt 0.603263 0.494516
vt 0.615750 0.518233
vt 0.628815 0.530554
vt 0.602774 0.505972
vt 0.615287 0.529790
vt 0.628302 0.542140
vt 0.614776 0.541349
vt 0.602298 0.517480
vt 0.601799 0.529008
vt 0.614221 0.552883
vt 0.601282 0.540548
vt 0.613644 0.564439
vt 0.600755 0.552091
vt 0.613025 0.575993
vt 0.600132 0.563637
vt 0.612374 0.587539
vt 0.599515 0.575145
vt 0.611671 0.599084
vt 0.598906 0.586677
vt 0.610829 0.610598
vt 0.598229 0.598196
vt 0.609882 0.622109
vt 0.597414 0.609681
vt 0.608975 0.633613
vt 0.596467 0.621184
vt 0.588877 0.516733
vt 0.576044 0.504530
vt 0.589372 0.505266
vt 0.589893 0.493833
vt 0.576584 0.493134
vt 0.590381 0.482384
vt 0.562221 0.515183
vt 0.563333 0.492432
vt 0.590913 0.469473
vt 0.578026 0.456085
vt 0.577625 0.468887
vt 0.577081 0.481729
vt 0.564386 0.468323
vt 0.563856 0.481103
vt 0.565129 0.442868
vt 0.564783 0.455578
vt 0.550204 0.491720
vt 0.550711 0.480446
vt 0.551223 0.467748
vt 0.551572 0.455105
vt 0.551892 0.442421
vt 0.538116 0.467151
vt 0.537733 0.479776
vt 0.548827 0.193136
vt 0.563137 0.207546
vt 0.551149 0.238191
vt 0.563825 0.222701
vt 0.552030 0.252995
vt 0.564585 0.237673
vt 0.539455 0.267934
vt 0.565555 0.252779
vt 0.524764 0.281464
vt 0.553003 0.267815
vt 0.539850 0.280773
vt 0.553431 0.280989
vt 0.566641 0.267824
vt 0.540266 0.294002
vt 0.567179 0.281112
vt 0.553591 0.293994
vt 0.580025 0.267691
vt 0.579043 0.252469
vt 0.578064 0.237261
vt 0.577373 0.222096
vt 0.576641 0.207007
vt 0.590209 0.206525
vt 0.575869 0.191807
vt 0.562403 0.192429
vt 0.575389 0.178395
vt 0.561765 0.179169
vt 0.548102 0.179831
vt 0.534483 0.180656
vt 0.561094 0.165730
vt 0.547345 0.166440
vt 0.533698 0.167279
vt 0.518434 0.168211
vt 0.533096 0.153709
vt 0.546806 0.152934
vt 0.532371 0.140321
vt 0.517632 0.154678
vt 0.516888 0.141277
vt 0.502122 0.155612
vt 0.503871 0.182621
vt 0.503051 0.169241
vt 0.487569 0.170222
vt 0.472499 0.183961
vt 0.486608 0.156640
vt 0.457655 0.198163
vt 0.471575 0.170779
vt 0.456655 0.184659
vt 0.441670 0.198880
vt 0.470667 0.157557
vt 0.455628 0.170945
vt 0.485808 0.143036
vt 0.454877 0.157419
vt 0.501366 0.142101
vt 0.469884 0.143726
vt 0.485067 0.129497
vt 0.516207 0.127721
vt 0.500635 0.128580
vt 0.484475 0.116022
vt 0.499963 0.115003
vt 0.468408 0.116933
vt 0.469048 0.130178
vt 0.454051 0.143815
vt 0.453261 0.130515
vt 0.439063 0.157477
vt 0.438282 0.143945
vt 0.439811 0.171155
vt 0.440613 0.185054
vt 0.424076 0.172199
vt 0.423369 0.158497
vt 0.422626 0.145003
vt 0.424845 0.186215
vt 0.425645 0.200316
vt 0.407688 0.160264
vt 0.408356 0.173900
vt 0.408957 0.187881
vt 0.442506 0.213868
vt 0.406923 0.146724
vt 0.443487 0.229007
vt 0.426518 0.215189
vt 0.409815 0.201992
vt 0.427399 0.230043
vt 0.410582 0.216608
vt 0.393121 0.189432
vt 0.393888 0.203397
vt 0.411433 0.231123
vt 0.394527 0.217773
vt 0.392495 0.175487
vt 0.377093 0.190424
vt 0.391807 0.161953
vt 0.376404 0.176631
vt 0.375711 0.163129
vt 0.391165 0.148416
vt 0.375151 0.149544
vt 0.360754 0.177209
vt 0.361363 0.191016
vt 0.359588 0.163429
vt 0.345420 0.177695
vt 0.361984 0.205289
vt 0.345692 0.191940
vt 0.330522 0.178202
vt 0.344190 0.163840
vt 0.359013 0.149793
vt 0.359055 0.136451
vt 0.343460 0.150315
vt 0.374596 0.135966
vt 0.343563 0.137118
vt 0.330153 0.164469
vt 0.328235 0.137540
vt 0.343068 0.123444
vt 0.329036 0.151042
vt 0.450289 0.681784
vt 0.464734 0.693307
vt 0.449670 0.692709
vt 0.465355 0.682284
vt 0.435265 0.681503
vt 0.434692 0.692406
vt 0.450924 0.670753
vt 0.466000 0.671214
vt 0.435856 0.670547
vt 0.451550 0.659680
vt 0.466672 0.660040
vt 0.436428 0.659549
vt 0.452197 0.648529
vt 0.437013 0.648442
vt 0.467408 0.648794
vt 0.482562 0.649106
vt 0.468064 0.637513
vt 0.452790 0.637309
vt 0.437545 0.637234
vt 0.483249 0.637836
vt 0.498046 0.638289
vt 0.468697 0.626234
vt 0.453372 0.626029
vt 0.438085 0.625929
vt 0.483934 0.626530
vt 0.513079 0.638969
vt 0.498784 0.626952
vt 0.528827 0.628362
vt 0.513827 0.627557
vt 0.529670 0.616885
vt 0.514627 0.616114
vt 0.530522 0.605397
vt 0.531263 0.593900
vt 0.515439 0.604644
vt 0.499536 0.615560
vt 0.484622 0.615183
vt 0.531921 0.582362
vt 0.516142 0.593129
vt 0.500278 0.604112
vt 0.485305 0.603769
vt 0.532515 0.570816
vt 0.533185 0.559312
vt 0.516808 0.581599
vt 0.517485 0.570088
vt 0.518179 0.558553
vt 0.500924 0.592661
vt 0.503028 0.558056
vt 0.503721 0.546528
vt 0.488627 0.546185
vt 0.502348 0.569621
vt 0.487918 0.557756
vt 0.501576 0.581173
vt 0.487246 0.569317
vt 0.473109 0.545905
vt 0.473807 0.534292
vt 0.472434 0.557489
vt 0.486582 0.580861
vt 0.471784 0.569049
vt 0.485953 0.592353
vt 0.471183 0.580586
vt 0.470582 0.592066
vt 0.469977 0.603484
vt 0.455681 0.580364
vt 0.455110 0.591837
vt 0.469331 0.614889
vt 0.454548 0.603272
vt 0.453964 0.614682
vt 0.439672 0.591671
vt 0.440197 0.580153
vt 0.439181 0.603150
vt 0.440742 0.568582
vt 0.438635 0.614569
vt 0.423721 0.603133
vt 0.423278 0.614644
vt 0.408350 0.603264
vt 0.456254 0.568818
vt 0.441285 0.557019
vt 0.456845 0.557242
vt 0.441891 0.545398
vt 0.457495 0.545638
vt 0.442555 0.533737
vt 0.426894 0.533477
vt 0.427598 0.521761
vt 0.443281 0.522020
vt 0.458173 0.534033
vt 0.458919 0.522383
vt 0.083610 0.442979
vt 0.100591 0.454445
vt 0.084500 0.455757
vt 0.069201 0.469808
vt 0.052389 0.458376
vt 0.068381 0.457128
vt 0.053210 0.471175
vt 0.036550 0.459600
vt 0.085250 0.468566
vt 0.101366 0.467312
vt 0.037393 0.472514
vt 0.021174 0.460765
vt 0.069811 0.482572
vt 0.021999 0.473834
vt 0.005790 0.461965
vt 0.006616 0.475098
vt 0.053894 0.484016
vt 0.038012 0.485479
vt 0.022722 0.486865
vt 0.007423 0.488273
vt 0.008873 0.499980
vt 0.024162 0.498553
vt 0.010237 0.511683
vt 0.039542 0.497215
vt 0.025578 0.510263
vt 0.011638 0.523367
vt 0.055394 0.495818
vt 0.040987 0.508968
vt 0.026940 0.521995
vt 0.013048 0.534991
vt 0.028352 0.533634
vt 0.014445 0.546586
vt 0.042389 0.520674
vt 0.056855 0.507582
vt 0.071326 0.494449
vt 0.029762 0.545252
vt 0.015836 0.558170
vt 0.043761 0.532412
vt 0.058245 0.519374
vt 0.072800 0.506279
vt 0.031157 0.556865
vt 0.017205 0.569749
vt 0.045171 0.544050
vt 0.059657 0.531066
vt 0.074193 0.518100
vt 0.032528 0.568461
vt 0.018537 0.581330
vt 0.046547 0.555673
vt 0.060990 0.542834
vt 0.075547 0.529831
vt 0.033881 0.580030
vt 0.019865 0.592905
vt 0.047907 0.567276
vt 0.062336 0.554476
vt 0.076866 0.541664
vt 0.035214 0.591608
vt 0.021149 0.604482
vt 0.049251 0.578860
vt 0.063677 0.566092
vt 0.078196 0.553326
vt 0.036469 0.603170
vt 0.022372 0.616066
vt 0.050582 0.590436
vt 0.065004 0.577683
vt 0.079510 0.564954
vt 0.037688 0.614767
vt 0.023586 0.627662
vt 0.051820 0.602004
vt 0.066321 0.589267
vt 0.080815 0.576553
vt 0.038912 0.626337
vt 0.024809 0.639263
vt 0.053021 0.613575
vt 0.067534 0.600846
vt 0.082087 0.588124
vt 0.040111 0.637868
vt 0.026051 0.650797
vt 0.054203 0.625069
vt 0.068703 0.612337
vt 0.083237 0.599658
vt 0.041365 0.649409
vt 0.027245 0.662426
vt 0.055400 0.636593
vt 0.069893 0.623864
vt 0.084421 0.611212
vt 0.042640 0.660989
vt 0.028474 0.674042
vt 0.056643 0.648107
vt 0.071058 0.635356
vt 0.085564 0.622714
vt 0.043863 0.672602
vt 0.029757 0.685673
vt 0.057887 0.659652
vt 0.072243 0.646912
vt 0.086714 0.634233
vt 0.045126 0.684212
vt 0.031049 0.697311
vt 0.059164 0.671242
vt 0.073491 0.658433
vt 0.087867 0.645733
vt 0.046369 0.695877
vt 0.032161 0.708975
vt 0.060397 0.682820
vt 0.074764 0.669928
vt 0.089053 0.657252
vt 0.129799 0.403683
vt 0.146802 0.391464
vt 0.146882 0.403895
vt 0.163609 0.403878
vt 0.147750 0.415920
vt 0.130809 0.415717
vt 0.114095 0.415846
vt 0.113076 0.403818
vt 0.131776 0.427918
vt 0.148580 0.428060
vt 0.115069 0.428188
vt 0.097838 0.416547
vt 0.098754 0.428926
vt 0.132742 0.440440
vt 0.149468 0.440317
vt 0.116051 0.440878
vt 0.099726 0.441680
vt 0.081752 0.417754
vt 0.082645 0.430221
vt 0.096961 0.404366
vt 0.096806 0.391541
vt 0.080594 0.392224
vt 0.080145 0.378747
vt 0.080752 0.405367
vt 0.063930 0.379017
vt 0.079785 0.365333
vt 0.064419 0.392828
vt 0.064604 0.406417
vt 0.048217 0.393327
vt 0.063574 0.365474
vt 0.079295 0.351799
vt 0.063072 0.351717
vt 0.047826 0.379350
vt 0.047462 0.365630
vt 0.046994 0.351653
vt 0.047656 0.337978
vt 0.031951 0.379886
vt 0.031531 0.365750
vt 0.031686 0.337909
vt 0.032118 0.324299
vt 0.031048 0.351601
vt 0.016594 0.324226
vt 0.016051 0.337897
vt 0.001072 0.324015
vt 0.001529 0.310380
vt 0.000493 0.337851
vt 0.015364 0.351669
vt 0.000000 0.351711
vt 0.015997 0.365957
vt 0.000420 0.366351
vt 0.016454 0.380309
vt 0.000982 0.380772
vt 0.032270 0.393899
vt 0.016718 0.394564
vt 0.001292 0.395207
vt 0.048457 0.407196
vt 0.032473 0.407959
vt 0.016971 0.408798
vt 0.001632 0.409674
vt 0.018117 0.421731
vt 0.002693 0.422766
vt 0.033619 0.420787
vt 0.019214 0.434727
vt 0.003802 0.435845
vt 0.049601 0.419957
vt 0.034692 0.433716
vt 0.020218 0.447756
vt 0.004872 0.448904
vt 0.035650 0.446685
vt 0.050568 0.432793
vt 0.065685 0.419077
vt 0.066600 0.431732
vt 0.051500 0.445610
vt 0.067519 0.444460
vt 0.540276 0.347596
vt 0.525676 0.347900
vt 0.525332 0.361923
vt 0.525131 0.375927
vt 0.525470 0.334588
vt 0.510942 0.348166
vt 0.510517 0.362053
vt 0.496139 0.348465
vt 0.510266 0.375874
vt 0.495680 0.362174
vt 0.495652 0.335283
vt 0.510210 0.389632
vt 0.479952 0.323185
vt 0.480320 0.336288
vt 0.510271 0.403260
vt 0.495589 0.402844
vt 0.495390 0.389312
vt 0.494879 0.415190
vt 0.494553 0.427658
vt 0.480191 0.402431
vt 0.479480 0.414897
vt 0.495492 0.375790
vt 0.480012 0.389084
vt 0.480072 0.375617
vt 0.464647 0.402125
vt 0.480408 0.362324
vt 0.480831 0.349141
vt 0.464412 0.388858
vt 0.465513 0.349837
vt 0.464900 0.337278
vt 0.464390 0.324287
vt 0.464815 0.362672
vt 0.464381 0.375575
vt 0.463680 0.311325
vt 0.448659 0.388707
vt 0.449709 0.350211
vt 0.449029 0.362851
vt 0.448778 0.375584
vt 0.433414 0.350241
vt 0.449320 0.337667
vt 0.432888 0.362903
vt 0.433087 0.337700
vt 0.448553 0.324906
vt 0.417069 0.350365
vt 0.432374 0.325013
vt 0.447644 0.312075
vt 0.416670 0.337701
vt 0.431454 0.312281
vt 0.446783 0.298898
vt 0.430193 0.286642
vt 0.430535 0.299393
vt 0.414153 0.287359
vt 0.416095 0.325163
vt 0.415272 0.312537
vt 0.414583 0.299979
vt 0.398190 0.288037
vt 0.398070 0.275399
vt 0.381760 0.276346
vt 0.381888 0.288842
vt 0.398527 0.300606
vt 0.365568 0.277263
vt 0.399074 0.313117
vt 0.382192 0.301284
vt 0.382579 0.313684
vt 0.399677 0.325709
vt 0.383072 0.326285
vt 0.147150 0.607441
vt 0.132461 0.619739
vt 0.131453 0.608309
vt 0.146158 0.595889
vt 0.148036 0.618896
vt 0.149124 0.630381
vt 0.161997 0.595119
vt 0.163733 0.618315
vt 0.164746 0.629829
vt 0.179065 0.617792
vt 0.162831 0.606703
vt 0.178273 0.606026
vt 0.177392 0.594416
vt 0.192801 0.593739
vt 0.176473 0.582869
vt 0.161066 0.583608
vt 0.145235 0.584413
vt 0.191928 0.582140
vt 0.208258 0.593017
vt 0.175640 0.571346
vt 0.160112 0.572035
vt 0.144155 0.572778
vt 0.174706 0.559810
vt 0.159119 0.560501
vt 0.143175 0.561250
vt 0.207444 0.581456
vt 0.191131 0.570576
vt 0.221846 0.592474
vt 0.158100 0.548756
vt 0.142054 0.549532
vt 0.173754 0.548112
vt 0.190326 0.558959
vt 0.189493 0.547295
vt 0.206688 0.569893
vt 0.205990 0.558281
vt 0.548392 0.525758
vt 0.548987 0.514368
vt 0.535136 0.524917
vt 0.534479 0.536362
vt 0.519498 0.535558
vt 0.547812 0.537199
vt 0.533838 0.547830
vt 0.518819 0.547041
vt 0.504457 0.535018
vt 0.505209 0.523522
vt 0.490122 0.523096
vt 0.489367 0.534633
vt 0.474534 0.522695
vt 0.475313 0.511040
vt 0.459689 0.510684
vt 0.460575 0.499012
vt 0.444912 0.498665
vt 0.445856 0.487003
vt 0.444041 0.510331
vt 0.429978 0.487369
vt 0.430975 0.475554
vt 0.429102 0.498603
vt 0.415128 0.474974
vt 0.428342 0.510046
vt 0.414183 0.486871
vt 0.413311 0.498185
vt 0.415186 0.462103
vt 0.431222 0.462708
vt 0.398374 0.485346
vt 0.397232 0.497474
vt 0.412440 0.509759
vt 0.399192 0.473452
vt 0.415404 0.449692
vt 0.431525 0.450154
vt 0.399004 0.461360
vt 0.382559 0.472783
vt 0.381684 0.484881
vt 0.398991 0.449430
vt 0.382392 0.460902
vt 0.365760 0.472481
vt 0.380835 0.497107
vt 0.415528 0.437638
vt 0.431707 0.438118
vt 0.447418 0.438544
vt 0.431899 0.426095
vt 0.415756 0.425695
vt 0.416026 0.413819
vt 0.399047 0.437265
vt 0.399316 0.425257
vt 0.399712 0.413343
vt 0.400376 0.401417
vt 0.382626 0.436896
vt 0.382903 0.424951
vt 0.383301 0.412988
vt 0.383724 0.401055
vt 0.366355 0.424727
vt 0.366722 0.412795
vt 0.150727 0.464724
vt 0.134774 0.477726
vt 0.134108 0.465461
vt 0.117659 0.466269
vt 0.150148 0.452526
vt 0.133462 0.452949
vt 0.166210 0.439827
vt 0.166761 0.451772
vt 0.183598 0.451140
vt 0.116917 0.453572
vt 0.167327 0.463855
vt 0.184154 0.462999
vt 0.200877 0.462390
vt 0.118260 0.478764
vt 0.184573 0.474970
vt 0.167752 0.475888
vt 0.151322 0.476768
vt 0.101988 0.479946
vt 0.119697 0.490821
vt 0.085829 0.481204
vt 0.087343 0.493153
vt 0.103474 0.491936
vt 0.088752 0.505037
vt 0.104852 0.503844
vt 0.090143 0.516857
vt 0.091499 0.528671
vt 0.106228 0.515685
vt 0.121048 0.502807
vt 0.136098 0.489850
vt 0.092798 0.540407
vt 0.107528 0.527563
vt 0.152617 0.488959
vt 0.137385 0.501879
vt 0.168935 0.488174
vt 0.122350 0.514745
vt 0.153805 0.501075
vt 0.138619 0.513844
vt 0.123634 0.526590
vt 0.154946 0.513076
vt 0.108760 0.539357
vt 0.139768 0.525769
vt 0.124805 0.538423
vt 0.094088 0.552220
vt 0.110020 0.551214
vt 0.095367 0.563870
vt 0.096640 0.575484
vt 0.111260 0.562862
vt 0.125994 0.550329
vt 0.140905 0.537596
vt 0.097862 0.587071
vt 0.112458 0.574469
vt 0.127196 0.562008
vt 0.098988 0.598618
vt 0.113629 0.586032
vt 0.128310 0.573591
vt 0.100122 0.610138
vt 0.101235 0.621638
vt 0.114750 0.597611
vt 0.115841 0.609132
vt 0.116872 0.620634
vt 0.129389 0.585192
vt 0.130375 0.596725
vt 0.197533 0.341187
vt 0.212622 0.354258
vt 0.197282 0.354296
vt 0.180263 0.340930
vt 0.212816 0.341448
vt 0.228038 0.353990
vt 0.180636 0.327811
vt 0.197763 0.328235
vt 0.163307 0.340392
vt 0.162793 0.353462
vt 0.163531 0.327347
vt 0.146368 0.339650
vt 0.180865 0.315003
vt 0.146704 0.326743
vt 0.145894 0.352848
vt 0.163830 0.314551
vt 0.129313 0.339234
vt 0.146302 0.365768
vt 0.163050 0.366388
vt 0.146551 0.378634
vt 0.163248 0.378911
vt 0.129625 0.378356
vt 0.129328 0.365455
vt 0.128872 0.352363
vt 0.129799 0.391230
vt 0.112912 0.378231
vt 0.113115 0.391156
vt 0.112570 0.365308
vt 0.096430 0.378469
vt 0.112160 0.352085
vt 0.096119 0.365330
vt 0.112675 0.338945
vt 0.095633 0.351912
vt 0.096182 0.338709
vt 0.079879 0.338447
vt 0.096583 0.325442
vt 0.080234 0.325213
vt 0.063706 0.338233
vt 0.064109 0.324846
vt 0.064443 0.311720
vt 0.048076 0.324502
vt 0.080666 0.312167
vt 0.048381 0.311283
vt 0.080870 0.298826
vt 0.064718 0.298312
vt 0.032389 0.310927
vt 0.048634 0.297678
vt 0.400187 0.338167
vt 0.383446 0.338719
vt 0.366693 0.326741
vt 0.400569 0.350788
vt 0.416607 0.363087
vt 0.383799 0.351245
vt 0.432730 0.375755
vt 0.400076 0.363397
vt 0.416503 0.375938
vt 0.432746 0.388782
vt 0.399956 0.376056
vt 0.383334 0.363657
vt 0.416443 0.388763
vt 0.383307 0.376229
vt 0.367299 0.351549
vt 0.366834 0.363949
vt 0.366964 0.339127
vt 0.400012 0.388699
vt 0.350449 0.351843
vt 0.366848 0.376354
vt 0.383411 0.388682
vt 0.367263 0.400860
vt 0.416639 0.401696
vt 0.432961 0.401845
vt 0.432299 0.413981
vt 0.448905 0.402038
vt 0.448219 0.414360
vt 0.463916 0.414531
vt 0.463489 0.426799
vt 0.447677 0.426500
vt 0.478939 0.427160
vt 0.478594 0.439626
vt 0.463147 0.439035
vt 0.447329 0.450447
vt 0.478330 0.451829
vt 0.462918 0.451221
vt 0.447072 0.462760
vt 0.462709 0.463539
vt 0.462556 0.475905
vt 0.446867 0.475194
vt 0.477045 0.488026
vt 0.461587 0.487495
vt 0.476125 0.499468
vt 0.491712 0.500052
vt 0.506805 0.500622
vt 0.490899 0.511567
vt 0.506005 0.512058
vt 0.520949 0.512663
vt 0.536466 0.502177
vt 0.520224 0.524090
vt 0.535805 0.513514
vt 0.549590 0.503017
vt 0.562786 0.503792
vt 0.064963 0.284942
vt 0.080995 0.285495
vt 0.064921 0.271444
vt 0.081055 0.272282
vt 0.097295 0.286258
vt 0.097365 0.273098
vt 0.097167 0.299343
vt 0.097049 0.312554
vt 0.113659 0.286976
vt 0.113772 0.273939
vt 0.113590 0.300044
vt 0.113476 0.313083
vt 0.113183 0.325849
vt 0.129903 0.326231
vt 0.130214 0.313578
vt 0.147065 0.314052
vt 0.130367 0.300629
vt 0.147061 0.301154
vt 0.163893 0.301734
vt 0.180772 0.302431
vt 0.130349 0.287671
vt 0.147114 0.288260
vt 0.163854 0.289108
vt 0.180683 0.290004
vt 0.130404 0.274696
vt 0.147223 0.275461
vt 0.163697 0.276376
vt 0.180189 0.277351
vt 0.164345 0.261501
vt 0.131336 0.259646
vt 0.180409 0.262595
vt 0.148024 0.260592
vt 0.180678 0.248025
vt 0.164905 0.246815
vt 0.148741 0.245769
vt 0.181380 0.233465
vt 0.165610 0.232473
vt 0.197521 0.234792
vt 0.182632 0.218884
vt 0.149565 0.231340
vt 0.132311 0.244809
vt 0.166322 0.217874
vt 0.133286 0.230368
vt 0.183607 0.204125
vt 0.150161 0.216637
vt 0.166803 0.203146
vt 0.133911 0.215638
vt 0.116717 0.229315
vt 0.150770 0.202020
vt 0.167400 0.188871
vt 0.134484 0.201013
vt 0.115837 0.243972
vt 0.117400 0.214497
vt 0.114856 0.258858
vt 0.099532 0.243006
vt 0.098587 0.258014
vt 0.100388 0.228302
vt 0.083353 0.242029
vt 0.082370 0.257110
vt 0.359785 0.755285
vt 0.345909 0.744933
vt 0.373549 0.765732
vt 0.387387 0.776506
vt 0.345954 0.734410
vt 0.359825 0.744886
vt 0.387059 0.786855
vt 0.387756 0.766115
vt 0.402179 0.766586
vt 0.373703 0.755318
vt 0.388067 0.755644
vt 0.417044 0.756486
vt 0.402497 0.755999
vt 0.388346 0.745114
vt 0.373764 0.744881
vt 0.402805 0.745435
vt 0.359927 0.734431
vt 0.373992 0.734504
vt 0.388651 0.734620
vt 0.417414 0.745821
vt 0.403142 0.734851
vt 0.432131 0.746338
vt 0.417809 0.735133
vt 0.388922 0.724034
vt 0.403526 0.724207
vt 0.418235 0.724446
vt 0.389186 0.713397
vt 0.433036 0.724821
vt 0.403912 0.713489
vt 0.418713 0.713695
vt 0.433548 0.714075
vt 0.448532 0.714527
vt 0.419220 0.702932
vt 0.463492 0.715300
vt 0.434157 0.703229
vt 0.449143 0.703624
vt 0.464111 0.704329
vt 0.404325 0.702797
vt 0.422854 0.626088
vt 0.408042 0.614911
vt 0.392873 0.603506
vt 0.422415 0.637416
vt 0.407692 0.626460
vt 0.392679 0.615205
vt 0.377320 0.603620
vt 0.421941 0.648580
vt 0.407318 0.637767
vt 0.392493 0.626764
vt 0.377182 0.615397
vt 0.362009 0.603483
vt 0.421425 0.659653
vt 0.406879 0.648923
vt 0.361950 0.615211
vt 0.392250 0.638115
vt 0.346656 0.614791
vt 0.377051 0.626946
vt 0.346640 0.626279
vt 0.331431 0.625745
vt 0.361846 0.626765
vt 0.376870 0.638322
vt 0.391934 0.649267
vt 0.331461 0.637061
vt 0.318112 0.636420
vt 0.346558 0.637617
vt 0.361727 0.638135
vt 0.376616 0.649424
vt 0.318224 0.647583
vt 0.304876 0.647263
vt 0.331454 0.648218
vt 0.346453 0.648765
vt 0.361533 0.649269
vt 0.331446 0.659252
vt 0.318362 0.658680
vt 0.346295 0.659747
vt 0.084249 0.227309
vt 0.066246 0.256295
vt 0.067258 0.241137
vt 0.068200 0.226229
vt 0.101199 0.213485
vt 0.085140 0.212407
vt 0.118118 0.199808
vt 0.101907 0.198682
vt 0.069166 0.211249
vt 0.052172 0.225300
vt 0.085968 0.197450
vt 0.069992 0.196221
vt 0.102994 0.184650
vt 0.087032 0.183413
vt 0.071108 0.182226
vt 0.053172 0.210188
vt 0.055198 0.181076
vt 0.054076 0.195032
vt 0.037290 0.209155
vt 0.039341 0.179833
vt 0.038178 0.193866
vt 0.021930 0.208143
vt 0.036288 0.224386
vt 0.051236 0.240219
vt 0.050212 0.255445
vt 0.035332 0.239346
vt 0.020922 0.223453
vt 0.006518 0.207181
vt 0.005550 0.222582
vt 0.007492 0.191634
vt 0.022796 0.192678
vt 0.008537 0.177757
vt 0.023965 0.178692
vt 0.009587 0.164035
vt 0.024977 0.164913
vt 0.010529 0.150616
vt 0.025961 0.151462
vt 0.011548 0.136907
vt 0.040376 0.165948
vt 0.027020 0.137732
vt 0.012565 0.123204
vt 0.041359 0.152556
vt 0.056244 0.167156
vt 0.057214 0.153702
vt 0.042395 0.138790
vt 0.028030 0.124063
vt 0.013565 0.109441
vt 0.072075 0.168327
vt 0.073038 0.154843
vt 0.058227 0.139892
vt 0.043465 0.124999
vt 0.029095 0.110275
vt 0.014579 0.095400
vt 0.030134 0.096199
vt 0.015584 0.081310
vt 0.044581 0.111090
vt 0.059278 0.125933
vt 0.074027 0.140948
vt 0.031187 0.082047
vt 0.016505 0.067371
vt 0.045668 0.096951
vt 0.088892 0.155972
vt 0.032212 0.068079
vt 0.017342 0.053768
vt 0.046773 0.082837
vt 0.033204 0.054323
vt 0.047838 0.068998
vt 0.048964 0.055442
vt 0.062558 0.083853
vt 0.061499 0.097841
vt 0.060417 0.111901
vt 0.075077 0.126912
vt 0.076158 0.112872
vt 0.077205 0.098854
vt 0.091898 0.114180
vt 0.089895 0.142098
vt 0.092934 0.100156
vt 0.090885 0.128175
vt 0.107568 0.115749
vt 0.108536 0.101689
vt 0.106604 0.129665
vt 0.105675 0.143439
vt 0.104781 0.157151
vt 0.123278 0.117232
vt 0.122406 0.131039
vt 0.121524 0.144683
vt 0.087970 0.169542
vt 0.103887 0.170752
vt 0.120655 0.158342
vt 0.119865 0.171960
vt 0.119048 0.185782
vt 0.136060 0.173168
vt 0.135071 0.186843
vt 0.151281 0.187705
vt 0.152024 0.173991
vt 0.136625 0.159424
vt 0.152688 0.160480
vt 0.167980 0.173756
vt 0.185152 0.175023
vt 0.169078 0.161947
vt 0.137387 0.145669
vt 0.153354 0.146699
vt 0.170288 0.148205
vt 0.138254 0.132086
vt 0.154181 0.133119
vt 0.170377 0.134112
vt 0.154946 0.119419
vt 0.138982 0.118483
vt 0.171027 0.120632
vt 0.155846 0.105978
vt 0.187216 0.135174
vt 0.139960 0.104798
vt 0.124240 0.103406
vt 0.140857 0.091237
vt 0.125166 0.089673
vt 0.109417 0.087909
vt 0.156714 0.092438
vt 0.093833 0.086361
vt 0.125978 0.076223
vt 0.078223 0.085046
vt 0.110359 0.074499
vt 0.094681 0.072869
vt 0.079175 0.071619
vt 0.063564 0.070297
vt 0.064464 0.057023
vt 0.080130 0.058538
vt 0.095674 0.059770
vt 0.111186 0.061337
vt 0.082274 0.046238
vt 0.067697 0.044875
vt 0.126786 0.062866
vt 0.097034 0.047532
vt 0.111585 0.049030
vt 0.126275 0.050416
vt 0.112890 0.034404
vt 0.097487 0.033186
vt 0.082236 0.031723
vt 0.113700 0.023780
vt 0.098251 0.022568
vt 0.082866 0.021210
vt 0.114347 0.014346
vt 0.098891 0.013206
vt 0.129827 0.015552
vt 0.083396 0.011859
vt 0.129090 0.025017
vt 0.145252 0.017128
vt 0.067913 0.010655
vt 0.128313 0.035721
vt 0.144261 0.026451
vt 0.160406 0.019517
vt 0.140860 0.051469
vt 0.159310 0.028283
vt 0.143401 0.037080
vt 0.175319 0.021249
vt 0.142335 0.064282
vt 0.156228 0.052183
vt 0.158746 0.038157
vt 0.174575 0.029777
vt 0.190710 0.021750
vt 0.174294 0.038855
vt 0.173044 0.053083
vt 0.157901 0.065093
vt 0.190470 0.030896
vt 0.141685 0.077697
vt 0.157383 0.078833
vt 0.173395 0.065910
vt 0.172892 0.079798
vt 0.172233 0.093626
vt 0.189128 0.066654
vt 0.188573 0.080568
vt 0.171618 0.107281
vt 0.188039 0.094393
vt 0.187720 0.108164
vt 0.187582 0.121606
vt 0.203751 0.108920
vt 0.203525 0.122477
vt 0.203862 0.095139
vt 0.204256 0.081452
vt 0.217687 0.095822
vt 0.218034 0.082224
vt 0.204681 0.067789
vt 0.218212 0.068662
vt 0.217544 0.109529
vt 0.190735 0.053985
vt 0.207699 0.055276
vt 0.190260 0.039993
vt 0.206123 0.041100
vt 0.206197 0.031460
vt 0.206093 0.022471
vt 0.219671 0.031495
vt 0.219495 0.022227
vt 0.219569 0.041732
vt 0.232640 0.031585
vt 0.232800 0.022185
vt 0.221208 0.056143
vt 0.232570 0.042051
vt 0.245992 0.031677
vt 0.246096 0.022068
vt 0.231931 0.069366
vt 0.233945 0.056659
vt 0.245877 0.042439
vt 0.259406 0.031767
vt 0.259500 0.022097
vt 0.272923 0.022539
vt 0.259176 0.042692
vt 0.272801 0.032251
vt 0.286230 0.023116
vt 0.246687 0.057130
vt 0.272507 0.043161
vt 0.286093 0.032927
vt 0.299437 0.024229
vt 0.245461 0.069915
vt 0.259495 0.057567
vt 0.349841 0.412756
vt 0.366084 0.436662
vt 0.382337 0.449032
vt 0.365848 0.460665
vt 0.365867 0.448811
vt 0.348957 0.460240
vt 0.349475 0.424709
vt 0.349197 0.448472
vt 0.349253 0.436475
vt 0.332736 0.448478
vt 0.332691 0.436541
vt 0.332793 0.424747
vt 0.332974 0.412872
vt 0.348857 0.472098
vt 0.332415 0.460297
vt 0.332315 0.471963
vt 0.317986 0.460135
vt 0.317679 0.471771
vt 0.318094 0.448377
vt 0.318109 0.436583
vt 0.303142 0.448647
vt 0.318053 0.424827
vt 0.303128 0.436464
vt 0.318028 0.412926
vt 0.302946 0.460558
vt 0.303047 0.472021
vt 0.303140 0.424798
vt 0.288338 0.436807
vt 0.288300 0.424856
vt 0.213902 0.415040
vt 0.228442 0.402635
vt 0.228987 0.414522
vt 0.213209 0.403332
vt 0.228226 0.390495
vt 0.228084 0.378487
vt 0.243407 0.389884
vt 0.212823 0.391394
vt 0.198683 0.415574
vt 0.197920 0.403718
vt 0.199214 0.427186
vt 0.214414 0.426768
vt 0.229384 0.426253
vt 0.244214 0.425715
vt 0.214858 0.438439
vt 0.244499 0.437410
vt 0.259083 0.437254
vt 0.229842 0.437733
vt 0.259218 0.448894
vt 0.273660 0.448846
vt 0.244744 0.449083
vt 0.215228 0.450148
vt 0.259538 0.460595
vt 0.230112 0.449507
vt 0.245024 0.460874
vt 0.230428 0.461294
vt 0.199904 0.438834
vt 0.215614 0.461844
vt 0.200440 0.450527
vt 0.183108 0.439237
vt 0.182262 0.427613
vt 0.181447 0.415773
vt 0.165406 0.427781
vt 0.180586 0.403856
vt 0.164519 0.415911
vt 0.180321 0.391695
vt 0.197456 0.391716
vt 0.212829 0.379057
vt 0.180019 0.379389
vt 0.163537 0.391518
vt 0.197350 0.379532
vt 0.212756 0.366825
vt 0.180052 0.366806
vt 0.197353 0.366869
vt 0.227935 0.366291
vt 0.243218 0.365906
vt 0.179909 0.354055
vt 0.047504 0.707477
vt 0.033341 0.720648
vt 0.061551 0.694437
vt 0.075890 0.681437
vt 0.090306 0.668711
vt 0.048709 0.719065
vt 0.034644 0.732295
vt 0.062722 0.705980
vt 0.077100 0.692961
vt 0.091427 0.680152
vt 0.078268 0.704462
vt 0.049991 0.730653
vt 0.063918 0.717501
vt 0.036012 0.743949
vt 0.092605 0.691607
vt 0.051376 0.742176
vt 0.037359 0.755569
vt 0.065200 0.728991
vt 0.079465 0.715894
vt 0.052775 0.753740
vt 0.038623 0.767241
vt 0.066517 0.740484
vt 0.080703 0.727367
vt 0.094983 0.714349
vt 0.096232 0.725722
vt 0.093793 0.702983
vt 0.110426 0.712855
vt 0.109190 0.701550
vt 0.108029 0.690265
vt 0.106892 0.678958
vt 0.111641 0.724148
vt 0.105819 0.667546
vt 0.122396 0.677669
vt 0.121331 0.666319
vt 0.104624 0.656054
vt 0.120287 0.654895
vt 0.123500 0.688965
vt 0.103494 0.644592
vt 0.119166 0.643475
vt 0.124657 0.700212
vt 0.102343 0.633117
vt 0.125725 0.711448
vt 0.117976 0.632048
vt 0.133515 0.631109
vt 0.134718 0.642484
vt 0.135758 0.653857
vt 0.150117 0.641681
vt 0.136772 0.665170
vt 0.151136 0.652983
vt 0.137804 0.676447
vt 0.152158 0.664140
vt 0.138832 0.687638
vt 0.153171 0.675350
vt 0.139917 0.698923
vt 0.154119 0.686596
vt 0.168545 0.674675
vt 0.167588 0.663607
vt 0.166588 0.652433
vt 0.165656 0.641142
vt 0.181778 0.652035
vt 0.180806 0.640830
vt 0.179927 0.629462
vt 0.182771 0.663031
vt 0.196725 0.651800
vt 0.197747 0.662737
vt 0.195832 0.640541
vt 0.212676 0.661983
vt 0.211777 0.650964
vt 0.210971 0.639782
vt 0.195058 0.629004
vt 0.210260 0.628279
vt 0.225904 0.661085
vt 0.225003 0.650089
vt 0.224291 0.638855
vt 0.194318 0.617262
vt 0.223704 0.627412
vt 0.209567 0.616576
vt 0.193603 0.605460
vt 0.223096 0.615827
vt 0.208907 0.604790
vt 0.222500 0.604100
vt 0.237254 0.626511
vt 0.236720 0.615037
vt 0.237770 0.637892
vt 0.236193 0.603452
vt 0.250772 0.625793
vt 0.238344 0.649085
vt 0.251076 0.637150
vt 0.251521 0.648260
vt 0.239065 0.660133
vt 0.252150 0.659285
vt 0.264859 0.647716
vt 0.265248 0.658920
vt 0.264462 0.636462
vt 0.278556 0.658506
vt 0.265700 0.669886
vt 0.252649 0.670165
vt 0.278286 0.647340
vt 0.239704 0.670999
vt 0.266185 0.680861
vt 0.226745 0.671856
vt 0.253189 0.681228
vt 0.240279 0.681829
vt 0.213567 0.672749
vt 0.227243 0.682603
vt 0.198639 0.673499
vt 0.214277 0.683440
vt 0.183606 0.674040
vt 0.199425 0.684189
vt 0.169452 0.685640
vt 0.184473 0.684847
vt 0.155144 0.697652
vt 0.170379 0.696619
vt 0.140996 0.710053
vt 0.156189 0.708676
vt 0.141998 0.721181
vt 0.126877 0.722664
vt 0.157129 0.719699
vt 0.127929 0.733788
vt 0.142940 0.732244
vt 0.158006 0.730600
vt 0.172102 0.718414
vt 0.172863 0.729437
vt 0.171306 0.707560
vt 0.187466 0.728253
vt 0.185224 0.695671
vt 0.186728 0.717347
vt 0.185915 0.706619
vt 0.200153 0.694943
vt 0.201510 0.716603
vt 0.200780 0.705798
vt 0.214955 0.694195
vt 0.215528 0.705016
vt 0.216104 0.715873
vt 0.227834 0.693379
vt 0.228382 0.704243
vt 0.228900 0.715127
vt 0.318023 0.625155
vt 0.331357 0.614294
vt 0.346612 0.603208
vt 0.331300 0.602770
vt 0.346646 0.591520
vt 0.331257 0.591275
vt 0.362112 0.591663
vt 0.346797 0.579893
vt 0.362309 0.579924
vt 0.331275 0.579690
vt 0.317655 0.590938
vt 0.362548 0.568236
vt 0.317553 0.579447
vt 0.303891 0.590717
vt 0.346965 0.568193
vt 0.331392 0.568054
vt 0.303738 0.579203
vt 0.290123 0.590726
vt 0.317565 0.567802
vt 0.289865 0.579234
vt 0.303609 0.567640
vt 0.276466 0.590910
vt 0.317614 0.556047
vt 0.331499 0.556372
vt 0.347151 0.556433
vt 0.362831 0.556487
vt 0.347408 0.544709
vt 0.363119 0.544681
vt 0.331651 0.544600
vt 0.347612 0.532829
vt 0.317663 0.544223
vt 0.331688 0.532629
vt 0.303642 0.555955
vt 0.317642 0.532298
vt 0.363441 0.532836
vt 0.347847 0.520857
vt 0.331713 0.520659
vt 0.303632 0.544262
vt 0.317650 0.520385
vt 0.303656 0.532283
vt 0.289580 0.544146
vt 0.450805 0.077884
vt 0.450131 0.064803
vt 0.466519 0.076754
vt 0.434530 0.065817
vt 0.465728 0.063580
vt 0.481202 0.062185
vt 0.482168 0.075599
vt 0.496458 0.060833
vt 0.512030 0.059847
vt 0.497482 0.074503
vt 0.512912 0.073480
vt 0.527679 0.058990
vt 0.528459 0.072616
vt 0.513857 0.087020
vt 0.529319 0.086122
vt 0.514728 0.100525
vt 0.498437 0.088006
vt 0.499243 0.101515
vt 0.483019 0.089045
vt 0.483754 0.102571
vt 0.467177 0.090187
vt 0.467854 0.103658
vt 0.451519 0.091239
vt 0.435183 0.078991
vt 0.452129 0.104561
vt 0.452625 0.117635
vt 0.435914 0.092330
vt 0.436388 0.105562
vt 0.437520 0.130889
vt 0.436914 0.118349
vt 0.420286 0.093253
vt 0.420817 0.106593
vt 0.421318 0.119447
vt 0.421894 0.132107
vt 0.405260 0.107388
vt 0.406302 0.133605
vt 0.405714 0.120636
vt 0.404621 0.094028
vt 0.389499 0.108121
vt 0.389907 0.121621
vt 0.390511 0.134974
vt 0.374116 0.122275
vt 0.358595 0.122797
vt 0.373644 0.108641
vt 0.388947 0.094638
vt 0.373115 0.095098
vt 0.404016 0.080747
vt 0.419577 0.079945
vt 0.418950 0.066727
vt 0.418770 0.054078
vt 0.433460 0.053196
vt 0.318464 0.669711
vt 0.305069 0.658379
vt 0.305274 0.669473
vt 0.291810 0.658250
vt 0.291646 0.647176
vt 0.292082 0.669379
vt 0.278917 0.669559
vt 0.279339 0.680551
vt 0.266646 0.691723
vt 0.292396 0.680363
vt 0.279689 0.691392
vt 0.267101 0.702545
vt 0.305474 0.680399
vt 0.292667 0.691242
vt 0.280091 0.702206
vt 0.267568 0.713373
vt 0.280482 0.713055
vt 0.293010 0.702035
vt 0.293367 0.712961
vt 0.305728 0.691245
vt 0.305908 0.702058
vt 0.306215 0.712940
vt 0.318631 0.680626
vt 0.318692 0.691491
vt 0.318839 0.702267
vt 0.319048 0.712993
vt 0.331478 0.670156
vt 0.331499 0.680954
vt 0.346155 0.670569
vt 0.361284 0.660177
vt 0.346054 0.681273
vt 0.331633 0.691726
vt 0.360988 0.670909
vt 0.345996 0.691897
vt 0.331734 0.702485
vt 0.331823 0.713107
vt 0.346062 0.702668
vt 0.346125 0.713308
vt 0.346022 0.723874
vt 0.360113 0.723966
vt 0.360287 0.713425
vt 0.374242 0.724026
vt 0.374490 0.713441
vt 0.360362 0.702682
vt 0.374720 0.702738
vt 0.360484 0.692053
vt 0.360717 0.681493
vt 0.375039 0.692116
vt 0.389532 0.702723
vt 0.389992 0.692083
vt 0.375424 0.681590
vt 0.404819 0.692081
vt 0.390473 0.681537
vt 0.375834 0.671044
vt 0.419711 0.692166
vt 0.405362 0.681494
vt 0.420251 0.681409
vt 0.390987 0.670940
vt 0.405907 0.670732
vt 0.420834 0.670592
vt 0.406407 0.659894
vt 0.391497 0.660195
vt 0.376257 0.660296
vt 0.221131 0.580866
vt 0.220468 0.569348
vt 0.235570 0.591928
vt 0.234915 0.580387
vt 0.219808 0.557680
vt 0.249743 0.602986
vt 0.234373 0.568798
vt 0.249263 0.591524
vt 0.205265 0.546658
vt 0.250284 0.614371
vt 0.188645 0.535648
vt 0.264184 0.625218
vt 0.263735 0.613910
vt 0.263327 0.602575
vt 0.277589 0.624909
vt 0.277983 0.636142
vt 0.277220 0.613688
vt 0.291100 0.624826
vt 0.291329 0.636016
vt 0.290800 0.613561
vt 0.276852 0.602353
vt 0.290472 0.602176
vt 0.304132 0.602160
vt 0.304317 0.613596
vt 0.304529 0.624917
vt 0.317787 0.602391
vt 0.304736 0.636121
vt 0.317897 0.613790
vt 0.303044 0.413044
vt 0.317948 0.400938
vt 0.333067 0.400882
vt 0.302640 0.401429
vt 0.350257 0.400787
vt 0.318420 0.388915
vt 0.333353 0.388728
vt 0.366960 0.388599
vt 0.350261 0.388636
vt 0.350209 0.376498
vt 0.350184 0.364085
vt 0.333497 0.376716
vt 0.318285 0.376915
vt 0.333441 0.364320
vt 0.333462 0.352246
vt 0.318245 0.364420
vt 0.303019 0.364738
vt 0.302998 0.377274
vt 0.303039 0.389358
vt 0.288168 0.377309
vt 0.288011 0.389447
vt 0.288252 0.401551
vt 0.288185 0.413180
vt 0.273752 0.401536
vt 0.273479 0.389550
vt 0.273328 0.377400
vt 0.273561 0.413279
vt 0.258545 0.389549
vt 0.258776 0.401601
vt 0.273546 0.425166
vt 0.258831 0.413520
vt 0.243654 0.402010
vt 0.243937 0.413954
vt 0.258892 0.425399
vt 0.273671 0.437112
vt 0.240646 0.692650
vt 0.241272 0.703573
vt 0.241828 0.714481
vt 0.253584 0.692189
vt 0.254168 0.703029
vt 0.254656 0.713842
vt 0.255026 0.724664
vt 0.242209 0.725293
vt 0.229405 0.725876
vt 0.216730 0.726585
vt 0.202213 0.727440
vt 0.217149 0.737401
vt 0.188299 0.739135
vt 0.202858 0.738257
vt 0.173772 0.740327
vt 0.189059 0.749923
vt 0.158988 0.741531
vt 0.174684 0.750975
vt 0.159956 0.752226
vt 0.143938 0.743162
vt 0.144970 0.753920
vt 0.128933 0.744910
vt 0.112808 0.735422
vt 0.130077 0.755839
vt 0.097460 0.737103
vt 0.113898 0.746623
vt 0.318271 0.340378
vt 0.333434 0.339979
vt 0.318186 0.352612
vt 0.303152 0.352827
vt 0.303156 0.340667
vt 0.303115 0.328347
vt 0.288328 0.353091
vt 0.288272 0.340913
vt 0.288148 0.365000
vt 0.288154 0.328721
vt 0.273247 0.341071
vt 0.273370 0.353343
vt 0.273410 0.365198
vt 0.273228 0.328787
vt 0.273056 0.316345
vt 0.258245 0.328830
vt 0.287894 0.316291
vt 0.287722 0.303871
vt 0.302890 0.315870
vt 0.318172 0.328107
vt 0.333296 0.327738
vt 0.333062 0.315266
vt 0.349747 0.314879
vt 0.350091 0.327266
vt 0.350286 0.339570
vt 0.316051 0.165059
vt 0.315167 0.151513
vt 0.314444 0.138013
vt 0.327635 0.124147
vt 0.301297 0.165618
vt 0.300844 0.151900
vt 0.300576 0.138207
vt 0.313639 0.125044
vt 0.286699 0.152033
vt 0.300140 0.124780
vt 0.316334 0.178861
vt 0.286447 0.166033
vt 0.286694 0.138266
vt 0.330072 0.192800
vt 0.273298 0.152142
vt 0.301307 0.179419
vt 0.315603 0.193645
vt 0.346149 0.206333
vt 0.329826 0.207712
vt 0.315086 0.208504
vt 0.300733 0.194050
vt 0.286739 0.179741
vt 0.300432 0.208687
vt 0.272182 0.179989
vt 0.286534 0.193968
vt 0.315134 0.223106
vt 0.330150 0.222351
vt 0.346536 0.220946
vt 0.362468 0.219739
vt 0.347040 0.235372
vt 0.363127 0.234116
vt 0.378311 0.218726
vt 0.377747 0.204395
vt 0.378984 0.233034
vt 0.363867 0.248532
vt 0.395286 0.232015
vt 0.379803 0.247401
vt 0.347646 0.249842
vt 0.396100 0.246240
vt 0.364609 0.262972
vt 0.380807 0.261790
vt 0.412148 0.245458
vt 0.397013 0.260725
vt 0.428157 0.244662
vt 0.413065 0.259922
vt 0.429086 0.259230
vt 0.414043 0.274550
vt 0.445154 0.258435
vt 0.430127 0.273817
vt 0.446237 0.273073
vt 0.243191 0.353752
vt 0.228124 0.341360
vt 0.243276 0.341352
vt 0.243167 0.328791
vt 0.258295 0.341287
vt 0.258414 0.353558
vt 0.258317 0.365471
vt 0.258383 0.377432
vt 0.243369 0.377994
vt 0.331732 0.264806
vt 0.317074 0.279243
vt 0.316499 0.265276
vt 0.331084 0.250812
vt 0.315856 0.251383
vt 0.330537 0.236730
vt 0.348249 0.264012
vt 0.332314 0.278830
vt 0.348949 0.278162
vt 0.365661 0.289608
vt 0.365956 0.301937
vt 0.349288 0.290287
vt 0.332628 0.290815
vt 0.366255 0.314324
vt 0.349522 0.302548
vt 0.332874 0.303042
vt 0.317493 0.291219
vt 0.317745 0.303374
vt 0.317993 0.315593
vt 0.302650 0.303575
vt 0.302335 0.291425
vt 0.302034 0.279413
vt 0.287487 0.291632
vt 0.301355 0.265415
vt 0.287289 0.279510
vt 0.272771 0.304017
vt 0.272521 0.291804
vt 0.272380 0.279631
vt 0.286724 0.265411
vt 0.300756 0.251468
vt 0.271974 0.265256
vt 0.315322 0.237396
vt 0.300243 0.237475
vt 0.286001 0.251327
vt 0.300160 0.223262
vt 0.285582 0.237262
vt 0.271465 0.251025
vt 0.286011 0.208520
vt 0.285513 0.222980
vt 0.272420 0.193856
vt 0.271739 0.208209
vt 0.271196 0.236849
vt 0.258348 0.193529
vt 0.271256 0.222583
vt 0.259047 0.070248
vt 0.231684 0.082878
vt 0.245366 0.083368
vt 0.231470 0.096378
vt 0.272181 0.057952
vt 0.258947 0.083710
vt 0.245237 0.096899
vt 0.272508 0.070727
vt 0.284769 0.058201
vt 0.285831 0.043658
vt 0.285918 0.071038
vt 0.272594 0.084014
vt 0.258836 0.097271
vt 0.299159 0.033673
vt 0.312416 0.025121
vt 0.311963 0.034241
vt 0.325308 0.026164
vt 0.299041 0.044242
vt 0.324992 0.034927
vt 0.339903 0.026634
vt 0.311898 0.044679
vt 0.340168 0.035289
vt 0.354851 0.024981
vt 0.325110 0.044596
vt 0.309943 0.058612
vt 0.297475 0.058634
vt 0.299233 0.071184
vt 0.323385 0.058231
vt 0.312244 0.070254
vt 0.339941 0.057727
vt 0.286083 0.084310
vt 0.312818 0.083982
vt 0.325905 0.070134
vt 0.272575 0.097321
vt 0.299421 0.084451
vt 0.258921 0.110789
vt 0.286162 0.097551
vt 0.272632 0.110983
vt 0.299694 0.097660
vt 0.286317 0.110992
vt 0.313354 0.098720
vt 0.299723 0.111379
vt 0.272707 0.124636
vt 0.258991 0.124472
vt 0.286504 0.124628
vt 0.313024 0.112210
vt 0.272798 0.138285
vt 0.327213 0.111407
vt 0.258841 0.138198
vt 0.258637 0.152066
vt 0.342616 0.109872
vt 0.328078 0.098564
vt 0.327249 0.084296
vt 0.342721 0.096761
vt 0.358079 0.109145
vt 0.342226 0.083266
vt 0.341495 0.069800
vt 0.357691 0.095709
vt 0.357405 0.082457
vt 0.357045 0.069202
vt 0.372605 0.081766
vt 0.357288 0.056900
vt 0.372258 0.068602
vt 0.340470 0.044064
vt 0.356081 0.042991
vt 0.371599 0.042171
vt 0.355744 0.034110
vt 0.370939 0.032400
vt 0.215404 0.191952
vt 0.228849 0.179854
vt 0.229800 0.193531
vt 0.244333 0.180015
vt 0.200053 0.205451
vt 0.200823 0.189817
vt 0.215791 0.179670
vt 0.229995 0.166346
vt 0.185244 0.188552
vt 0.201439 0.177121
vt 0.215531 0.165667
vt 0.201862 0.163438
vt 0.185997 0.163136
vt 0.186561 0.148657
vt 0.202609 0.150134
vt 0.216417 0.151168
vt 0.203216 0.136036
vt 0.217106 0.136780
vt 0.230672 0.151405
vt 0.217374 0.123136
vt 0.231433 0.110062
vt 0.231424 0.123614
vt 0.244332 0.110397
vt 0.244123 0.124400
vt 0.231249 0.137349
vt 0.243985 0.138045
vt 0.245162 0.151521
vt 0.245512 0.165698
vt 0.257987 0.166278
vt 0.258357 0.179861
vt 0.271721 0.166509
vt 0.289688 0.567723
vt 0.289675 0.555993
vt 0.275929 0.567718
vt 0.275694 0.556076
vt 0.289500 0.532075
vt 0.276148 0.579362
vt 0.275389 0.544254
vt 0.303445 0.520258
vt 0.275201 0.532256
vt 0.289184 0.520008
vt 0.303386 0.508259
vt 0.317594 0.508363
vt 0.331810 0.508559
vt 0.348007 0.508891
vt 0.348269 0.496676
vt 0.363789 0.520953
vt 0.331966 0.496323
vt 0.317582 0.496149
vt 0.364170 0.509009
vt 0.379238 0.532997
vt 0.379675 0.521099
vt 0.378754 0.544792
vt 0.378369 0.556569
vt 0.394623 0.544888
vt 0.395128 0.533167
vt 0.378037 0.568298
vt 0.394174 0.556638
vt 0.393812 0.568340
vt 0.377769 0.580016
vt 0.393467 0.580022
vt 0.409510 0.568385
vt 0.377496 0.591786
vt 0.393133 0.591758
vt 0.409102 0.580018
vt 0.408701 0.591608
vt 0.424183 0.591605
vt 0.424662 0.580053
vt 0.425146 0.568460
vt 0.409963 0.556695
vt 0.410478 0.544990
vt 0.425656 0.556839
vt 0.426248 0.545196
vt 0.411076 0.533266
vt 0.395698 0.521338
vt 0.411725 0.521527
vt 0.380262 0.509179
vt 0.396390 0.509517
vt 0.364588 0.496860
vt 0.365054 0.484568
vt 0.348531 0.484362
vt 0.332156 0.483970
vt 0.317648 0.483926
vt 0.303343 0.496176
vt 0.303155 0.484007
vt 0.289060 0.508092
vt 0.288856 0.496066
vt 0.288764 0.483984
vt 0.288648 0.472014
vt 0.274337 0.484040
vt 0.288354 0.460378
vt 0.274236 0.471995
vt 0.288269 0.448672
vt 0.274008 0.460438
vt 0.259794 0.472123
vt 0.274578 0.496178
vt 0.245271 0.472379
vt 0.259953 0.484269
vt 0.260227 0.496470
vt 0.274719 0.508270
vt 0.230719 0.472921
vt 0.245449 0.484666
vt 0.216001 0.473546
vt 0.230913 0.485145
vt 0.245737 0.496867
vt 0.201282 0.474209
vt 0.216302 0.485926
vt 0.201773 0.486621
vt 0.185362 0.487400
vt 0.231285 0.497450
vt 0.246012 0.508951
vt 0.216841 0.498156
vt 0.231648 0.509603
vt 0.260404 0.508630
vt 0.246464 0.521110
vt 0.202382 0.498887
vt 0.217301 0.510345
vt 0.232148 0.521676
vt 0.203019 0.510972
vt 0.186125 0.499697
vt 0.169948 0.500391
vt 0.217868 0.522353
vt 0.170934 0.512447
vt 0.186955 0.511797
vt 0.203701 0.522970
vt 0.232643 0.533692
vt 0.218488 0.534287
vt 0.187800 0.523720
vt 0.171908 0.524411
vt 0.155996 0.525054
vt 0.157043 0.536830
vt 0.172817 0.536260
vt 0.204474 0.534900
vt 0.219139 0.546118
vt 0.233237 0.545516
vt 0.233779 0.557120
vt 0.246836 0.533084
vt 0.247310 0.545015
vt 0.247668 0.556763
vt 0.248240 0.568337
vt 0.260646 0.520685
vt 0.260906 0.532632
vt 0.261256 0.544531
vt 0.261587 0.556304
vt 0.274882 0.520163
vt 0.262017 0.567941
vt 0.248748 0.579945
vt 0.262422 0.579550
vt 0.262839 0.591154
vt 0.257720 0.207859
vt 0.256976 0.236486
vt 0.256924 0.250784
vt 0.257122 0.265262
vt 0.242083 0.250694
vt 0.257133 0.222137
vt 0.242496 0.236176
vt 0.242998 0.221703
vt 0.242067 0.265325
vt 0.257246 0.279738
vt 0.241967 0.279947
vt 0.226681 0.265299
vt 0.226851 0.279812
vt 0.257382 0.291949
vt 0.242140 0.292131
vt 0.227057 0.291960
vt 0.257684 0.304134
vt 0.242542 0.304256
vt 0.227434 0.304171
vt 0.258045 0.316379
vt 0.212479 0.303901
vt 0.242937 0.316405
vt 0.227809 0.316394
vt 0.212850 0.316128
vt 0.228078 0.328787
vt 0.212912 0.328612
vt 0.197844 0.315607
vt 0.197592 0.303290
vt 0.212163 0.291587
vt 0.197372 0.290973
vt 0.211776 0.279459
vt 0.196960 0.278561
vt 0.211497 0.264830
vt 0.196536 0.263858
vt 0.226751 0.250647
vt 0.211541 0.250179
vt 0.196677 0.249309
vt 0.227394 0.235940
vt 0.212191 0.235599
vt 0.198751 0.220145
vt 0.213346 0.220904
vt 0.228241 0.221365
vt 0.214534 0.206359
vt 0.229232 0.207045
vt 0.243585 0.207428
vt 0.243982 0.193917
s 1
f 1/1/1 2/2/2 3/3/3
f 3/3/3 4/4/4 1/1/1
f 4/4/4 3/3/3 5/5/5
f 1/1/1 6/6/6 7/7/7
f 6/6/6 1/1/1 4/4/4
f 7/7/7 8/8/8 9/9/9
f 8/8/8 7/7/7 6/6/6
f 10/10/10 9/9/9 8/8/8
f 9/9/9 10/10/10 11/11/11
f 12/12/12 8/8/8 6/6/6
f 4/4/4 12/12/12 6/6/6
f 8/8/8 12/12/12 13/13/13
f 13/13/13 10/10/10 8/8/8
f 12/12/12 4/4/4 14/14/14
f 5/5/5 14/14/14 4/4/4
f 14/14/14 5/5/5 15/15/15
f 14/14/14 16/16/16 12/12/12
f 16/16/16 13/13/13 12/12/12
f 15/15/15 17/17/17 14/14/14
f 16/16/16 14/14/14 17/17/17
f 17/17/17 15/15/15 18/18/18
f 17/17/17 19/19/19 16/16/16
f 18/18/18 20/20/20 17/17/17
f 19/19/19 17/17/17 20/20/20
f 20/20/20 18/18/18 21/21/21
f 21/21/21 22/22/22 20/20/20
f 20/20/20 22/22/22 19/19/19
f 22/22/22 21/21/21 23/23/23
f 13/13/13 16/16/16 24/24/24
f 19/19/19 24/24/24 16/16/16
f 24/24/24 25/25/25 13/13/13
f 10/10/10 13/13/13 25/25/25
f 26/26/26 22/22/22 23/23/23
f 24/24/24 19/19/19 27/27/27
f 19/19/19 22/22/22 28/28/28
f 19/19/19 28/28/28 27/27/27
f 27/27/27 29/29/29 24/24/24
f 25/25/25 24/24/24 29/29/29
f 27/27/27 28/28/28 30/30/30
f 22/22/22 31/31/31 28/28/28
f 28/28/28 31/31/31 30/30/30
f 27/27/27 30/30/30 32/32/32
f 29/29/29 27/27/27 32/32/32
f 32/32/32 30/30/30 33/33/33
f 29/29/29 32/32/32 34/34/34
f 29/29/29 35/35/35 25/25/25
f 35/35/35 29/29/29 34/34/34
f 36/36/36 25/25/25 35/35/35
f 25/25/25 36/36/36 10/10/10
f 37/37/37 10/10/10 36/36/36
f 10/10/10 37/37/37 11/11/11
f 38/38/38 11/11/11 37/37/37
f 38/38/38 37/37/37 39/39/39
f 40/40/40 38/38/38 39/39/39
f 41/41/41 40/40/40 39/39/39
f 39/39/39 37/37/37 42/42/42
f 42/42/42 41/41/41 39/39/39
f 37/37/37 36/36/36 42/42/42
f 42/42/42 36/36/36 43/43/43
f 35/35/35 43/43/43 36/36/36
f 41/41/41 42/42/42 44/44/44
f 42/42/42 43/43/43 44/44/44
f 41/41/41 44/44/44 45/45/45
f 46/46/46 41/41/41 45/45/45
f 47/47/47 46/46/46 45/45/45
f 48/48/48 47/47/47 45/45/45
f 45/45/45 44/44/44 48/48/48
f 47/47/47 48/48/48 49/49/49
f 50/50/50 49/49/49 48/48/48
f 44/44/44 51/51/51 48/48/48
f 48/48/48 51/51/51 50/50/50
f 44/44/44 43/43/43 51/51/51
f 43/43/43 35/35/35 52/52/52
f 43/43/43 52/52/52 51/51/51
f 35/35/35 34/34/34 52/52/52
f 53/53/53 50/50/50 51/51/51
f 51/51/51 52/52/52 53/53/53
f 50/50/50 53/53/53 54/54/54
f 52/52/52 34/34/34 55/55/55
f 55/55/55 53/53/53 52/52/52
f 53/53/53 56/56/56 54/54/54
f 53/53/53 55/55/55 56/56/56
f 57/57/57 58/58/58 59/59/59
f 60/60/60 59/59/59 58/58/58
f 61/61/61 62/62/62 57/57/57
f 59/59/59 61/61/61 57/57/57
f 54/54/54 63/63/63 62/62/62
f 61/61/61 54/54/54 62/62/62
f 59/59/59 60/60/60 64/64/64
f 65/65/65 64/64/64 60/60/60
f 49/49/49 61/61/61 59/59/59
f 64/64/64 49/49/49 59/59/59
f 50/50/50 54/54/54 61/61/61
f 49/49/49 50/50/50 61/61/61
f 64/64/64 65/65/65 66/66/66
f 67/67/67 66/66/66 65/65/65
f 47/47/47 49/49/49 64/64/64
f 66/66/66 47/47/47 64/64/64
f 66/66/66 67/67/67 68/68/68
f 69/69/69 68/68/68 67/67/67
f 69/69/69 70/70/70 68/68/68
f 71/71/71 68/68/68 70/70/70
f 68/68/68 72/72/72 66/66/66
f 72/72/72 47/47/47 66/66/66
f 68/68/68 71/71/71 73/73/73
f 72/72/72 68/68/68 73/73/73
f 74/74/74 73/73/73 71/71/71
f 73/73/73 74/74/74 75/75/75
f 75/75/75 72/72/72 73/73/73
f 76/76/76 75/75/75 74/74/74
f 46/46/46 47/47/47 72/72/72
f 72/72/72 75/75/75 46/46/46
f 75/75/75 76/76/76 77/77/77
f 77/77/77 46/46/46 75/75/75
f 78/78/78 77/77/77 76/76/76
f 77/77/77 78/78/78 79/79/79
f 80/80/80 79/79/79 78/78/78
f 46/46/46 77/77/77 81/81/81
f 79/79/79 81/81/81 77/77/77
f 79/79/79 80/80/80 82/82/82
f 83/83/83 82/82/82 80/80/80
f 81/81/81 79/79/79 40/40/40
f 82/82/82 83/83/83 84/84/84
f 82/82/82 85/85/85 79/79/79
f 79/79/79 85/85/85 40/40/40
f 84/84/84 85/85/85 82/82/82
f 86/86/86 84/84/84 83/83/83
f 40/40/40 41/41/41 81/81/81
f 81/81/81 41/41/41 46/46/46
f 85/85/85 38/38/38 40/40/40
f 84/84/84 86/86/86 87/87/87
f 85/85/85 84/84/84 88/88/88
f 87/87/87 88/88/88 84/84/84
f 88/88/88 89/89/89 85/85/85
f 85/85/85 89/89/89 38/38/38
f 88/88/88 87/87/87 90/90/90
f 90/90/90 89/89/89 88/88/88
f 86/86/86 91/91/91 87/87/87
f 91/91/91 90/90/90 87/87/87
f 86/86/86 92/92/92 91/91/91
f 92/92/92 93/93/93 91/91/91
f 92/92/92 94/94/94 93/93/93
f 95/95/95 93/93/93 94/94/94
f 93/93/93 95/95/95 96/96/96
f 93/93/93 97/97/97 91/91/91
f 90/90/90 91/91/91 97/97/97
f 96/96/96 98/98/98 93/93/93
f 97/97/97 93/93/93 98/98/98
f 98/98/98 96/96/96 99/99/99
f 97/97/97 100/100/100 90/90/90
f 89/89/89 90/90/90 100/100/100
f 98/98/98 101/101/101 97/97/97
f 100/100/100 97/97/97 101/101/101
f 99/99/99 102/102/102 98/98/98
f 101/101/101 98/98/98 102/102/102
f 102/102/102 99/99/99 2/2/2
f 100/100/100 11/11/11 89/89/89
f 89/89/89 11/11/11 38/38/38
f 101/101/101 9/9/9 100/100/100
f 11/11/11 100/100/100 9/9/9
f 102/102/102 7/7/7 101/101/101
f 9/9/9 101/101/101 7/7/7
f 2/2/2 1/1/1 102/102/102
f 7/7/7 102/102/102 1/1/1
f 103/103/103 104/104/104 105/105/105
f 106/106/106 107/107/107 108/108/108
f 105/105/105 109/109/109 103/103/103
f 109/109/109 105/105/105 110/110/110
f 103/103/103 111/111/111 112/112/112
f 111/111/111 103/103/103 109/109/109
f 113/113/113 112/112/112 111/111/111
f 112/112/112 113/113/113 114/114/114
f 114/114/114 115/115/115 106/106/106
f 115/115/115 114/114/114 113/113/113
f 107/107/107 106/106/106 115/115/115
f 116/116/116 108/108/108 107/107/107
f 109/109/109 117/117/117 111/111/111
f 110/110/110 118/118/118 109/109/109
f 117/117/117 109/109/109 118/118/118
f 118/118/118 110/110/110 119/119/119
f 120/120/120 111/111/111 117/117/117
f 111/111/111 120/120/120 113/113/113
f 118/118/118 121/121/121 117/117/117
f 119/119/119 122/122/122 118/118/118
f 121/121/121 118/118/118 122/122/122
f 122/122/122 119/119/119 123/123/123
f 124/124/124 117/117/117 121/121/121
f 117/117/117 124/124/124 120/120/120
f 122/122/122 125/125/125 121/121/121
f 123/123/123 126/126/126 122/122/122
f 125/125/125 122/122/122 126/126/126
f 126/126/126 123/123/123 127/127/127
f 128/128/128 121/121/121 125/125/125
f 121/121/121 128/128/128 124/124/124
f 126/126/126 129/129/129 125/125/125
f 127/127/127 130/130/130 126/126/126
f 129/129/129 126/126/126 130/130/130
f 130/130/130 127/127/127 131/131/131
f 132/132/132 125/125/125 129/129/129
f 125/125/125 132/132/132 128/128/128
f 130/130/130 133/133/133 129/129/129
f 131/131/131 134/134/134 130/130/130
f 133/133/133 130/130/130 134/134/134
f 134/134/134 131/131/131 135/135/135
f 135/135/135 136/136/136 134/134/134
f 136/136/136 133/133/133 134/134/134
f 136/136/136 135/135/135 137/137/137
f 138/138/138 129/129/129 133/133/133
f 129/129/129 138/138/138 132/132/132
f 133/133/133 136/136/136 139/139/139
f 137/137/137 140/140/140 136/136/136
f 140/140/140 139/139/139 136/136/136
f 140/140/140 137/137/137 141/141/141
f 142/142/142 140/140/140 141/141/141
f 140/140/140 142/142/142 143/143/143
f 142/142/142 144/144/144 143/143/143
f 144/144/144 145/145/145 143/143/143
f 145/145/145 140/140/140 143/143/143
f 145/145/145 144/144/144 146/146/146
f 139/139/139 140/140/140 147/147/147
f 140/140/140 145/145/145 147/147/147
f 148/148/148 133/133/133 139/139/139
f 147/147/147 148/148/148 139/139/139
f 133/133/133 148/148/148 138/138/138
f 146/146/146 149/149/149 145/145/145
f 149/149/149 147/147/147 145/145/145
f 149/149/149 146/146/146 150/150/150
f 148/148/148 147/147/147 151/151/151
f 147/147/147 149/149/149 151/151/151
f 150/150/150 152/152/152 149/149/149
f 152/152/152 151/151/151 149/149/149
f 152/152/152 150/150/150 153/153/153
f 154/154/154 152/152/152 153/153/153
f 151/151/151 155/155/155 148/148/148
f 155/155/155 138/138/138 148/148/148
f 151/151/151 152/152/152 156/156/156
f 155/155/155 151/151/151 156/156/156
f 152/152/152 154/154/154 157/157/157
f 157/157/157 156/156/156 152/152/152
f 154/154/154 158/158/158 157/157/157
f 158/158/158 154/154/154 159/159/159
f 156/156/156 157/157/157 160/160/160
f 156/156/156 161/161/161 155/155/155
f 161/161/161 156/156/156 160/160/160
f 138/138/138 155/155/155 162/162/162
f 161/161/161 162/162/162 155/155/155
f 162/162/162 132/132/132 138/138/138
f 157/157/157 163/163/163 160/160/160
f 163/163/163 157/157/157 158/158/158
f 160/160/160 164/164/164 161/161/161
f 164/164/164 160/160/160 163/163/163
f 132/132/132 162/162/162 165/165/165
f 165/165/165 128/128/128 132/132/132
f 162/162/162 161/161/161 166/166/166
f 166/166/166 165/165/165 162/162/162
f 167/167/167 161/161/161 164/164/164
f 161/161/161 167/167/167 166/166/166
f 128/128/128 165/165/165 168/168/168
f 168/168/168 124/124/124 128/128/128
f 165/165/165 166/166/166 169/169/169
f 169/169/169 168/168/168 165/165/165
f 170/170/170 166/166/166 167/167/167
f 166/166/166 170/170/170 169/169/169
f 124/124/124 168/168/168 171/171/171
f 171/171/171 120/120/120 124/124/124
f 168/168/168 169/169/169 172/172/172
f 172/172/172 171/171/171 168/168/168
f 173/173/173 169/169/169 170/170/170
f 169/169/169 173/173/173 172/172/172
f 120/120/120 171/171/171 174/174/174
f 174/174/174 113/113/113 120/120/120
f 113/113/113 174/174/174 115/115/115
f 175/175/175 174/174/174 171/171/171
f 171/171/171 172/172/172 175/175/175
f 176/176/176 115/115/115 174/174/174
f 174/174/174 175/175/175 176/176/176
f 115/115/115 176/176/176 107/107/107
f 172/172/172 177/177/177 175/175/175
f 177/177/177 176/176/176 175/175/175
f 177/177/177 172/172/172 173/173/173
f 178/178/178 107/107/107 176/176/176
f 176/176/176 177/177/177 178/178/178
f 107/107/107 178/178/178 116/116/116
f 177/177/177 179/179/179 178/178/178
f 179/179/179 116/116/116 178/178/178
f 173/173/173 180/180/180 177/177/177
f 179/179/179 177/177/177 180/180/180
f 180/180/180 173/173/173 181/181/181
f 170/170/170 181/181/181 173/173/173
f 116/116/116 179/179/179 182/182/182
f 183/183/183 116/116/116 182/182/182
f 182/182/182 184/184/184 183/183/183
f 184/184/184 182/182/182 185/185/185
f 179/179/179 185/185/185 182/182/182
f 185/185/185 186/186/186 184/184/184
f 180/180/180 187/187/187 179/179/179
f 185/185/185 179/179/179 187/187/187
f 186/186/186 185/185/185 188/188/188
f 187/187/187 188/188/188 185/185/185
f 188/188/188 189/189/189 186/186/186
f 187/187/187 180/180/180 190/190/190
f 181/181/181 190/190/190 180/180/180
f 188/188/188 187/187/187 191/191/191
f 190/190/190 191/191/191 187/187/187
f 189/189/189 188/188/188 192/192/192
f 191/191/191 192/192/192 188/188/188
f 192/192/192 193/193/193 189/189/189
f 193/193/193 192/192/192 194/194/194
f 195/195/195 194/194/194 192/192/192
f 192/192/192 191/191/191 195/195/195
f 194/194/194 195/195/195 196/196/196
f 191/191/191 190/190/190 197/197/197
f 197/197/197 195/195/195 191/191/191
f 198/198/198 196/196/196 195/195/195
f 195/195/195 197/197/197 198/198/198
f 196/196/196 198/198/198 199/199/199
f 200/200/200 197/197/197 190/190/190
f 190/190/190 181/181/181 200/200/200
f 201/201/201 198/198/198 197/197/197
f 197/197/197 200/200/200 201/201/201
f 202/202/202 199/199/199 198/198/198
f 198/198/198 201/201/201 202/202/202
f 199/199/199 202/202/202 203/203/203
f 204/204/204 200/200/200 181/181/181
f 181/181/181 170/170/170 204/204/204
f 167/167/167 204/204/204 170/170/170
f 200/200/200 204/204/204 205/205/205
f 205/205/205 201/201/201 200/200/200
f 204/204/204 167/167/167 206/206/206
f 206/206/206 205/205/205 204/204/204
f 164/164/164 206/206/206 167/167/167
f 201/201/201 205/205/205 207/207/207
f 207/207/207 202/202/202 201/201/201
f 205/205/205 206/206/206 208/208/208
f 208/208/208 207/207/207 205/205/205
f 206/206/206 164/164/164 209/209/209
f 209/209/209 208/208/208 206/206/206
f 163/163/163 209/209/209 164/164/164
f 208/208/208 209/209/209 210/210/210
f 209/209/209 163/163/163 211/211/211
f 211/211/211 210/210/210 209/209/209
f 158/158/158 211/211/211 163/163/163
f 202/202/202 207/207/207 212/212/212
f 212/212/212 203/203/203 202/202/202
f 203/203/203 212/212/212 213/213/213
f 207/207/207 208/208/208 214/214/214
f 214/214/214 212/212/212 207/207/207
f 210/210/210 214/214/214 208/208/208
f 215/215/215 213/213/213 212/212/212
f 212/212/212 214/214/214 215/215/215
f 213/213/213 215/215/215 216/216/216
f 214/214/214 210/210/210 217/217/217
f 217/217/217 215/215/215 214/214/214
f 218/218/218 216/216/216 215/215/215
f 215/215/215 217/217/217 218/218/218
f 216/216/216 218/218/218 219/219/219
f 210/210/210 220/220/220 217/217/217
f 220/220/220 218/218/218 217/217/217
f 221/221/221 219/219/219 218/218/218
f 218/218/218 220/220/220 221/221/221
f 219/219/219 221/221/221 222/222/222
f 221/221/221 223/223/223 222/222/222
f 223/223/223 221/221/221 224/224/224
f 224/224/224 225/225/225 223/223/223
f 221/221/221 226/226/226 224/224/224
f 225/225/225 224/224/224 226/226/226
f 226/226/226 221/221/221 220/220/220
f 226/226/226 227/227/227 225/225/225
f 226/226/226 228/228/228 227/227/227
f 228/228/228 226/226/226 229/229/229
f 220/220/220 229/229/229 226/226/226
f 229/229/229 230/230/230 228/228/228
f 220/220/220 210/210/210 231/231/231
f 229/229/229 220/220/220 231/231/231
f 210/210/210 211/211/211 231/231/231
f 230/230/230 229/229/229 232/232/232
f 231/231/231 232/232/232 229/229/229
f 232/232/232 231/231/231 211/211/211
f 232/232/232 159/159/159 230/230/230
f 211/211/211 158/158/158 232/232/232
f 159/159/159 232/232/232 158/158/158
f 233/233/233 234/234/234 235/235/235
f 236/236/236 234/234/234 233/233/233
f 234/234/234 236/236/236 237/237/237
f 235/235/235 238/238/238 233/233/233
f 238/238/238 235/235/235 239/239/239
f 233/233/233 240/240/240 236/236/236
f 240/240/240 233/233/233 238/238/238
f 189/189/189 237/237/237 236/236/236
f 237/237/237 189/189/189 193/193/193
f 186/186/186 236/236/236 240/240/240
f 236/236/236 186/186/186 189/189/189
f 239/239/239 241/241/241 238/238/238
f 241/241/241 239/239/239 242/242/242
f 238/238/238 243/243/243 240/240/240
f 243/243/243 238/238/238 241/241/241
f 240/240/240 184/184/184 186/186/186
f 184/184/184 240/240/240 243/243/243
f 242/242/242 244/244/244 241/241/241
f 244/244/244 242/242/242 245/245/245
f 246/246/246 244/244/244 245/245/245
f 247/247/247 241/241/241 244/244/244
f 241/241/241 247/247/247 243/243/243
f 244/244/244 246/246/246 248/248/248
f 249/249/249 248/248/248 246/246/246
f 244/244/244 250/250/250 247/247/247
f 250/250/250 244/244/244 248/248/248
f 248/248/248 249/249/249 251/251/251
f 251/251/251 250/250/250 248/248/248
f 252/252/252 251/251/251 249/249/249
f 183/183/183 243/243/243 247/247/247
f 243/243/243 183/183/183 184/184/184
f 253/253/253 247/247/247 250/250/250
f 247/247/247 253/253/253 183/183/183
f 250/250/250 251/251/251 254/254/254
f 254/254/254 253/253/253 250/250/250
f 251/251/251 252/252/252 255/255/255
f 255/255/255 254/254/254 251/251/251
f 256/256/256 255/255/255 252/252/252
f 255/255/255 256/256/256 257/257/257
f 258/258/258 257/257/257 256/256/256
f 254/254/254 255/255/255 259/259/259
f 257/257/257 259/259/259 255/255/255
f 253/253/253 254/254/254 108/108/108
f 259/259/259 108/108/108 254/254/254
f 108/108/108 116/116/116 253/253/253
f 116/116/116 183/183/183 253/253/253
f 257/257/257 258/258/258 260/260/260
f 261/261/261 260/260/260 258/258/258
f 259/259/259 257/257/257 262/262/262
f 260/260/260 262/262/262 257/257/257
f 260/260/260 261/261/261 263/263/263
f 264/264/264 263/263/263 261/261/261
f 262/262/262 260/260/260 265/265/265
f 263/263/263 265/265/265 260/260/260
f 264/264/264 266/266/266 263/263/263
f 265/265/265 263/263/263 266/266/266
f 266/266/266 264/264/264 104/104/104
f 262/262/262 106/106/106 259/259/259
f 108/108/108 259/259/259 106/106/106
f 265/265/265 114/114/114 262/262/262
f 106/106/106 262/262/262 114/114/114
f 266/266/266 112/112/112 265/265/265
f 114/114/114 265/265/265 112/112/112
f 104/104/104 103/103/103 266/266/266
f 112/112/112 266/266/266 103/103/103
f 54/54/54 56/56/56 63/63/63
f 56/56/56 267/267/267 63/63/63
f 55/55/55 267/267/267 56/56/56
f 63/63/63 267/267/267 268/268/268
f 34/34/34 269/269/269 55/55/55
f 267/267/267 55/55/55 269/269/269
f 270/270/270 268/268/268 267/267/267
f 269/269/269 270/270/270 267/267/267
f 268/268/268 270/270/270 271/271/271
f 269/269/269 34/34/34 272/272/272
f 34/34/34 32/32/32 272/272/272
f 33/33/33 272/272/272 32/32/32
f 270/270/270 273/273/273 271/271/271
f 270/270/270 269/269/269 274/274/274
f 272/272/272 274/274/274 269/269/269
f 274/274/274 273/273/273 270/270/270
f 271/271/271 273/273/273 275/275/275
f 274/274/274 272/272/272 276/276/276
f 272/272/272 33/33/33 276/276/276
f 273/273/273 274/274/274 277/277/277
f 276/276/276 277/277/277 274/274/274
f 275/275/275 273/273/273 278/278/278
f 33/33/33 279/279/279 276/276/276
f 273/273/273 277/277/277 280/280/280
f 278/278/278 273/273/273 280/280/280
f 277/277/277 276/276/276 281/281/281
f 276/276/276 279/279/279 281/281/281
f 280/280/280 277/277/277 282/282/282
f 277/277/277 281/281/281 282/282/282
f 281/281/281 279/279/279 283/283/283
f 282/282/282 281/281/281 283/283/283
f 33/33/33 284/284/284 279/279/279
f 284/284/284 283/283/283 279/279/279
f 30/30/30 284/284/284 33/33/33
f 30/30/30 31/31/31 284/284/284
f 283/283/283 284/284/284 285/285/285
f 31/31/31 285/285/285 284/284/284
f 286/286/286 283/283/283 285/285/285
f 285/285/285 31/31/31 287/287/287
f 287/287/287 286/286/286 285/285/285
f 288/288/288 287/287/287 31/31/31
f 31/31/31 22/22/22 288/288/288
f 22/22/22 26/26/26 288/288/288
f 287/287/287 288/288/288 289/289/289
f 288/288/288 26/26/26 289/289/289
f 289/289/289 290/290/290 287/287/287
f 286/286/286 287/287/287 290/290/290
f 289/289/289 26/26/26 291/291/291
f 283/283/283 286/286/286 292/292/292
f 292/292/292 282/282/282 283/283/283
f 290/290/290 289/289/289 293/293/293
f 289/289/289 291/291/291 293/293/293
f 294/294/294 295/295/295 296/296/296
f 297/297/297 296/296/296 295/295/295
f 294/294/294 298/298/298 299/299/299
f 298/298/298 294/294/294 296/296/296
f 296/296/296 297/297/297 300/300/300
f 301/301/301 300/300/300 297/297/297
f 296/296/296 302/302/302 298/298/298
f 302/302/302 296/296/296 300/300/300
f 300/300/300 301/301/301 303/303/303
f 303/303/303 302/302/302 300/300/300
f 304/304/304 303/303/303 301/301/301
f 298/298/298 305/305/305 299/299/299
f 306/306/306 299/299/299 305/305/305
f 302/302/302 307/307/307 298/298/298
f 305/305/305 298/298/298 307/307/307
f 303/303/303 304/304/304 308/308/308
f 309/309/309 308/308/308 304/304/304
f 302/302/302 303/303/303 310/310/310
f 308/308/308 310/310/310 303/303/303
f 307/307/307 302/302/302 311/311/311
f 310/310/310 311/311/311 302/302/302
f 308/308/308 309/309/309 312/312/312
f 313/313/313 312/312/312 309/309/309
f 310/310/310 308/308/308 314/314/314
f 312/312/312 314/314/314 308/308/308
f 311/311/311 310/310/310 315/315/315
f 314/314/314 315/315/315 310/310/310
f 312/312/312 313/313/313 316/316/316
f 317/317/317 316/316/316 313/313/313
f 314/314/314 312/312/312 318/318/318
f 316/316/316 318/318/318 312/312/312
f 315/315/315 314/314/314 319/319/319
f 318/318/318 319/319/319 314/314/314
f 316/316/316 317/317/317 320/320/320
f 321/321/321 320/320/320 317/317/317
f 318/318/318 316/316/316 322/322/322
f 320/320/320 322/322/322 316/316/316
f 319/319/319 318/318/318 323/323/323
f 322/322/322 323/323/323 318/318/318
f 320/320/320 321/321/321 324/324/324
f 325/325/325 324/324/324 321/321/321
f 322/322/322 320/320/320 326/326/326
f 324/324/324 326/326/326 320/320/320
f 323/323/323 322/322/322 327/327/327
f 326/326/326 327/327/327 322/322/322
f 324/324/324 325/325/325 328/328/328
f 329/329/329 328/328/328 325/325/325
f 326/326/326 324/324/324 330/330/330
f 328/328/328 330/330/330 324/324/324
f 327/327/327 326/326/326 331/331/331
f 330/330/330 331/331/331 326/326/326
f 328/328/328 329/329/329 332/332/332
f 333/333/333 332/332/332 329/329/329
f 330/330/330 328/328/328 334/334/334
f 332/332/332 334/334/334 328/328/328
f 332/332/332 333/333/333 335/335/335
f 336/336/336 335/335/335 333/333/333
f 334/334/334 332/332/332 337/337/337
f 335/335/335 337/337/337 332/332/332
f 335/335/335 336/336/336 338/338/338
f 339/339/339 338/338/338 336/336/336
f 337/337/337 335/335/335 340/340/340
f 338/338/338 340/340/340 335/335/335
f 338/338/338 339/339/339 341/341/341
f 342/342/342 341/341/341 339/339/339
f 340/340/340 338/338/338 343/343/343
f 341/341/341 342/342/342 344/344/344
f 345/345/345 344/344/344 342/342/342
f 346/346/346 338/338/338 341/341/341
f 338/338/338 346/346/346 343/343/343
f 347/347/347 341/341/341 344/344/344
f 341/341/341 347/347/347 346/346/346
f 344/344/344 345/345/345 348/348/348
f 349/349/349 348/348/348 345/345/345
f 344/344/344 350/350/350 347/347/347
f 350/350/350 344/344/344 348/348/348
f 348/348/348 349/349/349 351/351/351
f 352/352/352 351/351/351 349/349/349
f 348/348/348 353/353/353 350/350/350
f 353/353/353 348/348/348 351/351/351
f 351/351/351 352/352/352 354/354/354
f 354/354/354 353/353/353 351/351/351
f 355/355/355 354/354/354 352/352/352
f 354/354/354 355/355/355 356/356/356
f 357/357/357 356/356/356 355/355/355
f 353/353/353 354/354/354 358/358/358
f 356/356/356 358/358/358 354/354/354
f 356/356/356 357/357/357 359/359/359
f 360/360/360 359/359/359 357/357/357
f 358/358/358 356/356/356 361/361/361
f 359/359/359 360/360/360 362/362/362
f 363/363/363 362/362/362 360/360/360
f 364/364/364 363/363/363 360/360/360
f 365/365/365 359/359/359 362/362/362
f 363/363/363 365/365/365 362/362/362
f 366/366/366 363/363/363 364/364/364
f 359/359/359 365/365/365 367/367/367
f 367/367/367 356/356/356 359/359/359
f 356/356/356 367/367/367 361/361/361
f 275/275/275 367/367/367 365/365/365
f 363/363/363 366/366/366 368/368/368
f 369/369/369 368/368/368 366/366/366
f 370/370/370 365/365/365 363/363/363
f 368/368/368 370/370/370 363/363/363
f 370/370/370 275/275/275 365/365/365
f 368/368/368 369/369/369 371/371/371
f 372/372/372 371/371/371 369/369/369
f 373/373/373 370/370/370 368/368/368
f 371/371/371 373/373/373 368/368/368
f 371/371/371 372/372/372 374/374/374
f 375/375/375 374/374/374 372/372/372
f 376/376/376 373/373/373 371/371/371
f 374/374/374 376/376/376 371/371/371
f 373/373/373 271/271/271 370/370/370
f 271/271/271 275/275/275 370/370/370
f 376/376/376 268/268/268 373/373/373
f 268/268/268 271/271/271 373/373/373
f 374/374/374 375/375/375 57/57/57
f 58/58/58 57/57/57 375/375/375
f 62/62/62 376/376/376 374/374/374
f 57/57/57 62/62/62 374/374/374
f 63/63/63 268/268/268 376/376/376
f 62/62/62 63/63/63 376/376/376
f 377/377/377 378/378/378 379/379/379
f 380/380/380 379/379/379 378/378/378
f 380/380/380 381/381/381 379/379/379
f 378/378/378 382/382/382 380/380/380
f 383/383/383 381/381/381 384/384/384
f 385/385/385 383/383/383 384/384/384
f 381/381/381 380/380/380 386/386/386
f 386/386/386 384/384/384 381/381/381
f 387/387/387 380/380/380 382/382/382
f 386/386/386 380/380/380 388/388/388
f 380/380/380 387/387/387 388/388/388
f 382/382/382 389/389/389 387/387/387
f 384/384/384 390/390/390 385/385/385
f 384/384/384 386/386/386 391/391/391
f 390/390/390 384/384/384 391/391/391
f 388/388/388 391/391/391 386/386/386
f 390/390/390 392/392/392 385/385/385
f 393/393/393 387/387/387 389/389/389
f 389/389/389 394/394/394 393/393/393
f 388/388/388 387/387/387 395/395/395
f 387/387/387 393/393/393 395/395/395
f 396/396/396 393/393/393 394/394/394
f 394/394/394 397/397/397 396/396/396
f 398/398/398 396/396/396 397/397/397
f 393/393/393 396/396/396 399/399/399
f 395/395/395 393/393/393 399/399/399
f 396/396/396 398/398/398 400/400/400
f 401/401/401 400/400/400 398/398/398
f 399/399/399 396/396/396 402/402/402
f 396/396/396 400/400/400 402/402/402
f 400/400/400 401/401/401 403/403/403
f 404/404/404 403/403/403 401/401/401
f 402/402/402 400/400/400 405/405/405
f 400/400/400 403/403/403 405/405/405
f 403/403/403 404/404/404 406/406/406
f 407/407/407 406/406/406 404/404/404
f 403/403/403 408/408/408 405/405/405
f 408/408/408 403/403/403 406/406/406
f 402/402/402 405/405/405 409/409/409
f 410/410/410 405/405/405 408/408/408
f 405/405/405 410/410/410 409/409/409
f 411/411/411 402/402/402 409/409/409
f 399/399/399 402/402/402 411/411/411
f 406/406/406 407/407/407 412/412/412
f 413/413/413 399/399/399 411/411/411
f 395/395/395 399/399/399 413/413/413
f 414/414/414 406/406/406 412/412/412
f 406/406/406 414/414/414 408/408/408
f 407/407/407 415/415/415 412/412/412
f 415/415/415 407/407/407 416/416/416
f 412/412/412 417/417/417 414/414/414
f 417/417/417 412/412/412 415/415/415
f 418/418/418 408/408/408 414/414/414
f 417/417/417 418/418/418 414/414/414
f 408/408/408 418/418/418 410/410/410
f 416/416/416 419/419/419 415/415/415
f 419/419/419 416/416/416 420/420/420
f 415/415/415 421/421/421 417/417/417
f 421/421/421 415/415/415 419/419/419
f 422/422/422 418/418/418 417/417/417
f 421/421/421 422/422/422 417/417/417
f 420/420/420 423/423/423 419/419/419
f 423/423/423 420/420/420 424/424/424
f 419/419/419 425/425/425 421/421/421
f 425/425/425 419/419/419 423/423/423
f 426/426/426 423/423/423 424/424/424
f 425/425/425 427/427/427 421/421/421
f 422/422/422 421/421/421 427/427/427
f 423/423/423 426/426/426 428/428/428
f 429/429/429 428/428/428 426/426/426
f 423/423/423 430/430/430 425/425/425
f 430/430/430 423/423/423 428/428/428
f 427/427/427 425/425/425 431/431/431
f 430/430/430 431/431/431 425/425/425
f 427/427/427 432/432/432 422/422/422
f 428/428/428 433/433/433 430/430/430
f 431/431/431 434/434/434 427/427/427
f 434/434/434 432/432/432 427/427/427
f 431/431/431 430/430/430 435/435/435
f 433/433/433 435/435/435 430/430/430
f 436/436/436 434/434/434 431/431/431
f 435/435/435 436/436/436 431/431/431
f 433/433/433 428/428/428 437/437/437
f 428/428/428 429/429/429 437/437/437
f 435/435/435 433/433/433 438/438/438
f 437/437/437 439/439/439 433/433/433
f 439/439/439 438/438/438 433/433/433
f 429/429/429 440/440/440 437/437/437
f 439/439/439 437/437/437 440/440/440
f 440/440/440 429/429/429 441/441/441
f 442/442/442 436/436/436 435/435/435
f 438/438/438 442/442/442 435/435/435
f 441/441/441 443/443/443 440/440/440
f 443/443/443 441/441/441 444/444/444
f 440/440/440 445/445/445 439/439/439
f 445/445/445 440/440/440 443/443/443
f 438/438/438 439/439/439 446/446/446
f 446/446/446 442/442/442 438/438/438
f 447/447/447 439/439/439 445/445/445
f 439/439/439 447/447/447 446/446/446
f 444/444/444 448/448/448 443/443/443
f 448/448/448 444/444/444 449/449/449
f 443/443/443 450/450/450 445/445/445
f 450/450/450 443/443/443 448/448/448
f 445/445/445 451/451/451 447/447/447
f 451/451/451 445/445/445 450/450/450
f 447/447/447 452/452/452 446/446/446
f 442/442/442 446/446/446 452/452/452
f 453/453/453 454/454/454 455/455/455
f 456/456/456 455/455/455 454/454/454
f 455/455/455 457/457/457 453/453/453
f 458/458/458 459/459/459 456/456/456
f 455/455/455 456/456/456 459/459/459
f 457/457/457 455/455/455 460/460/460
f 459/459/459 460/460/460 455/455/455
f 460/460/460 461/461/461 457/457/457
f 459/459/459 458/458/458 462/462/462
f 463/463/463 462/462/462 458/458/458
f 460/460/460 459/459/459 464/464/464
f 462/462/462 464/464/464 459/459/459
f 461/461/461 460/460/460 465/465/465
f 464/464/464 465/465/465 460/460/460
f 465/465/465 466/466/466 461/461/461
f 462/462/462 463/463/463 467/467/467
f 468/468/468 467/467/467 463/463/463
f 464/464/464 462/462/462 469/469/469
f 467/467/467 469/469/469 462/462/462
f 465/465/465 464/464/464 470/470/470
f 469/469/469 470/470/470 464/464/464
f 466/466/466 465/465/465 471/471/471
f 470/470/470 471/471/471 465/465/465
f 472/472/472 466/466/466 471/471/471
f 466/466/466 472/472/472 473/473/473
f 471/471/471 470/470/470 474/474/474
f 474/474/474 472/472/472 471/471/471
f 470/470/470 469/469/469 475/475/475
f 475/475/475 474/474/474 470/470/470
f 476/476/476 475/475/475 469/469/469
f 469/469/469 467/467/467 476/476/476
f 474/474/474 475/475/475 477/477/477
f 467/467/467 468/468/468 478/478/478
f 478/478/478 476/476/476 467/467/467
f 479/479/479 478/478/478 468/468/468
f 478/478/478 479/479/479 480/480/480
f 480/480/480 481/481/481 478/478/478
f 476/476/476 478/478/478 481/481/481
f 475/475/475 476/476/476 482/482/482
f 481/481/481 482/482/482 476/476/476
f 482/482/482 477/477/477 475/475/475
f 482/482/482 481/481/481 483/483/483
f 483/483/483 484/484/484 482/482/482
f 477/477/477 482/482/482 484/484/484
f 484/484/484 483/483/483 485/485/485
f 485/485/485 486/486/486 484/484/484
f 484/484/484 487/487/487 477/477/477
f 487/487/487 484/484/484 486/486/486
f 488/488/488 477/477/477 487/487/487
f 477/477/477 488/488/488 474/474/474
f 472/472/472 474/474/474 488/488/488
f 489/489/489 488/488/488 487/487/487
f 486/486/486 489/489/489 487/487/487
f 490/490/490 472/472/472 488/488/488
f 488/488/488 489/489/489 490/490/490
f 491/491/491 492/492/492 493/493/493
f 493/493/493 494/494/494 495/495/495
f 494/494/494 493/493/493 496/496/496
f 496/496/496 497/497/497 494/494/494
f 492/492/492 496/496/496 493/493/493
f 498/498/498 493/493/493 495/495/495
f 493/493/493 498/498/498 491/491/491
f 495/495/495 499/499/499 498/498/498
f 497/497/497 496/496/496 500/500/500
f 501/501/501 497/497/497 500/500/500
f 500/500/500 502/502/502 501/501/501
f 503/503/503 500/500/500 496/496/496
f 496/496/496 492/492/492 503/503/503
f 502/502/502 500/500/500 504/504/504
f 500/500/500 503/503/503 504/504/504
f 504/504/504 505/505/505 502/502/502
f 505/505/505 504/504/504 506/506/506
f 503/503/503 506/506/506 504/504/504
f 506/506/506 507/507/507 505/505/505
f 507/507/507 506/506/506 508/508/508
f 509/509/509 508/508/508 506/506/506
f 506/506/506 503/503/503 509/509/509
f 508/508/508 509/509/509 510/510/510
f 511/511/511 509/509/509 503/503/503
f 511/511/511 510/510/510 509/509/509
f 492/492/492 511/511/511 503/503/503
f 510/510/510 511/511/511 512/512/512
f 513/513/513 511/511/511 492/492/492
f 514/514/514 512/512/512 511/511/511
f 511/511/511 513/513/513 514/514/514
f 512/512/512 514/514/514 515/515/515
f 492/492/492 491/491/491 513/513/513
f 514/514/514 516/516/95 515/515/515
f 516/516/95 514/514/514 517/517/516
f 517/517/516 518/518/517 516/516/95
f 519/519/518 514/514/514 513/513/513
f 514/514/514 519/519/518 517/517/516
f 517/517/516 520/520/519 518/518/517
f 520/520/519 517/517/516 519/519/518
f 520/520/519 521/521/520 518/518/517
f 519/519/518 513/513/513 522/522/521
f 522/522/521 520/520/519 519/519/518
f 522/522/521 513/513/513 491/491/491
f 523/523/522 521/521/520 520/520/519
f 520/520/519 522/522/521 523/523/522
f 522/522/521 491/491/491 524/524/523
f 524/524/523 523/523/522 522/522/521
f 524/524/523 491/491/491 498/498/498
f 521/521/520 523/523/522 525/525/524
f 525/525/524 526/526/525 521/521/520
f 525/525/524 527/527/526 526/526/525
f 528/528/527 525/525/524 523/523/522
f 523/523/522 524/524/523 528/528/527
f 524/524/523 498/498/498 529/529/528
f 529/529/528 528/528/527 524/524/523
f 529/529/528 498/498/498 499/499/499
f 528/528/527 529/529/528 530/530/529
f 531/531/530 527/527/526 525/525/524
f 525/525/524 528/528/527 531/531/530
f 529/529/528 499/499/499 532/532/531
f 532/532/531 499/499/499 533/533/532
f 534/534/533 530/530/529 529/529/528
f 532/532/531 534/534/533 529/529/528
f 530/530/529 535/535/534 528/528/527
f 535/535/534 531/531/530 528/528/527
f 534/534/533 535/535/534 530/530/529
f 532/532/531 533/533/532 536/536/535
f 536/536/535 534/534/533 532/532/531
f 537/537/536 538/538/537 539/539/538
f 540/540/539 537/537/536 539/539/538
f 541/541/540 542/542/541 538/538/537
f 538/538/537 537/537/536 541/541/540
f 537/537/536 540/540/539 543/543/542
f 540/540/539 544/544/543 543/543/542
f 545/545/544 541/541/540 537/537/536
f 543/543/542 545/545/544 537/537/536
f 542/542/541 541/541/540 546/546/545
f 547/547/546 543/543/542 544/544/543
f 541/541/540 545/545/544 485/485/485
f 485/485/485 546/546/545 541/541/540
f 545/545/544 543/543/542 548/548/547
f 543/543/542 547/547/546 548/548/547
f 486/486/486 485/485/485 545/545/544
f 548/548/547 486/486/486 545/545/544
f 546/546/545 549/549/548 542/542/541
f 550/550/549 542/542/541 549/549/548
f 549/549/548 551/551/550 550/550/549
f 552/552/551 550/550/549 551/551/550
f 549/549/548 546/546/545 553/553/552
f 546/546/545 485/485/485 483/483/483
f 483/483/483 553/553/552 546/546/545
f 553/553/552 554/554/553 549/549/548
f 551/551/550 549/549/548 554/554/553
f 553/553/552 483/483/483 481/481/481
f 551/551/550 555/555/554 552/552/551
f 556/556/555 552/552/551 555/555/554
f 557/557/556 556/556/555 555/555/554
f 554/554/553 553/553/552 480/480/480
f 481/481/481 480/480/480 553/553/552
f 555/555/554 558/558/557 557/557/556
f 558/558/557 559/559/558 557/557/556
f 555/555/554 551/551/550 560/560/559
f 558/558/557 555/555/554 560/560/559
f 561/561/560 551/551/550 554/554/553
f 551/551/550 561/561/560 560/560/559
f 479/479/479 554/554/553 480/480/480
f 554/554/553 479/479/479 561/561/560
f 562/562/561 560/560/559 561/561/560
f 560/560/559 562/562/561 558/558/557
f 479/479/479 562/562/561 561/561/560
f 558/558/557 563/563/562 559/559/558
f 562/562/561 563/563/562 558/558/557
f 559/559/558 563/563/562 564/564/342
f 562/562/561 479/479/479 565/565/563
f 565/565/563 563/563/562 562/562/561
f 566/566/564 564/564/342 563/563/562
f 563/563/562 565/565/563 566/566/564
f 564/564/342 566/566/564 567/567/345
f 568/568/565 567/567/345 566/566/564
f 567/567/345 568/568/565 569/569/566
f 568/568/565 570/570/567 569/569/566
f 571/571/568 566/566/564 565/565/563
f 566/566/564 571/571/568 568/568/565
f 565/565/563 468/468/468 571/571/568
f 468/468/468 565/565/563 479/479/479
f 572/572/569 568/568/565 571/571/568
f 568/568/565 573/573/570 570/570/567
f 568/568/565 572/572/569 573/573/570
f 574/574/571 570/570/567 573/573/570
f 570/570/567 574/574/571 575/575/572
f 576/576/573 573/573/570 572/572/569
f 573/573/570 576/576/573 574/574/571
f 571/571/568 463/463/463 572/572/569
f 463/463/463 571/571/568 468/468/468
f 572/572/569 458/458/458 576/576/573
f 458/458/458 572/572/569 463/463/463
f 577/577/574 574/574/571 576/576/573
f 578/578/575 575/575/572 574/574/571
f 574/574/571 577/577/574 578/578/575
f 575/575/572 578/578/575 579/579/576
f 578/578/575 580/580/577 579/579/576
f 580/580/577 578/578/575 581/581/578
f 577/577/574 581/581/578 578/578/575
f 580/580/577 581/581/578 582/582/579
f 583/583/580 582/582/579 581/581/578
f 577/577/574 583/583/580 581/581/578
f 584/584/581 582/582/579 583/583/580
f 583/583/580 585/585/582 584/584/581
f 585/585/582 583/583/580 454/454/454
f 577/577/574 454/454/454 583/583/580
f 454/454/454 453/453/453 585/585/582
f 576/576/573 456/456/456 577/577/574
f 454/454/454 577/577/574 456/456/456
f 456/456/456 576/576/573 458/458/458
f 451/451/451 586/586/583 447/447/447
f 452/452/452 447/447/447 586/586/583
f 450/450/450 587/587/584 451/451/451
f 588/588/585 452/452/452 586/586/583
f 589/589/586 442/442/442 452/452/452
f 452/452/452 588/588/585 589/589/586
f 586/586/583 451/451/451 590/590/587
f 587/587/584 590/590/587 451/451/451
f 591/591/588 586/586/583 590/590/587
f 586/586/583 591/591/588 588/588/585
f 590/590/587 587/587/584 592/592/589
f 587/587/584 450/450/450 593/593/590
f 448/448/448 593/593/590 450/450/450
f 593/593/590 594/594/591 587/587/584
f 594/594/591 592/592/589 587/587/584
f 593/593/590 448/448/448 595/595/592
f 449/449/449 595/595/592 448/448/448
f 595/595/592 449/449/449 596/596/593
f 597/597/594 595/595/592 596/596/593
f 598/598/595 590/590/587 592/592/589
f 590/590/587 598/598/595 591/591/588
f 595/595/592 597/597/594 599/599/596
f 600/600/597 599/599/596 597/597/594
f 599/599/596 600/600/597 601/601/598
f 602/602/599 599/599/596 601/601/598
f 603/603/600 595/595/592 599/599/596
f 599/599/596 602/602/599 603/603/600
f 595/595/592 603/603/600 593/593/590
f 594/594/591 593/593/590 603/603/600
f 604/604/601 603/603/600 602/602/599
f 603/603/600 604/604/601 594/594/591
f 604/604/601 605/605/602 594/594/591
f 592/592/589 594/594/591 605/605/602
f 605/605/602 604/604/601 606/606/603
f 607/607/604 605/605/602 606/606/603
f 608/608/605 592/592/589 605/605/602
f 605/605/602 607/607/604 608/608/605
f 592/592/589 608/608/605 598/598/595
f 609/609/606 608/608/605 607/607/604
f 608/608/605 609/609/606 610/610/607
f 610/610/607 598/598/595 608/608/605
f 611/611/608 610/610/607 609/609/606
f 598/598/595 610/610/607 612/612/609
f 610/610/607 611/611/608 613/613/610
f 613/613/610 612/612/609 610/610/607
f 612/612/609 591/591/588 598/598/595
f 614/614/611 613/613/610 611/611/608
f 591/591/588 612/612/609 615/615/612
f 615/615/612 588/588/585 591/591/588
f 612/612/609 613/613/610 616/616/613
f 616/616/613 615/615/612 612/612/609
f 613/613/610 614/614/611 617/617/614
f 617/617/614 616/616/613 613/613/610
f 618/618/615 617/617/614 614/614/611
f 617/617/614 618/618/615 619/619/616
f 620/620/617 619/619/616 618/618/615
f 616/616/613 617/617/614 621/621/618
f 619/619/616 621/621/618 617/617/614
f 615/615/612 616/616/613 622/622/619
f 621/621/618 622/622/619 616/616/613
f 622/622/619 623/623/620 615/615/612
f 588/588/585 615/615/612 623/623/620
f 619/619/616 620/620/617 624/624/621
f 625/625/622 624/624/621 620/620/617
f 621/621/618 619/619/616 626/626/623
f 624/624/621 626/626/623 619/619/616
f 622/622/619 621/621/618 627/627/624
f 626/626/623 627/627/624 621/621/618
f 627/627/624 628/628/625 622/622/619
f 623/623/620 622/622/619 628/628/625
f 624/624/621 625/625/622 629/629/626
f 630/630/627 629/629/626 625/625/622
f 626/626/623 624/624/621 631/631/628
f 629/629/626 631/631/628 624/624/621
f 627/627/624 626/626/623 632/632/629
f 631/631/628 632/632/629 626/626/623
f 632/632/629 633/633/630 627/627/624
f 628/628/625 627/627/624 633/633/630
f 629/629/626 630/630/627 634/634/631
f 635/635/632 634/634/631 630/630/627
f 634/634/631 635/635/632 636/636/633
f 634/634/631 637/637/634 629/629/626
f 631/631/628 629/629/626 637/637/634
f 636/636/633 638/638/635 634/634/631
f 637/637/634 634/634/631 638/638/635
f 638/638/635 636/636/633 639/639/636
f 637/637/634 640/640/637 631/631/628
f 632/632/629 631/631/628 640/640/637
f 638/638/635 641/641/638 637/637/634
f 640/640/637 637/637/634 641/641/638
f 639/639/636 642/642/639 638/638/635
f 641/641/638 638/638/635 642/642/639
f 642/642/639 639/639/636 643/643/640
f 644/644/641 643/643/640 639/639/636
f 640/640/637 645/645/642 632/632/629
f 633/633/630 632/632/629 645/645/642
f 641/641/638 646/646/643 640/640/637
f 645/645/642 640/640/637 646/646/643
f 645/645/642 647/647/644 633/633/630
f 647/647/644 628/628/625 633/633/630
f 646/646/643 648/648/645 645/645/642
f 647/647/644 645/645/642 648/648/645
f 646/646/643 641/641/638 649/649/646
f 642/642/639 649/649/646 641/641/638
f 648/648/645 646/646/643 650/650/647
f 649/649/646 650/650/647 646/646/643
f 651/651/648 647/647/644 648/648/645
f 650/650/647 651/651/648 648/648/645
f 628/628/625 647/647/644 652/652/649
f 652/652/649 623/623/620 628/628/625
f 649/649/646 642/642/639 653/653/650
f 654/654/651 652/652/649 647/647/644
f 647/647/644 651/651/648 654/654/651
f 643/643/640 653/653/650 642/642/639
f 623/623/620 652/652/649 655/655/652
f 655/655/652 588/588/585 623/623/620
f 588/588/585 655/655/652 589/589/586
f 656/656/653 655/655/652 652/652/649
f 652/652/649 654/654/651 656/656/653
f 657/657/654 589/589/586 655/655/652
f 655/655/652 656/656/653 657/657/654
f 589/589/586 657/657/654 658/658/655
f 442/442/442 589/589/586 658/658/655
f 659/659/656 442/442/442 658/658/655
f 442/442/442 659/659/656 436/436/436
f 660/660/657 658/658/655 657/657/654
f 658/658/655 660/660/657 659/659/656
f 661/661/658 657/657/654 656/656/653
f 657/657/654 661/661/658 660/660/657
f 656/656/653 662/662/659 661/661/658
f 662/662/659 656/656/653 654/654/651
f 663/663/660 436/436/436 659/659/656
f 436/436/436 663/663/660 434/434/434
f 664/664/661 659/659/656 660/660/657
f 659/659/656 664/664/661 663/663/660
f 665/665/662 660/660/657 661/661/658
f 660/660/657 665/665/662 664/664/661
f 666/666/663 661/661/658 662/662/659
f 661/661/658 666/666/663 665/665/662
f 667/667/664 434/434/434 663/663/660
f 434/434/434 667/667/664 432/432/432
f 668/668/665 663/663/660 664/664/661
f 663/663/660 668/668/665 667/667/664
f 669/669/666 664/664/661 665/665/662
f 664/664/661 669/669/666 668/668/665
f 670/670/667 665/665/662 666/666/663
f 665/665/662 670/670/667 669/669/666
f 666/666/663 671/671/668 670/670/667
f 672/672/669 669/669/666 670/670/667
f 671/671/668 672/672/669 670/670/667
f 672/672/669 671/671/668 673/673/670
f 673/673/670 674/674/671 672/672/669
f 671/671/668 666/666/663 675/675/672
f 662/662/659 675/675/672 666/666/663
f 675/675/672 676/676/673 671/671/668
f 669/669/666 672/672/669 677/677/674
f 672/672/669 674/674/671 677/677/674
f 677/677/674 668/668/665 669/669/666
f 675/675/672 662/662/659 678/678/675
f 654/654/651 678/678/675 662/662/659
f 678/678/675 654/654/651 651/651/648
f 676/676/673 675/675/672 679/679/676
f 678/678/675 679/679/676 675/675/672
f 680/680/677 676/676/673 679/679/676
f 651/651/648 681/681/678 678/678/675
f 679/679/676 678/678/675 681/681/678
f 679/679/676 682/682/679 680/680/677
f 682/682/679 679/679/676 681/681/678
f 683/683/680 680/680/677 682/682/679
f 681/681/678 651/651/648 684/684/681
f 651/651/648 650/650/647 684/684/681
f 681/681/678 685/685/682 682/682/679
f 685/685/682 681/681/678 684/684/681
f 682/682/679 686/686/683 683/683/680
f 686/686/683 682/682/679 685/685/682
f 687/687/684 683/683/680 686/686/683
f 688/688/685 684/684/681 650/650/647
f 684/684/681 688/688/685 685/685/682
f 650/650/647 649/649/646 688/688/685
f 653/653/650 688/688/685 649/649/646
f 686/686/683 689/689/686 687/687/684
f 690/690/687 685/685/682 688/688/685
f 685/685/682 690/690/687 686/686/683
f 688/688/685 653/653/650 690/690/687
f 689/689/686 686/686/683 690/690/687
f 691/691/688 690/690/687 653/653/650
f 690/690/687 691/691/688 689/689/686
f 653/653/650 643/643/640 691/691/688
f 691/691/688 692/692/689 689/689/686
f 693/693/690 689/689/686 692/692/689
f 694/694/691 693/693/690 692/692/689
f 692/692/689 691/691/688 695/695/692
f 695/695/692 694/694/691 692/692/689
f 696/696/693 691/691/688 643/643/640
f 691/691/688 696/696/693 695/695/692
f 643/643/640 644/644/641 696/696/693
f 694/694/691 695/695/692 697/697/694
f 696/696/693 697/697/694 695/695/692
f 644/644/641 698/698/695 696/696/693
f 697/697/694 696/696/693 698/698/695
f 698/698/695 644/644/641 699/699/696
f 699/699/696 700/700/697 698/698/695
f 698/698/695 701/701/698 697/697/694
f 701/701/698 698/698/695 700/700/697
f 697/697/694 702/702/699 694/694/691
f 702/702/699 697/697/694 701/701/698
f 703/703/700 694/694/691 702/702/699
f 700/700/697 704/704/701 701/701/698
f 704/704/701 702/702/699 701/701/698
f 705/705/702 703/703/700 702/702/699
f 702/702/699 704/704/701 705/705/702
f 703/703/700 705/705/702 706/706/703
f 707/707/704 706/706/703 705/705/702
f 705/705/702 708/708/705 707/707/704
f 708/708/705 705/705/702 704/704/701
f 704/704/701 700/700/697 709/709/706
f 709/709/706 708/708/705 704/704/701
f 700/700/697 710/710/707 709/709/706
f 708/708/705 709/709/706 711/711/708
f 710/710/707 711/711/708 709/709/706
f 712/712/709 708/708/705 711/711/708
f 711/711/708 710/710/707 713/713/710
f 713/713/710 712/712/709 711/711/708
f 714/714/711 715/715/712 716/716/713
f 715/715/712 717/717/714 716/716/713
f 714/714/711 716/716/713 718/718/715
f 716/716/713 719/719/716 718/718/715
f 719/719/716 716/716/713 717/717/714
f 720/720/717 718/718/715 719/719/716
f 721/721/718 718/718/715 720/720/717
f 720/720/717 719/719/716 722/722/719
f 718/718/715 721/721/718 723/723/720
f 723/723/720 714/714/711 718/718/715
f 720/720/717 724/724/721 721/721/718
f 725/725/722 714/714/711 723/723/720
f 726/726/723 723/723/720 721/721/718
f 723/723/720 726/726/723 725/725/722
f 721/721/718 727/727/724 726/726/723
f 727/727/724 721/721/718 724/724/721
f 724/724/721 720/720/717 728/728/725
f 728/728/725 720/720/717 722/722/719
f 724/724/721 729/729/726 727/727/724
f 728/728/725 730/730/727 724/724/721
f 729/729/726 724/724/721 730/730/727
f 731/731/728 726/726/723 727/727/724
f 731/731/728 727/727/724 729/729/726
f 728/728/725 722/722/719 732/732/729
f 730/730/727 728/728/725 733/733/730
f 733/733/730 728/728/725 732/732/729
f 730/730/727 734/734/731 729/729/726
f 733/733/730 735/735/732 730/730/727
f 734/734/731 730/730/727 735/735/732
f 733/733/730 732/732/729 736/736/733
f 735/735/732 733/733/730 737/737/734
f 737/737/734 733/733/730 736/736/733
f 738/738/735 736/736/733 732/732/729
f 735/735/732 737/737/734 739/739/736
f 737/737/734 736/736/733 740/740/737
f 741/741/738 740/740/737 736/736/733
f 741/741/738 736/736/733 738/738/735
f 742/742/739 737/737/734 740/740/737
f 737/737/734 742/742/739 739/739/736
f 743/743/740 740/740/737 741/741/738
f 743/743/740 742/742/739 740/740/737
f 732/732/729 744/744/741 738/738/735
f 732/732/729 722/722/719 744/744/741
f 745/745/742 741/741/738 738/738/735
f 746/746/743 743/743/740 741/741/738
f 741/741/738 745/745/742 746/746/743
f 722/722/719 747/747/744 744/744/741
f 722/722/719 719/719/716 747/747/744
f 717/717/714 747/747/744 719/719/716
f 748/748/745 738/738/735 744/744/741
f 738/738/735 748/748/745 745/745/742
f 749/749/746 744/744/741 747/747/744
f 748/748/745 744/744/741 749/749/746
f 747/747/744 717/717/714 750/750/747
f 750/750/747 749/749/746 747/747/744
f 750/750/747 717/717/714 751/751/748
f 749/749/746 750/750/747 752/752/749
f 751/751/748 752/752/749 750/750/747
f 753/753/750 748/748/745 749/749/746
f 752/752/749 753/753/750 749/749/746
f 748/748/745 753/753/750 754/754/751
f 754/754/751 745/745/742 748/748/745
f 755/755/752 756/756/598 757/757/753
f 755/755/752 758/758/754 756/756/598
f 755/755/752 757/757/753 759/759/755
f 760/760/756 758/758/754 755/755/752
f 760/760/756 761/761/757 758/758/754
f 762/762/758 761/761/757 760/760/756
f 763/763/759 755/755/752 759/759/755
f 763/763/759 760/760/756 755/755/752
f 763/763/759 759/759/755 764/764/760
f 764/764/760 765/765/761 763/763/759
f 766/766/762 760/760/756 763/763/759
f 766/766/762 762/762/758 760/760/756
f 765/765/761 766/766/762 763/763/759
f 767/767/763 762/762/758 766/766/762
f 766/766/762 765/765/761 768/768/764
f 768/768/764 767/767/763 766/766/762
f 769/769/765 770/770/766 771/771/767
f 771/771/767 772/772/768 769/769/765
f 773/773/769 770/770/766 774/774/770
f 775/775/771 776/776/772 773/773/769
f 774/774/770 775/775/771 773/773/769
f 770/770/766 769/769/765 777/777/773
f 777/777/773 774/774/770 770/770/766
f 772/772/768 778/778/774 769/769/765
f 778/778/774 777/777/773 769/769/765
f 778/778/774 772/772/768 779/779/775
f 774/774/770 777/777/773 780/780/776
f 777/777/773 778/778/774 781/781/777
f 781/781/777 780/780/776 777/777/773
f 782/782/778 781/781/777 778/778/774
f 779/779/775 782/782/778 778/778/774
f 780/780/776 781/781/777 783/783/779
f 784/784/780 779/779/775 772/772/768
f 772/772/768 785/785/781 784/784/780
f 780/780/776 786/786/782 774/774/770
f 775/775/771 774/774/770 786/786/782
f 786/786/782 780/780/776 787/787/783
f 783/783/779 787/787/783 780/780/776
f 788/788/784 784/784/780 785/785/781
f 789/789/785 783/783/779 781/781/777
f 781/781/777 782/782/778 789/789/785
f 785/785/781 790/790/786 788/788/784
f 787/787/783 783/783/779 791/791/787
f 783/783/779 789/789/785 792/792/788
f 792/792/788 791/791/787 783/783/779
f 782/782/778 793/793/789 789/789/785
f 793/793/789 792/792/788 789/789/785
f 794/794/790 787/787/783 791/791/787
f 791/791/787 792/792/788 795/795/791
f 795/795/791 794/794/790 791/791/787
f 796/796/792 795/795/791 792/792/788
f 792/792/788 793/793/789 796/796/792
f 795/795/791 796/796/792 797/797/793
f 793/793/789 782/782/778 798/798/794
f 799/799/795 798/798/794 782/782/778
f 782/782/778 779/779/775 799/799/795
f 800/800/796 793/793/789 798/798/794
f 801/801/797 799/799/795 779/779/775
f 779/779/775 784/784/780 801/801/797
f 798/798/794 799/799/795 802/802/798
f 802/802/798 800/800/796 798/798/794
f 803/803/799 802/802/798 799/799/795
f 799/799/795 801/801/797 803/803/799
f 804/804/800 801/801/797 784/784/780
f 784/784/780 788/788/784 804/804/800
f 801/801/797 805/805/801 803/803/799
f 802/802/798 803/803/799 806/806/802
f 805/805/801 806/806/802 803/803/799
f 806/806/802 807/807/803 802/802/798
f 800/800/796 802/802/798 807/807/803
f 801/801/797 804/804/800 808/808/804
f 805/805/801 801/801/797 808/808/804
f 804/804/800 809/809/805 808/808/804
f 808/808/804 810/810/806 805/805/801
f 808/808/804 809/809/805 810/810/806
f 804/804/800 811/811/807 809/809/805
f 788/788/784 811/811/807 804/804/800
f 788/788/784 812/812/808 811/811/807
f 812/812/808 788/788/784 790/790/786
f 809/809/805 811/811/807 813/813/809
f 811/811/807 812/812/808 814/814/810
f 813/813/809 811/811/807 814/814/810
f 815/815/811 809/809/805 813/813/809
f 810/810/806 809/809/805 815/815/811
f 813/813/809 814/814/810 816/816/812
f 815/815/811 813/813/809 817/817/813
f 817/817/813 813/813/809 816/816/812
f 816/816/812 814/814/810 818/818/814
f 814/814/810 812/812/808 819/819/815
f 814/814/810 819/819/815 818/818/814
f 812/812/808 820/820/816 819/819/815
f 790/790/786 820/820/816 812/812/808
f 821/821/817 820/820/816 790/790/786
f 790/790/786 822/822/818 821/821/817
f 823/823/819 821/821/817 822/822/818
f 821/821/817 824/824/820 820/820/816
f 821/821/817 823/823/819 825/825/821
f 825/825/821 824/824/820 821/821/817
f 823/823/819 826/826/822 825/825/821
f 826/826/822 823/823/819 827/827/823
f 827/827/823 293/293/293 826/826/822
f 826/826/822 828/828/824 825/825/821
f 825/825/821 828/828/824 824/824/820
f 293/293/293 829/829/825 826/826/822
f 826/826/822 829/829/825 828/828/824
f 293/293/293 291/291/291 829/829/825
f 820/820/816 824/824/820 830/830/826
f 819/819/815 820/820/816 830/830/826
f 824/824/820 828/828/824 831/831/827
f 830/830/826 824/824/820 831/831/827
f 828/828/824 829/829/825 832/832/828
f 831/831/827 828/828/824 832/832/828
f 829/829/825 291/291/291 833/833/829
f 832/832/828 829/829/825 833/833/829
f 291/291/291 26/26/26 833/833/829
f 819/819/815 830/830/826 834/834/830
f 818/818/814 819/819/815 834/834/830
f 830/830/826 831/831/827 835/835/831
f 834/834/830 830/830/826 835/835/831
f 833/833/829 26/26/26 836/836/832
f 836/836/832 26/26/26 837/837/833
f 833/833/829 836/836/832 838/838/834
f 832/832/828 833/833/829 838/838/834
f 837/837/833 839/839/835 836/836/832
f 838/838/834 836/836/832 839/839/835
f 839/839/835 837/837/833 840/840/836
f 841/841/837 839/839/835 840/840/836
f 839/839/835 841/841/837 842/842/838
f 842/842/838 838/838/834 839/839/835
f 843/843/839 842/842/838 841/841/837
f 844/844/840 832/832/828 838/838/834
f 831/831/827 832/832/828 844/844/840
f 835/835/831 831/831/827 844/844/840
f 845/845/841 844/844/840 838/838/834
f 838/838/834 842/842/838 845/845/841
f 846/846/842 835/835/831 844/844/840
f 844/844/840 845/845/841 846/846/842
f 842/842/838 843/843/839 847/847/843
f 847/847/843 845/845/841 842/842/838
f 848/848/844 847/847/843 843/843/839
f 849/849/845 846/846/842 845/845/841
f 845/845/841 847/847/843 849/849/845
f 847/847/843 848/848/844 850/850/846
f 850/850/846 849/849/845 847/847/843
f 851/851/847 850/850/846 848/848/844
f 835/835/831 846/846/842 852/852/848
f 852/852/848 834/834/830 835/835/831
f 846/846/842 849/849/845 853/853/849
f 853/853/849 852/852/848 846/846/842
f 849/849/845 850/850/846 854/854/850
f 854/854/850 853/853/849 849/849/845
f 850/850/846 851/851/847 855/855/851
f 855/855/851 854/854/850 850/850/846
f 856/856/2 855/855/851 851/851/847
f 834/834/830 852/852/848 857/857/852
f 855/855/851 856/856/2 858/858/853
f 857/857/852 818/818/814 834/834/830
f 859/859/854 858/858/853 856/856/2
f 860/860/855 857/857/852 852/852/848
f 852/852/848 853/853/849 860/860/855
f 818/818/814 857/857/852 861/861/856
f 861/861/856 816/816/812 818/818/814
f 857/857/852 860/860/855 862/862/857
f 862/862/857 861/861/856 857/857/852
f 863/863/858 860/860/855 853/853/849
f 853/853/849 854/854/850 863/863/858
f 864/864/859 862/862/857 860/860/855
f 860/860/855 863/863/858 864/864/859
f 816/816/812 861/861/856 865/865/860
f 865/865/860 817/817/813 816/816/812
f 861/861/856 862/862/857 866/866/861
f 866/866/861 865/865/860 861/861/856
f 862/862/857 864/864/859 867/867/862
f 867/867/862 866/866/861 862/862/857
f 868/868/863 864/864/859 863/863/858
f 869/869/864 867/867/862 864/864/859
f 864/864/859 868/868/863 869/869/864
f 870/870/865 863/863/858 854/854/850
f 863/863/858 870/870/865 868/868/863
f 854/854/850 855/855/851 870/870/865
f 858/858/853 870/870/865 855/855/851
f 871/871/866 868/868/863 870/870/865
f 870/870/865 858/858/853 871/871/866
f 872/872/867 869/869/864 868/868/863
f 868/868/863 871/871/866 872/872/867
f 858/858/853 526/526/525 871/871/866
f 526/526/525 872/872/867 871/871/866
f 526/526/525 858/858/853 873/873/868
f 858/858/853 859/859/854 873/873/868
f 872/872/867 526/526/525 527/527/526
f 869/869/864 872/872/867 874/874/869
f 527/527/526 874/874/869 872/872/867
f 859/859/854 875/875/870 873/873/868
f 875/875/870 859/859/854 876/876/871
f 873/873/868 521/521/520 526/526/525
f 521/521/520 873/873/868 875/875/870
f 875/875/870 876/876/871 516/516/95
f 874/874/869 877/877/872 869/869/864
f 867/867/862 869/869/864 877/877/872
f 518/518/517 875/875/870 516/516/95
f 521/521/520 875/875/870 518/518/517
f 877/877/872 878/878/873 867/867/862
f 866/866/861 867/867/862 878/878/873
f 877/877/872 874/874/869 879/879/874
f 878/878/873 880/880/875 866/866/861
f 865/865/860 866/866/861 880/880/875
f 878/878/873 877/877/872 881/881/876
f 879/879/874 881/881/876 877/877/872
f 880/880/875 878/878/873 882/882/877
f 881/881/876 882/882/877 878/878/873
f 880/880/875 883/883/878 865/865/860
f 817/817/813 865/865/860 883/883/878
f 883/883/878 880/880/875 884/884/879
f 882/882/877 884/884/879 880/880/875
f 883/883/878 885/885/880 817/817/813
f 885/885/880 815/815/811 817/817/813
f 885/885/880 883/883/878 886/886/881
f 884/884/879 886/886/881 883/883/878
f 887/887/882 815/815/811 885/885/880
f 887/887/882 810/810/806 815/815/811
f 886/886/881 888/888/883 885/885/880
f 888/888/883 887/887/882 885/885/880
f 889/889/884 810/810/806 887/887/882
f 889/889/884 887/887/882 888/888/883
f 888/888/883 886/886/881 890/890/885
f 886/886/881 884/884/879 891/891/886
f 891/891/886 890/890/885 886/886/881
f 892/892/887 891/891/886 884/884/879
f 890/890/885 893/893/888 888/888/883
f 893/893/888 889/889/884 888/888/883
f 890/890/885 891/891/886 894/894/889
f 810/810/806 889/889/884 895/895/890
f 805/805/801 810/810/806 895/895/890
f 896/896/891 889/889/884 893/893/888
f 805/805/801 895/895/890 897/897/892
f 806/806/802 805/805/801 897/897/892
f 898/898/893 895/895/890 889/889/884
f 889/889/884 896/896/891 898/898/893
f 897/897/892 895/895/890 899/899/894
f 895/895/890 898/898/893 899/899/894
f 897/897/892 900/900/895 806/806/802
f 807/807/803 806/806/802 900/900/895
f 897/897/892 899/899/894 901/901/896
f 900/900/895 897/897/892 901/901/896
f 900/900/895 902/902/897 807/807/803
f 901/901/896 903/903/898 900/900/895
f 902/902/897 900/900/895 903/903/898
f 902/902/897 800/800/796 807/807/803
f 903/903/898 901/901/896 904/904/899
f 905/905/900 902/902/897 903/903/898
f 904/904/899 905/905/900 903/903/898
f 901/901/896 906/906/901 904/904/899
f 901/901/896 899/899/894 906/906/901
f 905/905/900 904/904/899 907/907/902
f 899/899/894 908/908/903 906/906/901
f 908/908/903 899/899/894 898/898/893
f 904/904/899 906/906/901 909/909/904
f 904/904/899 909/909/904 907/907/902
f 910/910/905 906/906/901 908/908/903
f 906/906/901 910/910/905 909/909/904
f 898/898/893 911/911/906 908/908/903
f 911/911/906 898/898/893 896/896/891
f 908/908/903 912/912/907 910/910/905
f 912/912/907 908/908/903 911/911/906
f 913/913/908 909/909/904 910/910/905
f 914/914/909 910/910/905 912/912/907
f 910/910/905 914/914/909 913/913/908
f 909/909/904 913/913/908 915/915/910
f 907/907/902 909/909/904 915/915/910
f 916/916/911 913/913/908 914/914/909
f 917/917/912 915/915/910 913/913/908
f 913/913/908 916/916/911 917/917/912
f 915/915/910 917/917/912 918/918/913
f 915/915/910 919/919/914 907/907/902
f 919/919/914 915/915/910 918/918/913
f 920/920/915 907/907/902 919/919/914
f 907/907/902 920/920/915 905/905/900
f 920/920/915 921/921/916 905/905/900
f 902/902/897 905/905/900 921/921/916
f 921/921/916 920/920/915 922/922/917
f 921/921/916 923/923/918 902/902/897
f 800/800/796 902/902/897 923/923/918
f 919/919/914 924/924/919 920/920/915
f 924/924/919 922/922/917 920/920/915
f 924/924/919 919/919/914 925/925/920
f 918/918/913 925/925/920 919/919/914
f 923/923/918 921/921/916 926/926/921
f 922/922/917 926/926/921 921/921/916
f 927/927/922 800/800/796 923/923/918
f 928/928/923 923/923/918 926/926/921
f 923/923/918 928/928/923 927/927/922
f 800/800/796 927/927/922 929/929/924
f 793/793/789 800/800/796 929/929/924
f 929/929/924 796/796/792 793/793/789
f 796/796/792 929/929/924 930/930/925
f 927/927/922 930/930/925 929/929/924
f 930/930/925 797/797/793 796/796/792
f 928/928/923 931/931/926 927/927/922
f 930/930/925 927/927/922 931/931/926
f 797/797/793 930/930/925 932/932/927
f 931/931/926 932/932/927 930/930/925
f 932/932/927 933/933/928 797/797/793
f 931/931/926 928/928/923 934/934/929
f 932/932/927 931/931/926 935/935/930
f 934/934/929 935/935/930 931/931/926
f 935/935/930 936/936/931 932/932/927
f 933/933/928 932/932/927 936/936/931
f 936/936/931 935/935/930 331/331/331
f 330/330/330 933/933/928 936/936/931
f 331/331/331 330/330/330 936/936/931
f 933/933/928 330/330/330 334/334/334
f 937/937/932 331/331/331 935/935/930
f 935/935/930 934/934/929 937/937/932
f 331/331/331 937/937/932 327/327/327
f 334/334/334 938/938/933 933/933/928
f 938/938/933 797/797/793 933/933/928
f 797/797/793 938/938/933 795/795/791
f 938/938/933 334/334/334 337/337/337
f 794/794/790 795/795/791 938/938/933
f 337/337/337 794/794/790 938/938/933
f 794/794/790 337/337/337 340/340/340
f 340/340/340 939/939/934 794/794/790
f 787/787/783 794/794/790 939/939/934
f 939/939/934 340/340/340 343/343/343
f 939/939/934 786/786/782 787/787/783
f 343/343/343 940/940/935 939/939/934
f 786/786/782 939/939/934 940/940/935
f 940/940/935 343/343/343 346/346/346
f 940/940/935 775/775/771 786/786/782
f 346/346/346 941/941/936 940/940/935
f 775/775/771 940/940/935 941/941/936
f 941/941/936 346/346/346 347/347/347
f 941/941/936 942/942/937 775/775/771
f 776/776/772 775/775/771 942/942/937
f 942/942/937 943/943/938 776/776/772
f 347/347/347 944/944/939 941/941/936
f 942/942/937 941/941/936 944/944/939
f 944/944/939 347/347/347 350/350/350
f 943/943/938 942/942/937 945/945/940
f 944/944/939 945/945/940 942/942/937
f 945/945/940 946/946/941 943/943/938
f 350/350/350 947/947/942 944/944/939
f 945/945/940 944/944/939 947/947/942
f 947/947/942 350/350/350 353/353/353
f 946/946/941 945/945/940 948/948/943
f 947/947/942 948/948/943 945/945/940
f 948/948/943 949/949/944 946/946/941
f 353/353/353 950/950/945 947/947/942
f 948/948/943 947/947/942 950/950/945
f 950/950/945 353/353/353 358/358/358
f 949/949/944 948/948/943 951/951/946
f 950/950/945 951/951/946 948/948/943
f 278/278/278 949/949/944 951/951/946
f 358/358/358 952/952/947 950/950/945
f 951/951/946 950/950/945 952/952/947
f 952/952/947 358/358/358 361/361/361
f 951/951/946 953/953/948 278/278/278
f 953/953/948 951/951/946 952/952/947
f 361/361/361 953/953/948 952/952/947
f 953/953/948 275/275/275 278/278/278
f 953/953/948 361/361/361 367/367/367
f 367/367/367 275/275/275 953/953/948
f 954/954/949 955/955/950 956/956/951
f 957/957/952 956/956/951 955/955/950
f 955/955/950 958/958/953 957/957/952
f 956/956/951 959/959/954 954/954/949
f 958/958/953 955/955/950 960/960/955
f 961/961/956 960/960/955 955/955/950
f 955/955/950 954/954/949 961/961/956
f 960/960/955 961/961/956 962/962/957
f 963/963/958 962/962/957 961/961/956
f 954/954/949 963/963/958 961/961/956
f 962/962/957 963/963/958 964/964/959
f 959/959/954 965/965/960 954/954/949
f 965/965/960 963/963/958 954/954/949
f 965/965/960 959/959/954 966/966/961
f 966/966/961 967/967/962 965/965/960
f 965/965/960 968/968/963 963/963/958
f 968/968/963 964/964/959 963/963/958
f 967/967/962 968/968/963 965/965/960
f 964/964/959 968/968/963 969/969/964
f 967/967/962 970/970/965 968/968/963
f 970/970/965 969/969/964 968/968/963
f 971/971/966 639/639/636 636/636/633
f 636/636/633 972/972/967 971/971/966
f 973/973/968 971/971/966 972/972/967
f 972/972/967 636/636/633 635/635/632
f 971/971/966 973/973/968 974/974/969
f 975/975/970 974/974/969 973/973/968
f 974/974/969 644/644/641 971/971/966
f 639/639/636 971/971/966 644/644/641
f 974/974/969 975/975/970 976/976/971
f 977/977/972 976/976/971 975/975/970
f 976/976/971 699/699/696 974/974/969
f 644/644/641 974/974/969 699/699/696
f 976/976/971 977/977/972 978/978/973
f 979/979/955 978/978/973 977/977/972
f 699/699/696 976/976/971 980/980/974
f 978/978/973 980/980/974 976/976/971
f 978/978/973 979/979/955 981/981/975
f 982/982/976 981/981/975 979/979/955
f 980/980/974 978/978/973 710/710/707
f 981/981/975 710/710/707 978/978/973
f 700/700/697 699/699/696 980/980/974
f 710/710/707 700/700/697 980/980/974
f 981/981/975 982/982/976 983/983/977
f 984/984/978 983/983/977 982/982/976
f 710/710/707 981/981/975 713/713/710
f 983/983/977 713/713/710 981/981/975
f 983/983/977 984/984/978 985/985/979
f 986/986/980 985/985/979 984/984/978
f 713/713/710 983/983/977 987/987/981
f 985/985/979 987/987/981 983/983/977
f 985/985/979 986/986/980 988/988/982
f 989/989/983 988/988/982 986/986/980
f 987/987/981 985/985/979 990/990/984
f 988/988/982 990/990/984 985/985/979
f 712/712/709 713/713/710 987/987/981
f 990/990/984 712/712/709 987/987/981
f 988/988/982 989/989/983 991/991/985
f 992/992/986 991/991/985 989/989/983
f 990/990/984 988/988/982 993/993/987
f 991/991/985 993/993/987 988/988/982
f 991/991/985 992/992/986 994/994/988
f 995/995/989 994/994/988 992/992/986
f 993/993/987 991/991/985 996/996/990
f 994/994/988 996/996/990 991/991/985
f 993/993/987 997/997/991 990/990/984
f 712/712/709 990/990/984 997/997/991
f 996/996/990 998/998/992 993/993/987
f 997/997/991 993/993/987 998/998/992
f 994/994/988 995/995/989 999/999/993
f 1000/1000/994 999/999/993 995/995/989
f 996/996/990 994/994/988 1001/1001/995
f 999/999/993 1001/1001/995 994/994/988
f 998/998/992 996/996/990 1002/1002/996
f 1001/1001/995 1002/1002/996 996/996/990
f 999/999/993 1000/1000/994 1003/1003/997
f 1004/1004/998 1003/1003/997 1000/1000/994
f 1001/1001/995 999/999/993 1005/1005/999
f 1003/1003/997 1005/1005/999 999/999/993
f 1003/1003/997 1004/1004/998 1006/1006/1000
f 1007/1007/1001 1006/1006/1000 1004/1004/998
f 1005/1005/999 1003/1003/997 1008/1008/1002
f 1006/1006/1000 1008/1008/1002 1003/1003/997
f 1005/1005/999 1009/1009/1003 1001/1001/995
f 1002/1002/996 1001/1001/995 1009/1009/1003
f 1008/1008/1002 1010/1010/1004 1005/1005/999
f 1009/1009/1003 1005/1005/999 1010/1010/1004
f 1006/1006/1000 1007/1007/1001 1011/1011/1005
f 1012/1012/1006 1011/1011/1005 1007/1007/1001
f 1008/1008/1002 1006/1006/1000 1013/1013/1007
f 1011/1011/1005 1013/1013/1007 1006/1006/1000
f 1010/1010/1004 1008/1008/1002 1014/1014/1008
f 1013/1013/1007 1014/1014/1008 1008/1008/1002
f 1011/1011/1005 1012/1012/1006 1015/1015/1009
f 1016/1016/1010 1015/1015/1009 1012/1012/1006
f 1013/1013/1007 1011/1011/1005 1017/1017/1011
f 1015/1015/1009 1017/1017/1011 1011/1011/1005
f 1014/1014/1008 1013/1013/1007 1018/1018/1012
f 1017/1017/1011 1018/1018/1012 1013/1013/1007
f 1019/1019/1013 319/319/319 1020/1020/1014
f 323/323/323 1020/1020/1014 319/319/319
f 1021/1021/1015 1019/1019/1013 1022/1022/1016
f 1020/1020/1014 1022/1022/1016 1019/1019/1013
f 1023/1023/1017 1021/1021/1015 1024/1024/1018
f 1022/1022/1016 1024/1024/1018 1021/1021/1015
f 1020/1020/1014 323/323/323 1025/1025/1019
f 327/327/327 1025/1025/1019 323/323/323
f 1025/1025/1019 327/327/327 937/937/932
f 1025/1025/1019 1026/1026/1020 1020/1020/1014
f 1022/1022/1016 1020/1020/1014 1026/1026/1020
f 937/937/932 1027/1027/1021 1025/1025/1019
f 1026/1026/1020 1025/1025/1019 1027/1027/1021
f 1027/1027/1021 937/937/932 934/934/929
f 1026/1026/1020 1028/1028/1022 1022/1022/1016
f 1024/1024/1018 1022/1022/1016 1028/1028/1022
f 1027/1027/1021 1029/1029/1023 1026/1026/1020
f 1028/1028/1022 1026/1026/1020 1029/1029/1023
f 934/934/929 1030/1030/1024 1027/1027/1021
f 1029/1029/1023 1027/1027/1021 1030/1030/1024
f 1030/1030/1024 934/934/929 928/928/923
f 926/926/921 1030/1030/1024 928/928/923
f 1030/1030/1024 926/926/921 1031/1031/1025
f 1031/1031/1025 1029/1029/1023 1030/1030/1024
f 926/926/921 922/922/917 1031/1031/1025
f 1029/1029/1023 1031/1031/1025 1032/1032/1026
f 1032/1032/1026 1028/1028/1022 1029/1029/1023
f 922/922/917 1032/1032/1026 1031/1031/1025
f 1028/1028/1022 1032/1032/1026 1033/1033/1027
f 1033/1033/1027 1024/1024/1018 1028/1028/1022
f 1032/1032/1026 922/922/917 1034/1034/1028
f 1034/1034/1028 1033/1033/1027 1032/1032/1026
f 922/922/917 924/924/919 1034/1034/1028
f 1024/1024/1018 1033/1033/1027 1035/1035/1029
f 1035/1035/1029 1023/1023/1017 1024/1024/1018
f 1033/1033/1027 1034/1034/1028 1036/1036/1030
f 1036/1036/1030 1035/1035/1029 1033/1033/1027
f 1037/1037/1031 1034/1034/1028 924/924/919
f 1034/1034/1028 1037/1037/1031 1036/1036/1030
f 925/925/920 1037/1037/1031 924/924/919
f 1023/1023/1017 1035/1035/1029 1038/1038/1032
f 1038/1038/1032 1039/1039/1033 1023/1023/1017
f 1035/1035/1029 1036/1036/1030 1040/1040/817
f 1040/1040/817 1038/1038/1032 1035/1035/1029
f 1041/1041/1034 1036/1036/1030 1037/1037/1031
f 1036/1036/1030 1041/1041/1034 1040/1040/817
f 1037/1037/1031 925/925/920 1042/1042/1035
f 1042/1042/1035 1041/1041/1034 1037/1037/1031
f 1043/1043/1036 1042/1042/1035 925/925/920
f 925/925/920 918/918/913 1043/1043/1036
f 1038/1038/1032 1040/1040/817 1044/1044/1037
f 1041/1041/1034 1044/1044/1037 1040/1040/817
f 1039/1039/1033 1038/1038/1032 1045/1045/1038
f 1044/1044/1037 1045/1045/1038 1038/1038/1032
f 1045/1045/1038 1046/1046/1039 1039/1039/1033
f 918/918/913 1047/1047/1040 1043/1043/1036
f 1047/1047/1040 918/918/913 917/917/912
f 1046/1046/1039 1045/1045/1038 1048/1048/1041
f 1048/1048/1041 1049/1049/1042 1046/1046/1039
f 1045/1045/1038 1044/1044/1037 1050/1050/1043
f 1050/1050/1043 1048/1048/1041 1045/1045/1038
f 1051/1051/1044 1050/1050/1043 1044/1044/1037
f 1044/1044/1037 1041/1041/1034 1051/1051/1044
f 1048/1048/1041 1050/1050/1043 1052/1052/1045
f 1049/1049/1042 1048/1048/1041 1053/1053/1046
f 1052/1052/1045 1053/1053/1046 1048/1048/1041
f 1053/1053/1046 1054/1054/1047 1049/1049/1042
f 1055/1055/1048 1052/1052/1045 1050/1050/1043
f 1050/1050/1043 1051/1051/1044 1055/1055/1048
f 1053/1053/1046 1052/1052/1045 1056/1056/1049
f 1054/1054/1047 1053/1053/1046 1057/1057/1050
f 1056/1056/1049 1057/1057/1050 1053/1053/1046
f 1057/1057/1050 1058/1058/1051 1054/1054/1047
f 1059/1059/1052 1056/1056/1049 1052/1052/1045
f 1052/1052/1045 1055/1055/1048 1059/1059/1052
f 1057/1057/1050 1056/1056/1049 1060/1060/1053
f 1058/1058/1051 1057/1057/1050 1061/1061/1054
f 1060/1060/1053 1061/1061/1054 1057/1057/1050
f 1061/1061/1054 1062/1062/1055 1058/1058/1051
f 1063/1063/1056 1060/1060/1053 1056/1056/1049
f 1056/1056/1049 1059/1059/1052 1063/1063/1056
f 1061/1061/1054 1060/1060/1053 1064/1064/1057
f 1062/1062/1055 1061/1061/1054 1065/1065/1058
f 1064/1064/1057 1065/1065/1058 1061/1061/1054
f 1065/1065/1058 1066/1066/1059 1062/1062/1055
f 1067/1067/1060 1064/1064/1057 1060/1060/1053
f 1060/1060/1053 1063/1063/1056 1067/1067/1060
f 1065/1065/1058 1064/1064/1057 1068/1068/1061
f 1066/1066/1059 1065/1065/1058 1069/1069/1062
f 1068/1068/1061 1069/1069/1062 1065/1065/1058
f 1069/1069/1062 1070/1070/1063 1066/1066/1059
f 1071/1071/1064 1068/1068/1061 1064/1064/1057
f 1064/1064/1057 1067/1067/1060 1071/1071/1064
f 1069/1069/1062 1068/1068/1061 1072/1072/1065
f 1070/1070/1063 1069/1069/1062 1073/1073/1066
f 1072/1072/1065 1073/1073/1066 1069/1069/1062
f 1074/1074/1067 1072/1072/1065 1068/1068/1061
f 1068/1068/1061 1071/1071/1064 1074/1074/1067
f 1073/1073/1066 1072/1072/1065 1075/1075/1068
f 1076/1076/1069 1070/1070/1063 1073/1073/1066
f 1075/1075/1068 1076/1076/1069 1073/1073/1066
f 1077/1077/1070 1078/1078/1071 1079/1079/1072
f 1080/1080/1073 1079/1079/1072 1078/1078/1071
f 1081/1081/1074 1082/1082/1075 1077/1077/1070
f 1083/1083/1076 1080/1080/1073 1084/1084/1077
f 1083/1083/1076 1084/1084/1077 1085/1085/1078
f 1078/1078/1071 1086/1086/1079 1080/1080/1073
f 1084/1084/1077 1080/1080/1073 1086/1086/1079
f 1078/1078/1071 1077/1077/1070 1087/1087/1080
f 1082/1082/1075 1087/1087/1080 1077/1077/1070
f 1086/1086/1079 1078/1078/1071 1088/1088/1081
f 1087/1087/1080 1088/1088/1081 1078/1078/1071
f 1086/1086/1079 1089/1089/1082 1084/1084/1077
f 1085/1085/1078 1084/1084/1077 1090/1090/1083
f 1090/1090/1083 1084/1084/1077 1089/1089/1082
f 1085/1085/1078 1090/1090/1083 1091/1091/1084
f 1092/1092/1085 1085/1085/1078 1091/1091/1084
f 1093/1093/1086 1086/1086/1079 1088/1088/1081
f 1089/1089/1082 1086/1086/1079 1093/1093/1086
f 1088/1088/1081 1087/1087/1080 1094/1094/1087
f 1089/1089/1082 1095/1095/1088 1090/1090/1083
f 1096/1096/1089 1093/1093/1086 1088/1088/1081
f 1096/1096/1089 1088/1088/1081 1094/1094/1087
f 1097/1097/1090 1089/1089/1082 1093/1093/1086
f 1095/1095/1088 1089/1089/1082 1097/1097/1090
f 1093/1093/1086 1096/1096/1089 1098/1098/1091
f 1098/1098/1091 1097/1097/1090 1093/1093/1086
f 1090/1090/1083 1095/1095/1088 1099/1099/1092
f 1091/1091/1084 1090/1090/1083 1099/1099/1092
f 1100/1100/1093 1095/1095/1088 1097/1097/1090
f 1091/1091/1084 1099/1099/1092 1101/1101/1094
f 1101/1101/1094 1092/1092/1085 1091/1091/1084
f 1099/1099/1092 1095/1095/1088 1102/1102/1095
f 1102/1102/1095 1095/1095/1088 1100/1100/1093
f 1101/1101/1094 1099/1099/1092 1103/1103/1096
f 1099/1099/1092 1102/1102/1095 1103/1103/1096
f 1092/1092/1085 1101/1101/1094 1104/1104/1097
f 1105/1105/1098 1092/1092/1085 1104/1104/1097
f 1104/1104/1097 1106/1106/1099 1105/1105/1098
f 1107/1107/1100 1104/1104/1097 1101/1101/1094
f 1103/1103/1096 1107/1107/1100 1101/1101/1094
f 1106/1106/1099 1104/1104/1097 1108/1108/1101
f 1104/1104/1097 1107/1107/1100 1108/1108/1101
f 1108/1108/1101 1109/1109/1102 1106/1106/1099
f 1110/1110/1103 1106/1106/1099 1109/1109/1102
f 1109/1109/1102 1111/1111/1104 1110/1110/1103
f 1111/1111/1104 1109/1109/1102 1112/1112/1105
f 1112/1112/1105 1113/1113/1106 1111/1111/1104
f 1109/1109/1102 1108/1108/1101 1114/1114/1107
f 1114/1114/1107 1112/1112/1105 1109/1109/1102
f 1115/1115/1108 1108/1108/1101 1107/1107/1100
f 1108/1108/1101 1115/1115/1108 1114/1114/1107
f 1107/1107/1100 1103/1103/1096 1116/1116/1109
f 1107/1107/1100 1116/1116/1109 1115/1115/1108
f 1103/1103/1096 1117/1117/1110 1116/1116/1109
f 1103/1103/1096 1102/1102/1095 1117/1117/1110
f 1112/1112/1105 1114/1114/1107 1118/1118/1111
f 1115/1115/1108 1118/1118/1111 1114/1114/1107
f 1119/1119/1112 1112/1112/1105 1118/1118/1111
f 1115/1115/1108 1116/1116/1109 1120/1120/1113
f 1112/1112/1105 1119/1119/1112 1121/1121/1114
f 1113/1113/1106 1112/1112/1105 1121/1121/1114
f 1118/1118/1111 1115/1115/1108 1122/1122/1115
f 1115/1115/1108 1120/1120/1113 1122/1122/1115
f 1118/1118/1111 1123/1123/1116 1119/1119/1112
f 1123/1123/1116 1118/1118/1111 1122/1122/1115
f 1124/1124/1117 1121/1121/1114 1119/1119/1112
f 1123/1123/1116 1124/1124/1117 1119/1119/1112
f 1121/1121/1114 1125/1125/1118 1113/1113/1106
f 1126/1126/1119 1113/1113/1106 1125/1125/1118
f 1125/1125/1118 1121/1121/1114 1127/1127/1120
f 1121/1121/1114 1124/1124/1117 1127/1127/1120
f 1125/1125/1118 1128/1128/1121 1126/1126/1119
f 1129/1129/1122 1126/1126/1119 1128/1128/1121
f 1128/1128/1121 1130/1130/1123 1129/1129/1122
f 1131/1131/1124 1127/1127/1120 1124/1124/1117
f 1127/1127/1120 1131/1131/1124 1132/1132/1125
f 1124/1124/1117 1133/1133/1126 1131/1131/1124
f 1127/1127/1120 1134/1134/1127 1125/1125/1118
f 1134/1134/1127 1127/1127/1120 1132/1132/1125
f 1128/1128/1121 1125/1125/1118 1134/1134/1127
f 1132/1132/1125 1135/1135/1128 1134/1134/1127
f 1130/1130/1123 1128/1128/1121 1136/1136/1129
f 1134/1134/1127 1136/1136/1129 1128/1128/1121
f 1136/1136/1129 1134/1134/1127 1135/1135/1128
f 1137/1137/1130 1130/1130/1123 1136/1136/1129
f 1135/1135/1128 1137/1137/1130 1136/1136/1129
f 489/489/489 486/486/486 1138/1138/1131
f 486/486/486 548/548/547 1138/1138/1131
f 1139/1139/1132 1138/1138/1131 548/548/547
f 1139/1139/1132 548/548/547 547/547/546
f 1140/1140/1133 489/489/489 1138/1138/1131
f 1140/1140/1133 1138/1138/1131 1139/1139/1132
f 1141/1141/1134 489/489/489 1140/1140/1133
f 1141/1141/1134 490/490/490 489/489/489
f 1140/1140/1133 1142/1142/1135 1141/1141/1134
f 1143/1143/1136 490/490/490 1141/1141/1134
f 1142/1142/1135 1143/1143/1136 1141/1141/1134
f 1139/1139/1132 1144/1144/1137 1140/1140/1133
f 1142/1142/1135 1140/1140/1133 1144/1144/1137
f 1144/1144/1137 1139/1139/1132 1145/1145/1138
f 1144/1144/1137 1146/1146/1139 1142/1142/1135
f 1147/1147/1140 1145/1145/1138 1139/1139/1132
f 1147/1147/1140 1139/1139/1132 547/547/546
f 1145/1145/1138 1148/1148/1141 1144/1144/1137
f 1146/1146/1139 1144/1144/1137 1148/1148/1141
f 1147/1147/1140 1149/1149/1142 1145/1145/1138
f 1148/1148/1141 1145/1145/1138 1149/1149/1142
f 1150/1150/1143 1147/1147/1140 547/547/546
f 1150/1150/1143 547/547/546 544/544/543
f 1151/1151/1144 1150/1150/1143 544/544/543
f 1150/1150/1143 1152/1152/1145 1147/1147/1140
f 1149/1149/1142 1147/1147/1140 1152/1152/1145
f 1151/1151/1144 1153/1153/1146 1150/1150/1143
f 1152/1152/1145 1150/1150/1143 1153/1153/1146
f 1153/1153/1146 1151/1151/1144 1154/1154/1147
f 1152/1152/1145 1155/1155/1148 1149/1149/1142
f 1155/1155/1148 1148/1148/1141 1149/1149/1142
f 1153/1153/1146 1156/1156/1149 1152/1152/1145
f 1155/1155/1148 1152/1152/1145 1156/1156/1149
f 1154/1154/1147 1157/1157/1150 1153/1153/1146
f 1156/1156/1149 1153/1153/1146 1157/1157/1150
f 1157/1157/1150 1154/1154/1147 1158/1158/1151
f 1148/1148/1141 1155/1155/1148 1159/1159/1152
f 1159/1159/1152 1146/1146/1139 1148/1148/1141
f 1155/1155/1148 1160/1160/1153 1159/1159/1152
f 1146/1146/1139 1159/1159/1152 1161/1161/1154
f 1160/1160/1153 1161/1161/1154 1159/1159/1152
f 1162/1162/1155 1146/1146/1139 1161/1161/1154
f 1156/1156/1149 1163/1163/1156 1155/1155/1148
f 1160/1160/1153 1155/1155/1148 1163/1163/1156
f 1157/1157/1150 1164/1164/1157 1156/1156/1149
f 1163/1163/1156 1156/1156/1149 1164/1164/1157
f 1164/1164/1157 1157/1157/1150 1165/1165/1158
f 1158/1158/1151 1165/1165/1158 1157/1157/1150
f 1164/1164/1157 1166/1166/1159 1163/1163/1156
f 1165/1165/1158 1158/1158/1151 1167/1167/1160
f 1168/1168/1161 1167/1167/1160 1158/1158/1151
f 1167/1167/1160 1168/1168/1161 1169/1169/1162
f 1165/1165/1158 1170/1170/1163 1164/1164/1157
f 1166/1166/1159 1164/1164/1157 1170/1170/1163
f 1167/1167/1160 1171/1171/1164 1165/1165/1158
f 1170/1170/1163 1165/1165/1158 1171/1171/1164
f 1169/1169/1162 1172/1172/1165 1167/1167/1160
f 1171/1171/1164 1167/1167/1160 1172/1172/1165
f 1172/1172/1165 1169/1169/1162 1173/1173/1166
f 1174/1174/1167 1171/1171/1164 1172/1172/1165
f 1175/1175/1168 1172/1172/1165 1173/1173/1166
f 1172/1172/1165 1175/1175/1168 1174/1174/1167
f 1173/1173/1166 1176/1176/1169 1175/1175/1168
f 1177/1177/1170 1170/1170/1163 1171/1171/1164
f 1171/1171/1164 1174/1174/1167 1177/1177/1170
f 1170/1170/1163 1177/1177/1170 1178/1178/1171
f 1178/1178/1171 1166/1166/1159 1170/1170/1163
f 1174/1174/1167 1179/1179/1172 1177/1177/1170
f 1179/1179/1172 1178/1178/1171 1177/1177/1170
f 1180/1180/1173 1175/1175/1168 1176/1176/1169
f 1181/1181/1174 1174/1174/1167 1175/1175/1168
f 1175/1175/1168 1180/1180/1173 1181/1181/1174
f 1174/1174/1167 1181/1181/1174 1182/1182/1175
f 1179/1179/1172 1174/1174/1167 1182/1182/1175
f 1166/1166/1159 1178/1178/1171 1183/1183/1176
f 1178/1178/1171 1179/1179/1172 1184/1184/1177
f 1184/1184/1177 1183/1183/1176 1178/1178/1171
f 1179/1179/1172 1185/1185/1178 1184/1184/1177
f 1182/1182/1175 1186/1186/1179 1179/1179/1172
f 1185/1185/1178 1179/1179/1172 1186/1186/1179
f 1181/1181/1174 1187/1187/1180 1182/1182/1175
f 1186/1186/1179 1182/1182/1175 1187/1187/1180
f 1187/1187/1180 1181/1181/1174 1188/1188/1181
f 1180/1180/1173 1188/1188/1181 1181/1181/1174
f 1189/1189/1182 1186/1186/1179 1187/1187/1180
f 1190/1190/1183 1187/1187/1180 1188/1188/1181
f 1187/1187/1180 1190/1190/1183 1189/1189/1182
f 1186/1186/1179 1189/1189/1182 1191/1191/1184
f 1191/1191/1184 1185/1185/1178 1186/1186/1179
f 1192/1192/1185 1189/1189/1182 1190/1190/1183
f 1188/1188/1181 1180/1180/1173 1193/1193/1186
f 1188/1188/1181 1194/1194/1187 1190/1190/1183
f 1194/1194/1187 1188/1188/1181 1193/1193/1186
f 1195/1195/1188 1190/1190/1183 1194/1194/1187
f 1190/1190/1183 1195/1195/1188 1192/1192/1185
f 1189/1189/1182 1192/1192/1185 1196/1196/1189
f 1196/1196/1189 1191/1191/1184 1189/1189/1182
f 1197/1197/1190 1192/1192/1185 1195/1195/1188
f 1198/1198/1191 1196/1196/1189 1192/1192/1185
f 1192/1192/1185 1197/1197/1190 1198/1198/1191
f 1196/1196/1189 1198/1198/1191 1199/1199/1192
f 1191/1191/1184 1196/1196/1189 1200/1200/1193
f 1199/1199/1192 1200/1200/1193 1196/1196/1189
f 1201/1201/1194 1191/1191/1184 1200/1200/1193
f 1200/1200/1193 1199/1199/1192 1202/1202/1195
f 1202/1202/1195 1201/1201/1194 1200/1200/1193
f 1191/1191/1184 1201/1201/1194 1203/1203/1196
f 1185/1185/1178 1191/1191/1184 1203/1203/1196
f 1201/1201/1194 1202/1202/1195 533/533/532
f 1204/1204/1197 1203/1203/1196 1201/1201/1194
f 533/533/532 1204/1204/1197 1201/1201/1194
f 1203/1203/1196 1204/1204/1197 1205/1205/1198
f 1205/1205/1198 1185/1185/1178 1203/1203/1196
f 1204/1204/1197 533/533/532 499/499/499
f 1185/1185/1178 1205/1205/1198 1206/1206/1199
f 1206/1206/1199 1184/1184/1177 1185/1185/1178
f 495/495/495 1205/1205/1198 1204/1204/1197
f 499/499/499 495/495/495 1204/1204/1197
f 494/494/494 1206/1206/1199 1205/1205/1198
f 1205/1205/1198 495/495/495 494/494/494
f 1184/1184/1177 1206/1206/1199 1207/1207/1200
f 1183/1183/1176 1184/1184/1177 1207/1207/1200
f 1206/1206/1199 494/494/494 497/497/497
f 497/497/497 1207/1207/1200 1206/1206/1199
f 1208/1208/1201 1183/1183/1176 1207/1207/1200
f 1207/1207/1200 497/497/497 1208/1208/1201
f 1183/1183/1176 1208/1208/1201 1209/1209/1202
f 497/497/497 501/501/501 1208/1208/1201
f 501/501/501 1209/1209/1202 1208/1208/1201
f 1210/1210/1203 1183/1183/1176 1209/1209/1202
f 1183/1183/1176 1210/1210/1203 1166/1166/1159
f 1210/1210/1203 1163/1163/1156 1166/1166/1159
f 1163/1163/1156 1210/1210/1203 1160/1160/1153
f 1209/1209/1202 1211/1211/1204 1210/1210/1203
f 1211/1211/1204 1160/1160/1153 1210/1210/1203
f 1209/1209/1202 501/501/501 1212/1212/1205
f 1211/1211/1204 1209/1209/1202 1212/1212/1205
f 1160/1160/1153 1211/1211/1204 1213/1213/1206
f 1161/1161/1154 1160/1160/1153 1213/1213/1206
f 1212/1212/1205 1214/1214/1207 1211/1211/1204
f 1214/1214/1207 1213/1213/1206 1211/1211/1204
f 1213/1213/1206 1162/1162/1155 1161/1161/1154
f 502/502/502 1212/1212/1205 501/501/501
f 1213/1213/1206 1214/1214/1207 1215/1215/1208
f 1162/1162/1155 1213/1213/1206 1215/1215/1208
f 1214/1214/1207 1212/1212/1205 1216/1216/1209
f 1212/1212/1205 502/502/502 1216/1216/1209
f 1214/1214/1207 1217/1217/1210 1215/1215/1208
f 1216/1216/1209 1218/1218/1211 1214/1214/1207
f 1217/1217/1210 1214/1214/1207 1218/1218/1211
f 1218/1218/1211 1216/1216/1209 1219/1219/1212
f 502/502/502 1219/1219/1212 1216/1216/1209
f 1219/1219/1212 1220/1220/76 1218/1218/1211
f 1218/1218/1211 1220/1220/76 1217/1217/1210
f 1220/1220/76 1221/1221/1213 1217/1217/1210
f 1220/1220/76 1219/1219/1212 1222/1222/1214
f 1223/1223/1215 1217/1217/1210 1221/1221/1213
f 505/505/505 1222/1222/1214 1219/1219/1212
f 1219/1219/1212 502/502/502 505/505/505
f 1222/1222/1214 505/505/505 507/507/507
f 1217/1217/1210 1223/1223/1215 1224/1224/1216
f 1224/1224/1216 1215/1215/1208 1217/1217/1210
f 1225/1225/70 1224/1224/1216 1223/1223/1215
f 1215/1215/1208 1224/1224/1216 1162/1162/1155
f 1224/1224/1216 1225/1225/70 1226/1226/1217
f 1226/1226/1217 1162/1162/1155 1224/1224/1216
f 1225/1225/70 1227/1227/1218 1226/1226/1217
f 1162/1162/1155 1226/1226/1217 1228/1228/1219
f 1146/1146/1139 1162/1162/1155 1228/1228/1219
f 1228/1228/1219 1142/1142/1135 1146/1146/1139
f 1142/1142/1135 1228/1228/1219 1229/1229/1220
f 1226/1226/1217 1229/1229/1220 1228/1228/1219
f 1142/1142/1135 1229/1229/1220 1143/1143/1136
f 1229/1229/1220 1226/1226/1217 1230/1230/1221
f 1230/1230/1221 1143/1143/1136 1229/1229/1220
f 1226/1226/1217 1227/1227/1218 1230/1230/1221
f 1143/1143/1136 1230/1230/1221 1231/1231/1222
f 1227/1227/1218 1231/1231/1222 1230/1230/1221
f 1231/1231/1222 490/490/490 1143/1143/1136
f 1227/1227/1218 1232/1232/1223 1231/1231/1222
f 490/490/490 1231/1231/1222 1232/1232/1223
f 1232/1232/1223 1227/1227/1218 1233/1233/1224
f 472/472/472 490/490/490 1232/1232/1223
f 473/473/473 1232/1232/1223 1233/1233/1224
f 1232/1232/1223 473/473/473 472/472/472
f 1015/1015/1009 1016/1016/1010 1234/1234/1225
f 1235/1235/1226 1234/1234/1225 1016/1016/1010
f 1017/1017/1011 1015/1015/1009 1236/1236/1227
f 1234/1234/1225 1236/1236/1227 1015/1015/1009
f 1018/1018/1012 1017/1017/1011 1237/1237/1228
f 1236/1236/1227 1237/1237/1228 1017/1017/1011
f 1234/1234/1225 1235/1235/1226 1238/1238/1229
f 1239/1239/1230 1238/1238/1229 1235/1235/1226
f 1236/1236/1227 1234/1234/1225 1240/1240/1231
f 1238/1238/1229 1240/1240/1231 1234/1234/1225
f 1237/1237/1228 1236/1236/1227 1241/1241/1232
f 1240/1240/1231 1241/1241/1232 1236/1236/1227
f 1238/1238/1229 1239/1239/1230 1242/1242/1233
f 1243/1243/1234 1242/1242/1233 1239/1239/1230
f 1240/1240/1231 1238/1238/1229 1244/1244/1235
f 1242/1242/1233 1244/1244/1235 1238/1238/1229
f 1241/1241/1232 1240/1240/1231 1245/1245/1236
f 1244/1244/1235 1245/1245/1236 1240/1240/1231
f 1242/1242/1233 1243/1243/1234 1246/1246/1237
f 1247/1247/1238 1246/1246/1237 1243/1243/1234
f 1244/1244/1235 1242/1242/1233 1248/1248/1239
f 1246/1246/1237 1248/1248/1239 1242/1242/1233
f 1245/1245/1236 1244/1244/1235 1249/1249/1240
f 1248/1248/1239 1249/1249/1240 1244/1244/1235
f 1246/1246/1237 1247/1247/1238 1250/1250/1241
f 1251/1251/1242 1250/1250/1241 1247/1247/1238
f 1248/1248/1239 1246/1246/1237 1252/1252/1243
f 1250/1250/1241 1252/1252/1243 1246/1246/1237
f 1249/1249/1240 1248/1248/1239 1253/1253/1244
f 1252/1252/1243 1253/1253/1244 1248/1248/1239
f 1254/1254/1245 1245/1245/1236 1249/1249/1240
f 1253/1253/1244 1254/1254/1245 1249/1249/1240
f 1250/1250/1241 1251/1251/1242 1255/1255/1246
f 1256/1256/1247 1255/1255/1246 1251/1251/1242
f 1252/1252/1243 1250/1250/1241 1257/1257/1248
f 1255/1255/1246 1257/1257/1248 1250/1250/1241
f 1253/1253/1244 1252/1252/1243 1258/1258/1249
f 1257/1257/1248 1258/1258/1249 1252/1252/1243
f 1255/1255/1246 1256/1256/1247 1259/1259/1250
f 1260/1260/1251 1259/1259/1250 1256/1256/1247
f 1257/1257/1248 1255/1255/1246 1261/1261/1252
f 1259/1259/1250 1261/1261/1252 1255/1255/1246
f 1259/1259/1250 1260/1260/1251 1262/1262/1253
f 1263/1263/1254 1262/1262/1253 1260/1260/1251
f 1261/1261/1252 1259/1259/1250 1264/1264/1255
f 1262/1262/1253 1264/1264/1255 1259/1259/1250
f 1262/1262/1253 1263/1263/1254 1265/1265/1256
f 1266/1266/1257 1265/1265/1256 1263/1263/1254
f 1264/1264/1255 1262/1262/1253 1267/1267/1258
f 1265/1265/1256 1267/1267/1258 1262/1262/1253
f 1265/1265/1256 1266/1266/1257 1268/1268/1259
f 1269/1269/1260 1268/1268/1259 1266/1266/1257
f 1267/1267/1258 1265/1265/1256 1270/1270/1261
f 1268/1268/1259 1269/1269/1260 1271/1271/1262
f 1272/1272/1263 1271/1271/1262 1269/1269/1260
f 1273/1273/1264 1265/1265/1256 1268/1268/1259
f 1265/1265/1256 1273/1273/1264 1270/1270/1261
f 1274/1274/1265 1268/1268/1259 1271/1271/1262
f 1268/1268/1259 1274/1274/1265 1273/1273/1264
f 1271/1271/1262 1272/1272/1263 1275/1275/1266
f 1276/1276/1267 1275/1275/1266 1272/1272/1263
f 1271/1271/1262 1277/1277/1268 1274/1274/1265
f 1277/1277/1268 1271/1271/1262 1275/1275/1266
f 1275/1275/1266 1276/1276/1267 1278/1278/1269
f 1279/1279/1270 1278/1278/1269 1276/1276/1267
f 1275/1275/1266 1280/1280/1271 1277/1277/1268
f 1280/1280/1271 1275/1275/1266 1278/1278/1269
f 1278/1278/1269 1279/1279/1270 1281/1281/1272
f 1282/1282/1273 1281/1281/1272 1279/1279/1270
f 1278/1278/1269 1283/1283/1274 1280/1280/1271
f 1283/1283/1274 1278/1278/1269 1281/1281/1272
f 1281/1281/1272 1282/1282/1273 1284/1284/1275
f 1285/1285/1276 1284/1284/1275 1282/1282/1273
f 1281/1281/1272 1286/1286/1277 1283/1283/1274
f 1286/1286/1277 1281/1281/1272 1284/1284/1275
f 1287/1287/1278 1280/1280/1271 1283/1283/1274
f 1286/1286/1277 1287/1287/1278 1283/1283/1274
f 1288/1288/1279 1277/1277/1268 1280/1280/1271
f 1280/1280/1271 1287/1287/1278 1288/1288/1279
f 1284/1284/1275 1285/1285/1276 1289/1289/1280
f 1290/1290/1281 1289/1289/1280 1285/1285/1276
f 1284/1284/1275 1291/1291/1282 1286/1286/1277
f 1291/1291/1282 1284/1284/1275 1289/1289/1280
f 1287/1287/1278 1286/1286/1277 1292/1292/1283
f 1291/1291/1282 1292/1292/1283 1286/1286/1277
f 1289/1289/1280 1290/1290/1281 1293/1293/1284
f 1294/1294/1285 1293/1293/1284 1290/1290/1281
f 1289/1289/1280 1295/1295/1286 1291/1291/1282
f 1295/1295/1286 1289/1289/1280 1293/1293/1284
f 1292/1292/1283 1291/1291/1282 1296/1296/1287
f 1295/1295/1286 1296/1296/1287 1291/1291/1282
f 1293/1293/1284 1294/1294/1285 294/294/294
f 295/295/295 294/294/294 1294/1294/1285
f 1293/1293/1284 299/299/299 1295/1295/1286
f 299/299/299 1293/1293/1284 294/294/294
f 1296/1296/1287 1295/1295/1286 306/306/306
f 299/299/299 306/306/306 1295/1295/1286
f 827/827/823 286/286/286 290/290/290
f 293/293/293 827/827/823 290/290/290
f 282/282/282 292/292/292 1297/1297/1288
f 1297/1297/1288 280/280/280 282/282/282
f 1298/1298/1289 292/292/292 286/286/286
f 286/286/286 827/827/823 1298/1298/1289
f 292/292/292 1298/1298/1289 1299/1299/1290
f 1299/1299/1290 1297/1297/1288 292/292/292
f 823/823/819 1298/1298/1289 827/827/823
f 1300/1300/1291 1299/1299/1290 1298/1298/1289
f 1298/1298/1289 823/823/819 1300/1300/1291
f 280/280/280 1297/1297/1288 949/949/944
f 949/949/944 278/278/278 280/280/280
f 1297/1297/1288 1299/1299/1290 1301/1301/1292
f 1297/1297/1288 946/946/941 949/949/944
f 946/946/941 1297/1297/1288 1301/1301/1292
f 1302/1302/1293 1301/1301/1292 1299/1299/1290
f 1299/1299/1290 1300/1300/1291 1302/1302/1293
f 1301/1301/1292 943/943/938 946/946/941
f 1301/1301/1292 1302/1302/1293 1303/1303/1294
f 943/943/938 1301/1301/1292 1303/1303/1294
f 1304/1304/1295 1302/1302/1293 1300/1300/1291
f 1303/1303/1294 776/776/772 943/943/938
f 1305/1305/1296 1303/1303/1294 1302/1302/1293
f 1302/1302/1293 1304/1304/1295 1305/1305/1296
f 1303/1303/1294 1305/1305/1296 1306/1306/1297
f 776/776/772 1303/1303/1294 1306/1306/1297
f 1300/1300/1291 822/822/818 1304/1304/1295
f 822/822/818 1300/1300/1291 823/823/819
f 1307/1307/1298 1305/1305/1296 1304/1304/1295
f 1308/1308/1299 1304/1304/1295 822/822/818
f 1304/1304/1295 1308/1308/1299 1307/1307/1298
f 822/822/818 790/790/786 1308/1308/1299
f 785/785/781 1307/1307/1298 1308/1308/1299
f 790/790/786 785/785/781 1308/1308/1299
f 1305/1305/1296 1307/1307/1298 1309/1309/1300
f 1309/1309/1300 1306/1306/1297 1305/1305/1296
f 1310/1310/1301 1309/1309/1300 1307/1307/1298
f 1307/1307/1298 785/785/781 1310/1310/1301
f 1306/1306/1297 1309/1309/1300 1311/1311/1302
f 1311/1311/1302 776/776/772 1306/1306/1297
f 1309/1309/1300 1310/1310/1301 771/771/767
f 771/771/767 1311/1311/1302 1309/1309/1300
f 785/785/781 772/772/768 1310/1310/1301
f 772/772/768 771/771/767 1310/1310/1301
f 776/776/772 1311/1311/1302 773/773/769
f 1311/1311/1302 771/771/767 770/770/766
f 770/770/766 773/773/769 1311/1311/1302
f 1312/1312/1303 734/734/731 1313/1313/1304
f 734/734/731 735/735/732 1313/1313/1304
f 1313/1313/1304 735/735/732 739/739/736
f 1313/1313/1304 739/739/736 1314/1314/1305
f 739/739/736 1315/1315/1306 1314/1314/1305
f 1312/1312/1303 1313/1313/1304 1316/1316/1307
f 1316/1316/1307 1313/1313/1304 1314/1314/1305
f 1317/1317/1308 1312/1312/1303 1316/1316/1307
f 1318/1318/1309 1312/1312/1303 1317/1317/1308
f 1319/1319/1310 1314/1314/1305 1315/1315/1306
f 1320/1320/1311 1319/1319/1310 1315/1315/1306
f 1316/1316/1307 1314/1314/1305 1321/1321/1312
f 1314/1314/1305 1319/1319/1310 1321/1321/1312
f 1322/1322/1313 1319/1319/1310 1320/1320/1311
f 1320/1320/1311 1323/1323/1314 1322/1322/1313
f 1324/1324/1315 1321/1321/1312 1319/1319/1310
f 1322/1322/1313 1324/1324/1315 1319/1319/1310
f 1325/1325/1316 1316/1316/1307 1321/1321/1312
f 1317/1317/1308 1316/1316/1307 1325/1325/1316
f 1321/1321/1312 1324/1324/1315 1326/1326/1317
f 1325/1325/1316 1321/1321/1312 1326/1326/1317
f 1327/1327/1318 1326/1326/1317 1324/1324/1315
f 1324/1324/1315 1322/1322/1313 1328/1328/1319
f 1328/1328/1319 1327/1327/1318 1324/1324/1315
f 1322/1322/1313 1329/1329/1320 1328/1328/1319
f 1329/1329/1320 1322/1322/1313 1323/1323/1314
f 1133/1133/1126 1328/1328/1319 1329/1329/1320
f 1323/1323/1314 1330/1330/1321 1329/1329/1320
f 1330/1330/1321 1323/1323/1314 1331/1331/1322
f 1131/1131/1124 1329/1329/1320 1330/1330/1321
f 1329/1329/1320 1131/1131/1124 1133/1133/1126
f 1332/1332/1323 1330/1330/1321 1331/1331/1322
f 1331/1331/1322 1333/1333/1324 1332/1332/1323
f 1330/1330/1321 1332/1332/1323 1334/1334/1325
f 1334/1334/1325 1131/1131/1124 1330/1330/1321
f 1335/1335/1326 1332/1332/1323 1333/1333/1324
f 1333/1333/1324 1336/1336/1327 1335/1335/1326
f 1337/1337/1328 1334/1334/1325 1332/1332/1323
f 1332/1332/1323 1335/1335/1326 1337/1337/1328
f 1131/1131/1124 1334/1334/1325 1132/1132/1125
f 1334/1334/1325 1337/1337/1328 1135/1135/1128
f 1135/1135/1128 1132/1132/1125 1334/1334/1325
f 1335/1335/1326 1137/1137/1130 1337/1337/1328
f 1137/1137/1130 1135/1135/1128 1337/1337/1328
f 1336/1336/1327 1338/1338/1329 1335/1335/1326
f 1137/1137/1130 1335/1335/1326 1338/1338/1329
f 1338/1338/1329 1336/1336/1327 1339/1339/1330
f 1336/1336/1327 1340/1340/1331 1339/1339/1330
f 1338/1338/1329 1341/1341/1332 1137/1137/1130
f 1339/1339/1330 1342/1342/1333 1338/1338/1329
f 1341/1341/1332 1338/1338/1329 1342/1342/1333
f 1340/1340/1331 1343/1343/1334 1339/1339/1330
f 1342/1342/1333 1339/1339/1330 1343/1343/1334
f 1344/1344/1335 1341/1341/1332 1342/1342/1333
f 1343/1343/1334 1344/1344/1335 1342/1342/1333
f 1130/1130/1123 1137/1137/1130 1341/1341/1332
f 1343/1343/1334 1340/1340/1331 1345/1345/1336
f 1346/1346/1337 1345/1345/1336 1340/1340/1331
f 1345/1345/1336 1347/1347/1338 1343/1343/1334
f 1344/1344/1335 1343/1343/1334 1347/1347/1338
f 1345/1345/1336 1346/1346/1337 707/707/704
f 706/706/703 707/707/704 1346/1346/1337
f 1347/1347/1338 1345/1345/1336 1348/1348/1339
f 707/707/704 1348/1348/1339 1345/1345/1336
f 1347/1347/1338 998/998/992 1344/1344/1335
f 998/998/992 1347/1347/1338 997/997/991
f 1348/1348/1339 997/997/991 1347/1347/1338
f 1002/1002/996 1344/1344/1335 998/998/992
f 997/997/991 1348/1348/1339 712/712/709
f 1344/1344/1335 1002/1002/996 1349/1349/1340
f 1341/1341/1332 1344/1344/1335 1349/1349/1340
f 1349/1349/1340 1130/1130/1123 1341/1341/1332
f 1002/1002/996 1350/1350/1341 1349/1349/1340
f 1130/1130/1123 1349/1349/1340 1350/1350/1341
f 1350/1350/1341 1002/1002/996 1009/1009/1003
f 708/708/705 712/712/709 1348/1348/1339
f 1348/1348/1339 707/707/704 708/708/705
f 1009/1009/1003 1351/1351/1342 1350/1350/1341
f 1351/1351/1342 1009/1009/1003 1010/1010/1004
f 1350/1350/1341 1129/1129/1122 1130/1130/1123
f 1129/1129/1122 1350/1350/1341 1351/1351/1342
f 1010/1010/1004 1352/1352/1343 1351/1351/1342
f 1352/1352/1343 1129/1129/1122 1351/1351/1342
f 1352/1352/1343 1010/1010/1004 1014/1014/1008
f 1014/1014/1008 1353/1353/1344 1352/1352/1343
f 1353/1353/1344 1014/1014/1008 1018/1018/1012
f 1129/1129/1122 1352/1352/1343 1354/1354/1345
f 1353/1353/1344 1354/1354/1345 1352/1352/1343
f 1018/1018/1012 1355/1355/1346 1353/1353/1344
f 1355/1355/1346 1018/1018/1012 1237/1237/1228
f 1354/1354/1345 1353/1353/1344 1356/1356/1347
f 1355/1355/1346 1356/1356/1347 1353/1353/1344
f 1126/1126/1119 1129/1129/1122 1354/1354/1345
f 1237/1237/1228 1357/1357/1348 1355/1355/1346
f 1357/1357/1348 1237/1237/1228 1241/1241/1232
f 1358/1358/1349 1354/1354/1345 1356/1356/1347
f 1354/1354/1345 1358/1358/1349 1126/1126/1119
f 1356/1356/1347 1355/1355/1346 1359/1359/1350
f 1241/1241/1232 1360/1360/1351 1357/1357/1348
f 1360/1360/1351 1241/1241/1232 1245/1245/1236
f 1245/1245/1236 1254/1254/1245 1360/1360/1351
f 1361/1361/1352 1355/1355/1346 1357/1357/1348
f 1355/1355/1346 1361/1361/1352 1359/1359/1350
f 1362/1362/1353 1357/1357/1348 1360/1360/1351
f 1357/1357/1348 1362/1362/1353 1361/1361/1352
f 1363/1363/1354 1360/1360/1351 1254/1254/1245
f 1360/1360/1351 1363/1363/1354 1362/1362/1353
f 1363/1363/1354 1364/1364/1355 1362/1362/1353
f 1364/1364/1355 1361/1361/1352 1362/1362/1353
f 1254/1254/1245 1365/1365/1356 1363/1363/1354
f 1366/1366/1357 1359/1359/1350 1361/1361/1352
f 1361/1361/1352 1364/1364/1355 1366/1366/1357
f 1367/1367/1358 1356/1356/1347 1359/1359/1350
f 1359/1359/1350 1366/1366/1357 1367/1367/1358
f 1356/1356/1347 1367/1367/1358 1358/1358/1349
f 1364/1364/1355 1363/1363/1354 1368/1368/1042
f 1365/1365/1356 1368/1368/1042 1363/1363/1354
f 1369/1369/1359 1366/1366/1357 1364/1364/1355
f 1110/1110/1103 1367/1367/1358 1366/1366/1357
f 1366/1366/1357 1369/1369/1359 1110/1110/1103
f 1111/1111/1104 1358/1358/1349 1367/1367/1358
f 1367/1367/1358 1110/1110/1103 1111/1111/1104
f 1358/1358/1349 1111/1111/1104 1113/1113/1106
f 1113/1113/1106 1126/1126/1119 1358/1358/1349
f 1364/1364/1355 1370/1370/1360 1369/1369/1359
f 1370/1370/1360 1364/1364/1355 1368/1368/1042
f 1106/1106/1099 1110/1110/1103 1369/1369/1359
f 1105/1105/1098 1369/1369/1359 1370/1370/1360
f 1369/1369/1359 1105/1105/1098 1106/1106/1099
f 1370/1370/1360 1371/1371/1361 1105/1105/1098
f 1368/1368/1042 1372/1372/1362 1370/1370/1360
f 1371/1371/1361 1370/1370/1360 1372/1372/1362
f 1372/1372/1362 1368/1368/1042 1373/1373/1363
f 1368/1368/1042 1365/1365/1356 1373/1373/1363
f 1374/1374/1364 1372/1372/1362 1373/1373/1363
f 1365/1365/1356 1374/1374/1364 1373/1373/1363
f 1372/1372/1362 1374/1374/1364 1375/1375/1365
f 1375/1375/1365 1371/1371/1361 1372/1372/1362
f 1374/1374/1364 1365/1365/1356 1376/1376/1366
f 1377/1377/1367 1375/1375/1365 1374/1374/1364
f 1376/1376/1366 1377/1377/1367 1374/1374/1364
f 1378/1378/1368 1376/1376/1366 1365/1365/1356
f 1365/1365/1356 1254/1254/1245 1378/1378/1368
f 1254/1254/1245 1253/1253/1244 1378/1378/1368
f 1253/1253/1244 1379/1379/1369 1378/1378/1368
f 1376/1376/1366 1378/1378/1368 1379/1379/1369
f 1379/1379/1369 1253/1253/1244 1258/1258/1249
f 1379/1379/1369 1380/1380/1370 1376/1376/1366
f 1377/1377/1367 1376/1376/1366 1380/1380/1370
f 1258/1258/1249 1381/1381/1371 1379/1379/1369
f 1380/1380/1370 1379/1379/1369 1381/1381/1371
f 1382/1382/1372 1377/1377/1367 1380/1380/1370
f 1381/1381/1371 1382/1382/1372 1380/1380/1370
f 1381/1381/1371 1258/1258/1249 1383/1383/1373
f 1258/1258/1249 1257/1257/1248 1383/1383/1373
f 1383/1383/1373 1384/1384/1374 1381/1381/1371
f 1382/1382/1372 1381/1381/1371 1384/1384/1374
f 1257/1257/1248 1385/1385/1375 1383/1383/1373
f 1384/1384/1374 1383/1383/1373 1385/1385/1375
f 1385/1385/1375 1257/1257/1248 1261/1261/1252
f 1386/1386/1376 1382/1382/1372 1384/1384/1374
f 1385/1385/1375 1386/1386/1376 1384/1384/1374
f 1261/1261/1252 1387/1387/1377 1385/1385/1375
f 1386/1386/1376 1385/1385/1375 1387/1387/1377
f 1387/1387/1377 1261/1261/1252 1264/1264/1255
f 1387/1387/1377 1388/1388/1378 1386/1386/1376
f 1264/1264/1255 1389/1389/1379 1387/1387/1377
f 1388/1388/1378 1387/1387/1377 1389/1389/1379
f 1389/1389/1379 1264/1264/1255 1267/1267/1258
f 1267/1267/1258 1390/1390/1380 1389/1389/1379
f 1390/1390/1380 1388/1388/1378 1389/1389/1379
f 1390/1390/1380 1267/1267/1258 1270/1270/1261
f 1388/1388/1378 1391/1391/1381 1386/1386/1376
f 1382/1382/1372 1386/1386/1376 1391/1391/1381
f 1388/1388/1378 1390/1390/1380 1392/1392/1382
f 1270/1270/1261 1393/1393/1383 1390/1390/1380
f 1393/1393/1383 1392/1392/1382 1390/1390/1380
f 1393/1393/1383 1270/1270/1261 1273/1273/1264
f 1392/1392/1382 1394/1394/1384 1388/1388/1378
f 1391/1391/1381 1388/1388/1378 1394/1394/1384
f 1392/1392/1382 1393/1393/1383 1395/1395/1385
f 1273/1273/1264 1396/1396/1386 1393/1393/1383
f 1396/1396/1386 1395/1395/1385 1393/1393/1383
f 1396/1396/1386 1273/1273/1264 1274/1274/1265
f 1395/1395/1385 1397/1397/1387 1392/1392/1382
f 1394/1394/1384 1392/1392/1382 1397/1397/1387
f 1395/1395/1385 1396/1396/1386 1398/1398/1388
f 1274/1274/1265 1399/1399/1389 1396/1396/1386
f 1399/1399/1389 1398/1398/1388 1396/1396/1386
f 1399/1399/1389 1274/1274/1265 1277/1277/1268
f 1277/1277/1268 1288/1288/1279 1399/1399/1389
f 1398/1398/1388 1399/1399/1389 1400/1400/1390
f 1288/1288/1279 1400/1400/1390 1399/1399/1389
f 1398/1398/1388 1401/1401/1391 1395/1395/1385
f 1397/1397/1387 1395/1395/1385 1401/1401/1391
f 1400/1400/1390 1402/1402/1392 1398/1398/1388
f 1401/1401/1391 1398/1398/1388 1402/1402/1392
f 1400/1400/1390 1288/1288/1279 1403/1403/1393
f 1287/1287/1278 1403/1403/1393 1288/1288/1279
f 1402/1402/1392 1400/1400/1390 1404/1404/1394
f 1403/1403/1393 1404/1404/1394 1400/1400/1390
f 1403/1403/1393 1287/1287/1278 1405/1405/1395
f 1292/1292/1283 1405/1405/1395 1287/1287/1278
f 1404/1404/1394 1403/1403/1393 1406/1406/1396
f 1405/1405/1395 1406/1406/1396 1403/1403/1393
f 1066/1066/1059 1402/1402/1392 1404/1404/1394
f 1406/1406/1396 1066/1066/1059 1404/1404/1394
f 1070/1070/1063 1401/1401/1391 1402/1402/1392
f 1402/1402/1392 1066/1066/1059 1070/1070/1063
f 1405/1405/1395 1292/1292/1283 1407/1407/1397
f 1296/1296/1287 1407/1407/1397 1292/1292/1283
f 1406/1406/1396 1405/1405/1395 1408/1408/1398
f 1407/1407/1397 1408/1408/1398 1405/1405/1395
f 1066/1066/1059 1406/1406/1396 1062/1062/1055
f 1408/1408/1398 1062/1062/1055 1406/1406/1396
f 1407/1407/1397 1296/1296/1287 1409/1409/1399
f 306/306/306 1409/1409/1399 1296/1296/1287
f 1408/1408/1398 1407/1407/1397 1410/1410/1400
f 1409/1409/1399 1410/1410/1400 1407/1407/1397
f 1062/1062/1055 1408/1408/1398 1058/1058/1051
f 1410/1410/1400 1058/1058/1051 1408/1408/1398
f 1409/1409/1399 306/306/306 1411/1411/1401
f 305/305/305 1411/1411/1401 306/306/306
f 1410/1410/1400 1409/1409/1399 1412/1412/1402
f 1411/1411/1401 1412/1412/1402 1409/1409/1399
f 1058/1058/1051 1410/1410/1400 1054/1054/1047
f 1412/1412/1402 1054/1054/1047 1410/1410/1400
f 1411/1411/1401 305/305/305 1413/1413/1403
f 307/307/307 1413/1413/1403 305/305/305
f 1412/1412/1402 1411/1411/1401 1414/1414/1404
f 1413/1413/1403 1414/1414/1404 1411/1411/1401
f 1054/1054/1047 1412/1412/1402 1049/1049/1042
f 1414/1414/1404 1049/1049/1042 1412/1412/1402
f 1413/1413/1403 307/307/307 1415/1415/1405
f 311/311/311 1415/1415/1405 307/307/307
f 1414/1414/1404 1413/1413/1403 1416/1416/1406
f 1415/1415/1405 1416/1416/1406 1413/1413/1403
f 1049/1049/1042 1414/1414/1404 1046/1046/1039
f 1416/1416/1406 1046/1046/1039 1414/1414/1404
f 1415/1415/1405 311/311/311 1417/1417/1407
f 315/315/315 1417/1417/1407 311/311/311
f 1416/1416/1406 1415/1415/1405 1418/1418/1408
f 1417/1417/1407 1418/1418/1408 1415/1415/1405
f 1046/1046/1039 1416/1416/1406 1039/1039/1033
f 1418/1418/1408 1039/1039/1033 1416/1416/1406
f 1417/1417/1407 315/315/315 1019/1019/1013
f 319/319/319 1019/1019/1013 315/315/315
f 1418/1418/1408 1417/1417/1407 1021/1021/1015
f 1019/1019/1013 1021/1021/1015 1417/1417/1407
f 1039/1039/1033 1418/1418/1408 1023/1023/1017
f 1021/1021/1015 1023/1023/1017 1418/1418/1408
f 1070/1070/1063 1076/1076/1069 1419/1419/1409
f 1401/1401/1391 1070/1070/1063 1419/1419/1409
f 1419/1419/1409 1397/1397/1387 1401/1401/1391
f 1420/1420/1410 1419/1419/1409 1076/1076/1069
f 1397/1397/1387 1419/1419/1409 1421/1421/1411
f 1419/1419/1409 1420/1420/1410 1421/1421/1411
f 1421/1421/1411 1394/1394/1384 1397/1397/1387
f 1394/1394/1384 1421/1421/1411 1422/1422/1412
f 1421/1421/1411 1423/1423/1413 1422/1422/1412
f 1423/1423/1413 1421/1421/1411 1420/1420/1410
f 1424/1424/1414 1394/1394/1384 1422/1422/1412
f 1423/1423/1413 1424/1424/1414 1422/1422/1412
f 1394/1394/1384 1424/1424/1414 1391/1391/1381
f 1425/1425/1415 1420/1420/1410 1076/1076/1069
f 1076/1076/1069 1075/1075/1068 1425/1425/1415
f 1420/1420/1410 1426/1426/1416 1423/1423/1413
f 1427/1427/1417 1391/1391/1381 1424/1424/1414
f 1391/1391/1381 1427/1427/1417 1382/1382/1372
f 1377/1377/1367 1382/1382/1372 1427/1427/1417
f 1427/1427/1417 1428/1428/1418 1377/1377/1367
f 1375/1375/1365 1377/1377/1367 1428/1428/1418
f 1424/1424/1414 1429/1429/1419 1427/1427/1417
f 1428/1428/1418 1427/1427/1417 1429/1429/1419
f 1429/1429/1419 1424/1424/1414 1430/1430/1420
f 1424/1424/1414 1423/1423/1413 1430/1430/1420
f 1431/1431/1421 1428/1428/1418 1429/1429/1419
f 1430/1430/1420 1431/1431/1421 1429/1429/1419
f 1423/1423/1413 1432/1432/1422 1430/1430/1420
f 1431/1431/1421 1430/1430/1420 1432/1432/1422
f 1432/1432/1422 1423/1423/1413 1426/1426/1416
f 1428/1428/1418 1433/1433/1423 1375/1375/1365
f 1371/1371/1361 1375/1375/1365 1433/1433/1423
f 1428/1428/1418 1431/1431/1421 1434/1434/1424
f 1433/1433/1423 1428/1428/1418 1434/1434/1424
f 1435/1435/1425 1432/1432/1422 1426/1426/1416
f 1436/1436/1426 1431/1431/1421 1432/1432/1422
f 1432/1432/1422 1435/1435/1425 1436/1436/1426
f 1437/1437/1427 1434/1434/1424 1431/1431/1421
f 1431/1431/1421 1436/1436/1426 1437/1437/1427
f 1438/1438/1428 1433/1433/1423 1434/1434/1424
f 1434/1434/1424 1437/1437/1427 1438/1438/1428
f 1433/1433/1423 1438/1438/1428 1439/1439/1429
f 1439/1439/1429 1371/1371/1361 1433/1433/1423
f 1371/1371/1361 1439/1439/1429 1092/1092/1085
f 1092/1092/1085 1105/1105/1098 1371/1371/1361
f 1083/1083/1076 1439/1439/1429 1438/1438/1428
f 1440/1440/1430 1438/1438/1428 1437/1437/1427
f 1438/1438/1428 1440/1440/1430 1083/1083/1076
f 1437/1437/1427 1441/1441/1431 1440/1440/1430
f 1441/1441/1431 1437/1437/1427 1436/1436/1426
f 1439/1439/1429 1083/1083/1076 1085/1085/1078
f 1085/1085/1078 1092/1092/1085 1439/1439/1429
f 1436/1436/1426 1081/1081/1074 1441/1441/1431
f 1081/1081/1074 1436/1436/1426 1435/1435/1425
f 1441/1441/1431 1079/1079/1072 1440/1440/1430
f 1081/1081/1074 1077/1077/1070 1441/1441/1431
f 1441/1441/1431 1077/1077/1070 1079/1079/1072
f 1440/1440/1430 1079/1079/1072 1080/1080/1073
f 1440/1440/1430 1080/1080/1073 1083/1083/1076
f 753/753/750 752/752/749 1442/1442/1432
f 1443/1443/1433 754/754/751 753/753/750
f 1442/1442/1432 1443/1443/1433 753/753/750
f 745/745/742 754/754/751 1444/1444/1434
f 1444/1444/1434 746/746/743 745/745/742
f 1445/1445/1435 1444/1444/1434 754/754/751
f 754/754/751 1443/1443/1433 1445/1445/1435
f 746/746/743 1444/1444/1434 1446/1446/1436
f 1444/1444/1434 1445/1445/1435 1447/1447/1437
f 1447/1447/1437 1446/1446/1436 1444/1444/1434
f 1446/1446/1436 1448/1448/1438 746/746/743
f 743/743/740 746/746/743 1448/1448/1438
f 1446/1446/1436 1447/1447/1437 1449/1449/1439
f 1448/1448/1438 1450/1450/1440 743/743/740
f 1450/1450/1440 742/742/739 743/743/740
f 1448/1448/1438 1446/1446/1436 1451/1451/1441
f 1449/1449/1439 1451/1451/1441 1446/1446/1436
f 1452/1452/1442 1450/1450/1440 1448/1448/1438
f 1451/1451/1441 1452/1452/1442 1448/1448/1438
f 1450/1450/1440 1315/1315/1306 742/742/739
f 1315/1315/1306 739/739/736 742/742/739
f 1452/1452/1442 1320/1320/1311 1450/1450/1440
f 1320/1320/1311 1315/1315/1306 1450/1450/1440
f 1452/1452/1442 1451/1451/1441 1453/1453/1443
f 1451/1451/1441 1449/1449/1439 1454/1454/1444
f 1454/1454/1444 1453/1453/1443 1451/1451/1441
f 1453/1453/1443 1455/1455/1445 1452/1452/1442
f 1455/1455/1445 1320/1320/1311 1452/1452/1442
f 1453/1453/1443 1454/1454/1444 1456/1456/1446
f 1455/1455/1445 1453/1453/1443 1457/1457/1447
f 1456/1456/1446 1457/1457/1447 1453/1453/1443
f 1331/1331/1322 1455/1455/1445 1457/1457/1447
f 1457/1457/1447 1456/1456/1446 1333/1333/1324
f 1333/1333/1324 1331/1331/1322 1457/1457/1447
f 1323/1323/1314 1320/1320/1311 1455/1455/1445
f 1455/1455/1445 1331/1331/1322 1323/1323/1314
f 1336/1336/1327 1333/1333/1324 1456/1456/1446
f 1458/1458/1448 1456/1456/1446 1454/1454/1444
f 1456/1456/1446 1458/1458/1448 1336/1336/1327
f 1454/1454/1444 1459/1459/1449 1458/1458/1448
f 1459/1459/1449 1454/1454/1444 1449/1449/1439
f 1449/1449/1439 1460/1460/1450 1459/1459/1449
f 1460/1460/1450 1449/1449/1439 1447/1447/1437
f 1447/1447/1437 1461/1461/1451 1460/1460/1450
f 706/706/703 1459/1459/1449 1460/1460/1450
f 1461/1461/1451 706/706/703 1460/1460/1450
f 1461/1461/1451 1447/1447/1437 1445/1445/1435
f 1346/1346/1337 1458/1458/1448 1459/1459/1449
f 1459/1459/1449 706/706/703 1346/1346/1337
f 1458/1458/1448 1346/1346/1337 1340/1340/1331
f 1340/1340/1331 1336/1336/1327 1458/1458/1448
f 1445/1445/1435 1462/1462/1452 1461/1461/1451
f 1462/1462/1452 1445/1445/1435 1443/1443/1433
f 706/706/703 1461/1461/1451 703/703/700
f 1463/1463/1453 1461/1461/1451 1462/1462/1452
f 1461/1461/1451 1463/1463/1453 703/703/700
f 1462/1462/1452 693/693/690 1463/1463/1453
f 694/694/691 703/703/700 1463/1463/1453
f 693/693/690 694/694/691 1463/1463/1453
f 1443/1443/1433 1464/1464/1454 1462/1462/1452
f 693/693/690 1462/1462/1452 1464/1464/1454
f 1464/1464/1454 1443/1443/1433 1465/1465/1455
f 1443/1443/1433 1442/1442/1432 1465/1465/1455
f 1464/1464/1454 687/687/684 693/693/690
f 1465/1465/1455 1466/1466/1456 1464/1464/1454
f 687/687/684 1464/1464/1454 1466/1466/1456
f 1442/1442/1432 1467/1467/1457 1465/1465/1455
f 1466/1466/1456 1465/1465/1455 1467/1467/1457
f 683/683/680 687/687/684 1466/1466/1456
f 1467/1467/1457 683/683/680 1466/1466/1456
f 689/689/686 693/693/690 687/687/684
f 1467/1467/1457 1442/1442/1432 1468/1468/1458
f 1442/1442/1432 1469/1469/1459 1468/1468/1458
f 1469/1469/1459 1442/1442/1432 752/752/749
f 1468/1468/1458 1470/1470/1460 1467/1467/1457
f 683/683/680 1467/1467/1457 1470/1470/1460
f 752/752/749 751/751/748 1469/1469/1459
f 1469/1469/1459 1471/1471/1461 1468/1468/1458
f 1470/1470/1460 1468/1468/1458 1471/1471/1461
f 1469/1469/1459 751/751/748 1472/1472/1462
f 1471/1471/1461 1469/1469/1459 1472/1472/1462
f 1472/1472/1462 751/751/748 1473/1473/1463
f 1474/1474/1464 1471/1471/1461 1472/1472/1462
f 1473/1473/1463 1474/1474/1464 1472/1472/1462
f 1475/1475/1465 1470/1470/1460 1471/1471/1461
f 1471/1471/1461 1474/1474/1464 1475/1475/1465
f 1470/1470/1460 1475/1475/1465 680/680/677
f 680/680/677 683/683/680 1470/1470/1460
f 676/676/673 680/680/677 1475/1475/1465
f 1476/1476/1466 1475/1475/1465 1474/1474/1464
f 1475/1475/1465 1476/1476/1466 676/676/673
f 1474/1474/1464 1473/1473/1463 1477/1477/1467
f 1474/1474/1464 1478/1478/1468 1476/1476/1466
f 1478/1478/1468 1474/1474/1464 1477/1477/1467
f 1473/1473/1463 1479/1479/1469 1477/1477/1467
f 1479/1479/1469 1478/1478/1468 1477/1477/1467
f 751/751/748 1480/1480/1470 1473/1473/1463
f 751/751/748 717/717/714 1480/1480/1470
f 717/717/714 715/715/712 1480/1480/1470
f 1473/1473/1463 1480/1480/1470 1481/1481/1471
f 715/715/712 1481/1481/1471 1480/1480/1470
f 1479/1479/1469 1473/1473/1463 1481/1481/1471
f 715/715/712 1482/1482/1472 1481/1481/1471
f 1482/1482/1472 1479/1479/1469 1481/1481/1471
f 1483/1483/1473 1482/1482/1472 715/715/712
f 715/715/712 714/714/711 1483/1483/1473
f 1482/1482/1472 1484/1484/1474 1479/1479/1469
f 1485/1485/1475 1483/1483/1473 714/714/711
f 714/714/711 725/725/722 1485/1485/1475
f 1482/1482/1472 1483/1483/1473 1486/1486/1476
f 1486/1486/1476 1484/1484/1474 1482/1482/1472
f 1483/1483/1473 1485/1485/1475 1487/1487/1477
f 1487/1487/1477 1486/1486/1476 1483/1483/1473
f 1488/1488/1478 1485/1485/1475 725/725/722
f 1488/1488/1478 1487/1487/1477 1485/1485/1475
f 1484/1484/1474 1486/1486/1476 1489/1489/1479
f 1486/1486/1476 1487/1487/1477 1490/1490/1480
f 1490/1490/1480 1489/1489/1479 1486/1486/1476
f 1489/1489/1479 1491/1491/1481 1484/1484/1474
f 1491/1491/1481 1479/1479/1469 1484/1484/1474
f 1489/1489/1479 1490/1490/1480 1492/1492/1482
f 1479/1479/1469 1491/1491/1481 1493/1493/1483
f 1479/1479/1469 1493/1493/1483 1478/1478/1468
f 1491/1491/1481 1489/1489/1479 1494/1494/1484
f 1492/1492/1482 1494/1494/1484 1489/1489/1479
f 1495/1495/1485 1493/1493/1483 1491/1491/1481
f 1494/1494/1484 1495/1495/1485 1491/1491/1481
f 1493/1493/1483 1496/1496/1486 1478/1478/1468
f 1496/1496/1486 1476/1476/1466 1478/1478/1468
f 1493/1493/1483 1495/1495/1485 1497/1497/1487
f 1493/1493/1483 1497/1497/1487 1496/1496/1486
f 1476/1476/1466 1496/1496/1486 673/673/670
f 1498/1498/1488 1497/1497/1487 1495/1495/1485
f 673/673/670 676/676/673 1476/1476/1466
f 1499/1499/1489 1496/1496/1486 1497/1497/1487
f 1497/1497/1487 1498/1498/1488 1499/1499/1489
f 674/674/671 673/673/670 1496/1496/1486
f 1496/1496/1486 1499/1499/1489 674/674/671
f 676/676/673 673/673/670 671/671/668
f 1500/1500/1490 1498/1498/1488 1495/1495/1485
f 1495/1495/1485 1494/1494/1484 1501/1501/1491
f 1501/1501/1491 1500/1500/1490 1495/1495/1485
f 1502/1502/1492 1501/1501/1491 1494/1494/1484
f 1494/1494/1484 1492/1492/1482 1502/1502/1492
f 1501/1501/1491 1502/1502/1492 1503/1503/1493
f 1503/1503/1493 1500/1500/1490 1501/1501/1491
f 1504/1504/1494 1502/1502/1492 1492/1492/1482
f 1505/1505/1495 1503/1503/1493 1502/1502/1492
f 1502/1502/1492 1504/1504/1494 1505/1505/1495
f 1492/1492/1482 1506/1506/1496 1504/1504/1494
f 1506/1506/1496 1492/1492/1482 1490/1490/1480
f 1490/1490/1480 1507/1507/1497 1506/1506/1496
f 1507/1507/1497 1490/1490/1480 1487/1487/1477
f 1487/1487/1477 1488/1488/1478 1507/1507/1497
f 1508/1508/1498 1506/1506/1496 1507/1507/1497
f 1509/1509/1499 1504/1504/1494 1506/1506/1496
f 1508/1508/1498 1509/1509/1499 1506/1506/1496
f 1509/1509/1499 1510/1510/1500 1504/1504/1494
f 1510/1510/1500 1505/1505/1495 1504/1504/1494
f 1511/1511/1501 1507/1507/1497 1488/1488/1478
f 1511/1511/1501 1508/1508/1498 1507/1507/1497
f 1512/1512/1502 1511/1511/1501 1488/1488/1478
f 1513/1513/1503 1509/1509/1499 1508/1508/1498
f 1514/1514/1504 1508/1508/1498 1511/1511/1501
f 1514/1514/1504 1513/1513/1503 1508/1508/1498
f 1515/1515/1505 1514/1514/1504 1511/1511/1501
f 1515/1515/1505 1511/1511/1501 1512/1512/1502
f 1512/1512/1502 1488/1488/1478 1516/1516/1506
f 1516/1516/1506 1488/1488/1478 725/725/722
f 1513/1513/1503 1517/1517/1507 1509/1509/1499
f 1517/1517/1507 1510/1510/1500 1509/1509/1499
f 725/725/722 1518/1518/1508 1516/1516/1506
f 1518/1518/1508 725/725/722 726/726/723
f 1519/1519/1509 1512/1512/1502 1516/1516/1506
f 1519/1519/1509 1516/1516/1506 1518/1518/1508
f 726/726/723 731/731/728 1518/1518/1508
f 1520/1520/1510 1512/1512/1502 1519/1519/1509
f 1520/1520/1510 1515/1515/1505 1512/1512/1502
f 1521/1521/1511 1519/1519/1509 1518/1518/1508
f 1521/1521/1511 1518/1518/1508 731/731/728
f 1522/1522/1512 1520/1520/1510 1519/1519/1509
f 1522/1522/1512 1519/1519/1509 1521/1521/1511
f 1523/1523/1513 1515/1515/1505 1520/1520/1510
f 1524/1524/1514 1520/1520/1510 1522/1522/1512
f 1524/1524/1514 1523/1523/1513 1520/1520/1510
f 1525/1525/1515 1522/1522/1512 1521/1521/1511
f 1526/1526/1516 1524/1524/1514 1522/1522/1512
f 1526/1526/1516 1522/1522/1512 1525/1525/1515
f 1523/1523/1513 1527/1527/1517 1515/1515/1505
f 1527/1527/1517 1514/1514/1504 1515/1515/1505
f 1528/1528/1518 1523/1523/1513 1524/1524/1514
f 1527/1527/1517 1529/1529/1519 1514/1514/1504
f 1529/1529/1519 1513/1513/1503 1514/1514/1504
f 1530/1530/1520 1527/1527/1517 1523/1523/1513
f 1528/1528/1518 1530/1530/1520 1523/1523/1513
f 1531/1531/1521 1529/1529/1519 1527/1527/1517
f 1530/1530/1520 1531/1531/1521 1527/1527/1517
f 1529/1529/1519 1532/1532/1522 1513/1513/1503
f 1532/1532/1522 1517/1517/1507 1513/1513/1503
f 1531/1531/1521 1533/1533/1523 1529/1529/1519
f 1533/1533/1523 1532/1532/1522 1529/1529/1519
f 1534/1534/1524 1531/1531/1521 1530/1530/1520
f 1535/1535/1525 1530/1530/1520 1528/1528/1518
f 1535/1535/1525 1534/1534/1524 1530/1530/1520
f 1534/1534/1524 1536/1536/1526 1531/1531/1521
f 1536/1536/1526 1533/1533/1523 1531/1531/1521
f 1535/1535/1525 1537/1537/1527 1534/1534/1524
f 1534/1534/1524 1537/1537/1527 1536/1536/1526
f 1538/1538/1528 1535/1535/1525 1528/1528/1518
f 1537/1537/1527 1535/1535/1525 1539/1539/1529
f 1538/1538/1528 1539/1539/1529 1535/1535/1525
f 1539/1539/1529 1540/1540/1530 1537/1537/1527
f 1536/1536/1526 1537/1537/1527 1541/1541/1531
f 1537/1537/1527 1540/1540/1530 1541/1541/1531
f 1536/1536/1526 1542/1542/1532 1533/1533/1523
f 1536/1536/1526 1541/1541/1531 1542/1542/1532
f 1543/1543/1533 1533/1533/1523 1542/1542/1532
f 1542/1542/1532 1541/1541/1531 1544/1544/1534
f 1533/1533/1523 1543/1543/1533 1545/1545/1535
f 1533/1533/1523 1545/1545/1535 1532/1532/1522
f 1542/1542/1532 1546/1546/1536 1543/1543/1533
f 1546/1546/1536 1542/1542/1532 1544/1544/1534
f 1541/1541/1531 1547/1547/1537 1544/1544/1534
f 1541/1541/1531 1540/1540/1530 1547/1547/1537
f 1544/1544/1534 1548/1548/1538 1546/1546/1536
f 1549/1549/1539 1543/1543/1533 1546/1546/1536
f 1546/1546/1536 1548/1548/1538 1549/1549/1539
f 1544/1544/1534 1547/1547/1537 1550/1550/1540
f 1548/1548/1538 1544/1544/1534 1550/1550/1540
f 1551/1551/1541 1552/1552/1542 1553/1553/1543
f 1554/1554/1544 911/911/906 1552/1552/1542
f 1551/1551/1541 1554/1554/1544 1552/1552/1542
f 1554/1554/1544 912/912/907 911/911/906
f 1555/1555/1545 1551/1551/1541 1553/1553/1543
f 1555/1555/1545 1553/1553/1543 1556/1556/1546
f 1557/1557/1547 1554/1554/1544 1551/1551/1541
f 1558/1558/1548 912/912/907 1554/1554/1544
f 1557/1557/1547 1558/1558/1548 1554/1554/1544
f 1558/1558/1548 914/914/909 912/912/907
f 1559/1559/1549 1557/1557/1547 1551/1551/1541
f 1559/1559/1549 1551/1551/1541 1555/1555/1545
f 1560/1560/1550 1558/1558/1548 1557/1557/1547
f 1561/1561/1551 914/914/909 1558/1558/1548
f 1560/1560/1550 1561/1561/1551 1558/1558/1548
f 1561/1561/1551 916/916/911 914/914/909
f 1562/1562/1552 1560/1560/1550 1557/1557/1547
f 1562/1562/1552 1557/1557/1547 1559/1559/1549
f 1563/1563/1553 1561/1561/1551 1560/1560/1550
f 1564/1564/1554 1560/1560/1550 1562/1562/1552
f 1564/1564/1554 1563/1563/1553 1560/1560/1550
f 1565/1565/1555 916/916/911 1561/1561/1551
f 1563/1563/1553 1565/1565/1555 1561/1561/1551
f 1565/1565/1555 1566/1566/1556 916/916/911
f 1566/1566/1556 917/917/912 916/916/911
f 917/917/912 1566/1566/1556 1047/1047/1040
f 1567/1567/1557 1566/1566/1556 1565/1565/1555
f 1568/1568/1558 1565/1565/1555 1563/1563/1553
f 1568/1568/1558 1567/1567/1557 1565/1565/1555
f 1569/1569/1559 1563/1563/1553 1564/1564/1554
f 1569/1569/1559 1568/1568/1558 1563/1563/1553
f 1570/1570/1560 1047/1047/1040 1566/1566/1556
f 1567/1567/1557 1570/1570/1560 1566/1566/1556
f 1047/1047/1040 1570/1570/1560 1571/1571/1561
f 1571/1571/1561 1043/1043/1036 1047/1047/1040
f 1572/1572/1562 1570/1570/1560 1567/1567/1557
f 1573/1573/1563 1567/1567/1557 1568/1568/1558
f 1573/1573/1563 1572/1572/1562 1567/1567/1557
f 1574/1574/1564 1568/1568/1558 1569/1569/1559
f 1574/1574/1564 1573/1573/1563 1568/1568/1558
f 1572/1572/1562 1575/1575/1565 1570/1570/1560
f 1575/1575/1565 1571/1571/1561 1570/1570/1560
f 1043/1043/1036 1571/1571/1561 1576/1576/1566
f 1042/1042/1035 1043/1043/1036 1576/1576/1566
f 1571/1571/1561 1575/1575/1565 1577/1577/1567
f 1576/1576/1566 1578/1578/1568 1042/1042/1035
f 1041/1041/1034 1042/1042/1035 1578/1578/1568
f 1578/1578/1568 1051/1051/1044 1041/1041/1034
f 1576/1576/1566 1571/1571/1561 1579/1579/1569
f 1578/1578/1568 1576/1576/1566 1579/1579/1569
f 1579/1579/1569 1571/1571/1561 1577/1577/1567
f 1051/1051/1044 1578/1578/1568 1580/1580/1570
f 1579/1579/1569 1580/1580/1570 1578/1578/1568
f 1580/1580/1570 1055/1055/1048 1051/1051/1044
f 1579/1579/1569 1577/1577/1567 1581/1581/1571
f 1580/1580/1570 1579/1579/1569 1581/1581/1571
f 1055/1055/1048 1580/1580/1570 1582/1582/1572
f 1581/1581/1571 1582/1582/1572 1580/1580/1570
f 1582/1582/1572 1059/1059/1052 1055/1055/1048
f 1059/1059/1052 1582/1582/1572 1583/1583/1573
f 1583/1583/1573 1063/1063/1056 1059/1059/1052
f 1582/1582/1572 1581/1581/1571 1584/1584/1574
f 1582/1582/1572 1584/1584/1574 1583/1583/1573
f 1581/1581/1571 1577/1577/1567 1585/1585/1575
f 1581/1581/1571 1585/1585/1575 1584/1584/1574
f 1577/1577/1567 1586/1586/1576 1585/1585/1575
f 1586/1586/1576 1577/1577/1567 1575/1575/1565
f 1063/1063/1056 1583/1583/1573 1587/1587/1577
f 1587/1587/1577 1067/1067/1060 1063/1063/1056
f 1583/1583/1573 1584/1584/1574 1588/1588/1578
f 1583/1583/1573 1588/1588/1578 1587/1587/1577
f 1584/1584/1574 1585/1585/1575 1589/1589/1579
f 1584/1584/1574 1589/1589/1579 1588/1588/1578
f 1590/1590/1580 1585/1585/1575 1586/1586/1576
f 1585/1585/1575 1590/1590/1580 1589/1589/1579
f 1067/1067/1060 1587/1587/1577 1591/1591/1581
f 1591/1591/1581 1071/1071/1064 1067/1067/1060
f 1071/1071/1064 1591/1591/1581 1592/1592/1582
f 1587/1587/1577 1593/1593/1583 1591/1591/1581
f 1587/1587/1577 1588/1588/1578 1593/1593/1583
f 1591/1591/1581 1594/1594/1584 1592/1592/1582
f 1591/1591/1581 1593/1593/1583 1594/1594/1584
f 1592/1592/1582 1594/1594/1584 1595/1595/1585
f 1588/1588/1578 1596/1596/1586 1593/1593/1583
f 1588/1588/1578 1589/1589/1579 1596/1596/1586
f 1594/1594/1584 1597/1597/1587 1595/1595/1585
f 1598/1598/1588 1595/1595/1585 1597/1597/1587
f 1597/1597/1587 1599/1599/1589 1598/1598/1588
f 1597/1597/1587 1594/1594/1584 1600/1600/1590
f 1593/1593/1583 1600/1600/1590 1594/1594/1584
f 1599/1599/1589 1597/1597/1587 1601/1601/1591
f 1600/1600/1590 1601/1601/1591 1597/1597/1587
f 1600/1600/1590 1593/1593/1583 1602/1602/1592
f 1593/1593/1583 1596/1596/1586 1602/1602/1592
f 1601/1601/1591 1600/1600/1590 1603/1603/1593
f 1602/1602/1592 1603/1603/1593 1600/1600/1590
f 1604/1604/1594 1599/1599/1589 1601/1601/1591
f 1605/1605/1595 1599/1599/1589 1604/1604/1594
f 1606/1606/1596 1601/1601/1591 1603/1603/1593
f 1604/1604/1594 1601/1601/1591 1606/1606/1596
f 1603/1603/1593 1602/1602/1592 1607/1607/1597
f 1596/1596/1586 1607/1607/1597 1602/1602/1592
f 1606/1606/1596 1603/1603/1593 1608/1608/1598
f 1608/1608/1598 1603/1603/1593 1607/1607/1597
f 1607/1607/1597 1596/1596/1586 1609/1609/1599
f 1589/1589/1579 1609/1609/1599 1596/1596/1586
f 1609/1609/1599 1589/1589/1579 1590/1590/1580
f 1610/1610/1600 1607/1607/1597 1609/1609/1599
f 1608/1608/1598 1607/1607/1597 1610/1610/1600
f 1611/1611/1601 1609/1609/1599 1590/1590/1580
f 1610/1610/1600 1609/1609/1599 1611/1611/1601
f 1611/1611/1601 1590/1590/1580 1612/1612/1602
f 1612/1612/1602 1590/1590/1580 1586/1586/1576
f 1613/1613/1603 1610/1610/1600 1611/1611/1601
f 1614/1614/1604 1611/1611/1601 1612/1612/1602
f 1613/1613/1603 1611/1611/1601 1614/1614/1604
f 1612/1612/1602 1586/1586/1576 1615/1615/1605
f 1615/1615/1605 1586/1586/1576 1575/1575/1565
f 1615/1615/1605 1575/1575/1565 1572/1572/1562
f 1616/1616/1606 1612/1612/1602 1615/1615/1605
f 1614/1614/1604 1612/1612/1602 1616/1616/1606
f 1617/1617/1607 1615/1615/1605 1572/1572/1562
f 1616/1616/1606 1615/1615/1605 1617/1617/1607
f 1617/1617/1607 1572/1572/1562 1573/1573/1563
f 1618/1618/1608 1614/1614/1604 1616/1616/1606
f 1619/1619/1609 1614/1614/1604 1618/1618/1608
f 1619/1619/1609 1613/1613/1603 1614/1614/1604
f 1618/1618/1608 1616/1616/1606 1620/1620/1610
f 1620/1620/1610 1616/1616/1606 1617/1617/1607
f 1621/1621/1611 1613/1613/1603 1619/1619/1609
f 1620/1620/1610 1617/1617/1607 1622/1622/1612
f 1622/1622/1612 1617/1617/1607 1573/1573/1563
f 1623/1623/1613 1620/1620/1610 1622/1622/1612
f 1622/1622/1612 1573/1573/1563 1574/1574/1564
f 1623/1623/1613 1622/1622/1612 1624/1624/1614
f 1624/1624/1614 1622/1622/1612 1574/1574/1564
f 1625/1625/1615 1623/1623/1613 1624/1624/1614
f 1621/1621/1611 1626/1626/1616 1613/1613/1603
f 1626/1626/1616 1610/1610/1600 1613/1613/1603
f 1627/1627/1617 1626/1626/1616 1621/1621/1611
f 1626/1626/1616 1608/1608/1598 1610/1610/1600
f 1627/1627/1617 1628/1628/1618 1626/1626/1616
f 1628/1628/1618 1608/1608/1598 1626/1626/1616
f 1629/1629/1619 1628/1628/1618 1627/1627/1617
f 1628/1628/1618 1606/1606/1596 1608/1608/1598
f 1630/1630/1620 1606/1606/1596 1628/1628/1618
f 1629/1629/1619 1630/1630/1620 1628/1628/1618
f 1630/1630/1620 1604/1604/1594 1606/1606/1596
f 1631/1631/1621 1630/1630/1620 1629/1629/1619
f 1632/1632/1622 1631/1631/1621 1629/1629/1619
f 1633/1633/1623 1631/1631/1621 1632/1632/1622
f 1633/1633/1623 1634/1634/1624 1631/1631/1621
f 1631/1631/1621 1635/1635/1625 1630/1630/1620
f 1635/1635/1625 1604/1604/1594 1630/1630/1620
f 1634/1634/1624 1635/1635/1625 1631/1631/1621
f 1635/1635/1625 1605/1605/1595 1604/1604/1594
f 1634/1634/1624 1636/1636/1626 1635/1635/1625
f 1636/1636/1626 1605/1605/1595 1635/1635/1625
f 1637/1637/1627 1638/1638/1628 1639/1639/1629
f 1640/1640/1630 1641/1641/1631 1642/1642/1632
f 1643/1643/1633 1644/1644/1634 1641/1641/1631
f 1641/1641/1631 1640/1640/1630 1643/1643/1633
f 1645/1645/1635 1642/1642/1632 1639/1639/1629
f 1642/1642/1632 1645/1645/1635 1640/1640/1630
f 1646/1646/1636 1639/1639/1629 1638/1638/1628
f 1639/1639/1629 1646/1646/1636 1645/1645/1635
f 1644/1644/1634 1643/1643/1633 1647/1647/1637
f 1647/1647/1637 1648/1648/1638 1644/1644/1634
f 1649/1649/1639 1643/1643/1633 1640/1640/1630
f 1648/1648/1638 1647/1647/1637 1650/1650/1640
f 1650/1650/1640 1651/1651/1641 1648/1648/1638
f 1651/1651/1641 1650/1650/1640 1652/1652/1642
f 1653/1653/1643 1647/1647/1637 1643/1643/1633
f 1643/1643/1633 1649/1649/1639 1653/1653/1643
f 1654/1654/1644 1650/1650/1640 1647/1647/1637
f 1647/1647/1637 1653/1653/1643 1654/1654/1644
f 1655/1655/1645 1652/1652/1642 1650/1650/1640
f 1650/1650/1640 1654/1654/1644 1655/1655/1645
f 1652/1652/1642 1655/1655/1645 1656/1656/1646
f 1655/1655/1645 1657/1657/1251 1656/1656/1646
f 1655/1655/1645 1658/1658/1647 1657/1657/1251
f 1654/1654/1644 1658/1658/1647 1655/1655/1645
f 1658/1658/1647 1659/1659/1648 1657/1657/1251
f 1653/1653/1643 1660/1660/1649 1654/1654/1644
f 1660/1660/1649 1658/1658/1647 1654/1654/1644
f 1658/1658/1647 1661/1661/1650 1659/1659/1648
f 1660/1660/1649 1661/1661/1650 1658/1658/1647
f 1661/1661/1650 1662/1662/1651 1659/1659/1648
f 1660/1660/1649 1653/1653/1643 1663/1663/1652
f 1649/1649/1639 1663/1663/1652 1653/1653/1643
f 1664/1664/1653 1661/1661/1650 1660/1660/1649
f 1663/1663/1652 1664/1664/1653 1660/1660/1649
f 1661/1661/1650 1665/1665/1654 1662/1662/1651
f 1664/1664/1653 1665/1665/1654 1661/1661/1650
f 1665/1665/1654 1666/1666/1655 1662/1662/1651
f 1665/1665/1654 1667/1667/1656 1666/1666/1655
f 1667/1667/1656 1668/1668/1263 1666/1666/1655
f 1669/1669/1657 1665/1665/1654 1664/1664/1653
f 1669/1669/1657 1667/1667/1656 1665/1665/1654
f 1664/1664/1653 1663/1663/1652 1670/1670/1658
f 1670/1670/1658 1669/1669/1657 1664/1664/1653
f 1671/1671/1659 1670/1670/1658 1663/1663/1652
f 1663/1663/1652 1649/1649/1639 1671/1671/1659
f 1667/1667/1656 1672/1672/1660 1668/1668/1263
f 1672/1672/1660 1673/1673/1661 1668/1668/1263
f 1674/1674/1662 1667/1667/1656 1669/1669/1657
f 1674/1674/1662 1672/1672/1660 1667/1667/1656
f 1669/1669/1657 1670/1670/1658 1675/1675/1663
f 1675/1675/1663 1674/1674/1662 1669/1669/1657
f 1676/1676/1664 1675/1675/1663 1670/1670/1658
f 1670/1670/1658 1671/1671/1659 1676/1676/1664
f 1672/1672/1660 1677/1677/1665 1673/1673/1661
f 1677/1677/1665 1678/1678/1270 1673/1673/1661
f 1679/1679/1666 1672/1672/1660 1674/1674/1662
f 1679/1679/1666 1677/1677/1665 1672/1672/1660
f 1674/1674/1662 1675/1675/1663 1680/1680/1667
f 1680/1680/1667 1679/1679/1666 1674/1674/1662
f 1681/1681/1668 1680/1680/1667 1675/1675/1663
f 1675/1675/1663 1676/1676/1664 1681/1681/1668
f 1677/1677/1665 1682/1682/1669 1678/1678/1270
f 1682/1682/1669 1683/1683/1273 1678/1678/1270
f 1684/1684/1670 1677/1677/1665 1679/1679/1666
f 1684/1684/1670 1682/1682/1669 1677/1677/1665
f 1679/1679/1666 1680/1680/1667 1685/1685/1671
f 1685/1685/1671 1684/1684/1670 1679/1679/1666
f 1686/1686/1672 1685/1685/1671 1680/1680/1667
f 1680/1680/1667 1681/1681/1668 1686/1686/1672
f 1682/1682/1669 1687/1687/1673 1683/1683/1273
f 1687/1687/1673 1688/1688/1674 1683/1683/1273
f 1689/1689/1675 1682/1682/1669 1684/1684/1670
f 1689/1689/1675 1687/1687/1673 1682/1682/1669
f 1684/1684/1670 1685/1685/1671 1690/1690/1676
f 1690/1690/1676 1689/1689/1675 1684/1684/1670
f 1691/1691/1677 1690/1690/1676 1685/1685/1671
f 1685/1685/1671 1686/1686/1672 1691/1691/1677
f 1687/1687/1673 1692/1692/1678 1688/1688/1674
f 1692/1692/1678 1693/1693/1679 1688/1688/1674
f 1694/1694/1680 1687/1687/1673 1689/1689/1675
f 1694/1694/1680 1692/1692/1678 1687/1687/1673
f 1689/1689/1675 1690/1690/1676 1695/1695/1681
f 1695/1695/1681 1694/1694/1680 1689/1689/1675
f 1696/1696/1682 1695/1695/1681 1690/1690/1676
f 1690/1690/1676 1691/1691/1677 1696/1696/1682
f 1692/1692/1678 1697/1697/1683 1693/1693/1679
f 1697/1697/1683 1698/1698/1684 1693/1693/1679
f 1699/1699/1685 1692/1692/1678 1694/1694/1680
f 1699/1699/1685 1697/1697/1683 1692/1692/1678
f 1694/1694/1680 1695/1695/1681 1700/1700/1686
f 1700/1700/1686 1699/1699/1685 1694/1694/1680
f 1701/1701/1687 1700/1700/1686 1695/1695/1681
f 1695/1695/1681 1696/1696/1682 1701/1701/1687
f 1697/1697/1683 1702/1702/1688 1698/1698/1684
f 1702/1702/1688 1703/1703/1689 1698/1698/1684
f 1704/1704/1690 1697/1697/1683 1699/1699/1685
f 1704/1704/1690 1702/1702/1688 1697/1697/1683
f 1699/1699/1685 1700/1700/1686 1705/1705/1691
f 1705/1705/1691 1704/1704/1690 1699/1699/1685
f 1706/1706/1692 1705/1705/1691 1700/1700/1686
f 1700/1700/1686 1701/1701/1687 1706/1706/1692
f 1702/1702/1688 1707/1707/1693 1703/1703/1689
f 1707/1707/1693 1708/1708/1694 1703/1703/1689
f 1709/1709/1695 1702/1702/1688 1704/1704/1690
f 1709/1709/1695 1707/1707/1693 1702/1702/1688
f 1704/1704/1690 1705/1705/1691 1710/1710/1696
f 1710/1710/1696 1709/1709/1695 1704/1704/1690
f 1711/1711/1697 1710/1710/1696 1705/1705/1691
f 1705/1705/1691 1706/1706/1692 1711/1711/1697
f 1707/1707/1693 1712/1712/1698 1708/1708/1694
f 1712/1712/1698 1713/1713/1699 1708/1708/1694
f 1714/1714/1700 1707/1707/1693 1709/1709/1695
f 1714/1714/1700 1712/1712/1698 1707/1707/1693
f 1709/1709/1695 1710/1710/1696 1715/1715/1701
f 1715/1715/1701 1714/1714/1700 1709/1709/1695
f 1716/1716/1702 1715/1715/1701 1710/1710/1696
f 1710/1710/1696 1711/1711/1697 1716/1716/1702
f 1712/1712/1698 1717/1717/1703 1713/1713/1699
f 1717/1717/1703 1718/1718/1704 1713/1713/1699
f 1719/1719/1705 1712/1712/1698 1714/1714/1700
f 1719/1719/1705 1717/1717/1703 1712/1712/1698
f 1714/1714/1700 1715/1715/1701 1720/1720/1706
f 1720/1720/1706 1719/1719/1705 1714/1714/1700
f 1721/1721/1707 1720/1720/1706 1715/1715/1701
f 1715/1715/1701 1716/1716/1702 1721/1721/1707
f 1717/1717/1703 1722/1722/1708 1718/1718/1704
f 1722/1722/1708 1723/1723/1709 1718/1718/1704
f 1724/1724/1710 1717/1717/1703 1719/1719/1705
f 1724/1724/1710 1722/1722/1708 1717/1717/1703
f 1719/1719/1705 1720/1720/1706 1725/1725/1711
f 1725/1725/1711 1724/1724/1710 1719/1719/1705
f 1726/1726/1712 1725/1725/1711 1720/1720/1706
f 1720/1720/1706 1721/1721/1707 1726/1726/1712
f 1722/1722/1708 1727/1727/1713 1723/1723/1709
f 1727/1727/1713 1728/1728/313 1723/1723/1709
f 1729/1729/1714 1722/1722/1708 1724/1724/1710
f 1729/1729/1714 1727/1727/1713 1722/1722/1708
f 1724/1724/1710 1725/1725/1711 1730/1730/1715
f 1730/1730/1715 1729/1729/1714 1724/1724/1710
f 1731/1731/1716 1730/1730/1715 1725/1725/1711
f 1725/1725/1711 1726/1726/1712 1731/1731/1716
f 1727/1727/1713 1732/1732/1717 1728/1728/313
f 1732/1732/1717 1733/1733/1718 1728/1728/313
f 1734/1734/1719 1727/1727/1713 1729/1729/1714
f 1734/1734/1719 1732/1732/1717 1727/1727/1713
f 1729/1729/1714 1730/1730/1715 1735/1735/1720
f 1735/1735/1720 1734/1734/1719 1729/1729/1714
f 1736/1736/1721 1735/1735/1720 1730/1730/1715
f 1730/1730/1715 1731/1731/1716 1736/1736/1721
f 1732/1732/1717 1737/1737/1722 1733/1733/1718
f 1737/1737/1722 1738/1738/1723 1733/1733/1718
f 1739/1739/1724 1732/1732/1717 1734/1734/1719
f 1739/1739/1724 1737/1737/1722 1732/1732/1717
f 1734/1734/1719 1735/1735/1720 1740/1740/1725
f 1740/1740/1725 1739/1739/1724 1734/1734/1719
f 1741/1741/1726 1740/1740/1725 1735/1735/1720
f 1735/1735/1720 1736/1736/1721 1741/1741/1726
f 1742/1742/1727 1743/1743/1728 1744/1744/1729
f 1743/1743/1728 1745/1745/1730 1744/1744/1729
f 1745/1745/1730 1746/1746/1731 1744/1744/1729
f 1744/1744/1729 1747/1747/1732 1742/1742/1727
f 1747/1747/1732 1744/1744/1729 1746/1746/1731
f 1748/1748/1733 1742/1742/1727 1747/1747/1732
f 1742/1742/1727 1748/1748/1733 1749/1749/1734
f 1746/1746/1731 1750/1750/1735 1747/1747/1732
f 1750/1750/1735 1746/1746/1731 1751/1751/1736
f 1747/1747/1732 1752/1752/1737 1748/1748/1733
f 1752/1752/1737 1747/1747/1732 1750/1750/1735
f 1753/1753/1738 1749/1749/1734 1748/1748/1733
f 1754/1754/1739 1748/1748/1733 1752/1752/1737
f 1748/1748/1733 1754/1754/1739 1753/1753/1738
f 1751/1751/1736 1755/1755/1740 1750/1750/1735
f 1755/1755/1740 1751/1751/1736 1756/1756/1741
f 1750/1750/1735 1757/1757/1742 1752/1752/1737
f 1757/1757/1742 1750/1750/1735 1755/1755/1740
f 1752/1752/1737 1758/1758/1743 1754/1754/1739
f 1758/1758/1743 1752/1752/1737 1757/1757/1742
f 1754/1754/1739 1759/1759/1744 1753/1753/1738
f 1758/1758/1743 1760/1760/1745 1754/1754/1739
f 1759/1759/1744 1754/1754/1739 1760/1760/1745
f 1757/1757/1742 1638/1638/1628 1758/1758/1743
f 1749/1749/1734 1753/1753/1738 1761/1761/1746
f 1759/1759/1744 1761/1761/1746 1753/1753/1738
f 1762/1762/1747 1749/1749/1734 1761/1761/1746
f 1760/1760/1745 1758/1758/1743 1637/1637/1627
f 1638/1638/1628 1637/1637/1627 1758/1758/1743
f 1761/1761/1746 1763/1763/1748 1762/1762/1747
f 1764/1764/1749 1762/1762/1747 1763/1763/1748
f 1761/1761/1746 1759/1759/1744 1765/1765/1750
f 1763/1763/1748 1761/1761/1746 1765/1765/1750
f 1763/1763/1748 1766/1766/1751 1764/1764/1749
f 1766/1766/1751 1767/1767/1752 1764/1764/1749
f 1765/1765/1750 1768/1768/1753 1763/1763/1748
f 1766/1766/1751 1763/1763/1748 1768/1768/1753
f 1759/1759/1744 1769/1769/1754 1765/1765/1750
f 1768/1768/1753 1765/1765/1750 1769/1769/1754
f 1770/1770/1755 1766/1766/1751 1768/1768/1753
f 1769/1769/1754 1770/1770/1755 1768/1768/1753
f 1767/1767/1752 1766/1766/1751 1771/1771/1756
f 1771/1771/1756 1772/1772/1757 1767/1767/1752
f 1772/1772/1757 1771/1771/1756 1773/1773/1758
f 1774/1774/1759 1771/1771/1756 1766/1766/1751
f 1766/1766/1751 1770/1770/1755 1774/1774/1759
f 1775/1775/1760 1773/1773/1758 1771/1771/1756
f 1771/1771/1756 1774/1774/1759 1775/1775/1760
f 1773/1773/1758 1775/1775/1760 1776/1776/1761
f 1777/1777/1762 1773/1773/1758 1776/1776/1761
f 1778/1778/1763 1775/1775/1760 1774/1774/1759
f 1770/1770/1755 1778/1778/1763 1774/1774/1759
f 1779/1779/1764 1776/1776/1761 1775/1775/1760
f 1775/1775/1760 1778/1778/1763 1779/1779/1764
f 1776/1776/1761 1780/1780/1765 1777/1777/1762
f 1781/1781/1766 1777/1777/1762 1780/1780/1765
f 1776/1776/1761 1779/1779/1764 1782/1782/1767
f 1780/1780/1765 1776/1776/1761 1782/1782/1767
f 1780/1780/1765 1783/1783/1768 1781/1781/1766
f 1782/1782/1767 1784/1784/1769 1780/1780/1765
f 1783/1783/1768 1780/1780/1765 1784/1784/1769
f 970/970/965 1781/1781/1766 1783/1783/1768
f 1784/1784/1769 1785/1785/1770 1783/1783/1768
f 1786/1786/1771 1783/1783/1768 1785/1785/1770
f 1783/1783/1768 1786/1786/1771 970/970/965
f 1785/1785/1770 1784/1784/1769 1787/1787/1772
f 969/969/964 970/970/965 1786/1786/1771
f 1788/1788/1773 1787/1787/1772 1784/1784/1769
f 1784/1784/1769 1782/1782/1767 1788/1788/1773
f 1787/1787/1772 1788/1788/1773 1789/1789/1774
f 1782/1782/1767 1790/1790/1775 1788/1788/1773
f 1790/1790/1775 1789/1789/1774 1788/1788/1773
f 1779/1779/1764 1790/1790/1775 1782/1782/1767
f 1789/1789/1774 1790/1790/1775 1791/1791/1776
f 1779/1779/1764 1792/1792/1777 1790/1790/1775
f 1792/1792/1777 1791/1791/1776 1790/1790/1775
f 1778/1778/1763 1792/1792/1777 1779/1779/1764
f 1791/1791/1776 1792/1792/1777 1793/1793/1778
f 1794/1794/1779 1792/1792/1777 1778/1778/1763
f 1778/1778/1763 1770/1770/1755 1794/1794/1779
f 1795/1795/1780 1793/1793/1778 1792/1792/1777
f 1792/1792/1777 1794/1794/1779 1795/1795/1780
f 1793/1793/1778 1795/1795/1780 1796/1796/1781
f 1797/1797/1782 1794/1794/1779 1770/1770/1755
f 1770/1770/1755 1769/1769/1754 1797/1797/1782
f 1798/1798/1783 1795/1795/1780 1794/1794/1779
f 1794/1794/1779 1797/1797/1782 1798/1798/1783
f 1799/1799/1784 1796/1796/1781 1795/1795/1780
f 1795/1795/1780 1798/1798/1783 1799/1799/1784
f 1796/1796/1781 1799/1799/1784 1800/1800/1785
f 1801/1801/1786 1800/1800/1785 1799/1799/1784
f 1798/1798/1783 1801/1801/1786 1799/1799/1784
f 1800/1800/1785 1801/1801/1786 1802/1802/1787
f 1797/1797/1782 1803/1803/1788 1798/1798/1783
f 1803/1803/1788 1801/1801/1786 1798/1798/1783
f 1804/1804/1789 1802/1802/1787 1801/1801/1786
f 1803/1803/1788 1804/1804/1789 1801/1801/1786
f 1802/1802/1787 1804/1804/1789 1805/1805/1790
f 1803/1803/1788 1797/1797/1782 1806/1806/1791
f 1769/1769/1754 1806/1806/1791 1797/1797/1782
f 1807/1807/1792 1804/1804/1789 1803/1803/1788
f 1806/1806/1791 1807/1807/1792 1803/1803/1788
f 1808/1808/1793 1805/1805/1790 1804/1804/1789
f 1807/1807/1792 1808/1808/1793 1804/1804/1789
f 1805/1805/1790 1808/1808/1793 1809/1809/1794
f 1648/1648/1638 1809/1809/1794 1808/1808/1793
f 1809/1809/1794 1648/1648/1638 1651/1651/1641
f 1810/1810/1795 1808/1808/1793 1807/1807/1792
f 1810/1810/1795 1648/1648/1638 1808/1808/1793
f 1807/1807/1792 1806/1806/1791 1811/1811/1796
f 1811/1811/1796 1810/1810/1795 1807/1807/1792
f 1806/1806/1791 1769/1769/1754 1812/1812/1797
f 1812/1812/1797 1811/1811/1796 1806/1806/1791
f 1769/1769/1754 1759/1759/1744 1812/1812/1797
f 1760/1760/1745 1812/1812/1797 1759/1759/1744
f 1812/1812/1797 1760/1760/1745 1813/1813/1798
f 1811/1811/1796 1812/1812/1797 1813/1813/1798
f 1637/1637/1627 1813/1813/1798 1760/1760/1745
f 1810/1810/1795 1811/1811/1796 1814/1814/1799
f 1813/1813/1798 1814/1814/1799 1811/1811/1796
f 1813/1813/1798 1637/1637/1627 1815/1815/1800
f 1814/1814/1799 1813/1813/1798 1815/1815/1800
f 1639/1639/1629 1815/1815/1800 1637/1637/1627
f 1814/1814/1799 1644/1644/1634 1810/1810/1795
f 1644/1644/1634 1648/1648/1638 1810/1810/1795
f 1815/1815/1800 1641/1641/1631 1814/1814/1799
f 1644/1644/1634 1814/1814/1799 1641/1641/1631
f 1641/1641/1631 1815/1815/1800 1642/1642/1632
f 1815/1815/1800 1639/1639/1629 1642/1642/1632
f 1133/1133/1126 1124/1124/1117 1816/1816/1801
f 1124/1124/1117 1123/1123/1116 1816/1816/1801
f 1817/1817/1802 1133/1133/1126 1816/1816/1801
f 1818/1818/1803 1816/1816/1801 1123/1123/1116
f 1816/1816/1801 1818/1818/1803 1817/1817/1802
f 1123/1123/1116 1819/1819/1804 1818/1818/1803
f 1819/1819/1804 1123/1123/1116 1122/1122/1115
f 1122/1122/1115 1120/1120/1113 1819/1819/1804
f 1133/1133/1126 1817/1817/1802 1820/1820/1805
f 1328/1328/1319 1133/1133/1126 1820/1820/1805
f 1327/1327/1318 1328/1328/1319 1820/1820/1805
f 1817/1817/1802 1821/1821/1806 1820/1820/1805
f 1820/1820/1805 1821/1821/1806 1327/1327/1318
f 1817/1817/1802 1822/1822/1807 1821/1821/1806
f 1822/1822/1807 1817/1817/1802 1818/1818/1803
f 1823/1823/1808 1327/1327/1318 1821/1821/1806
f 1822/1822/1807 1823/1823/1808 1821/1821/1806
f 1818/1818/1803 1824/1824/1809 1822/1822/1807
f 1819/1819/1804 1824/1824/1809 1818/1818/1803
f 1823/1823/1808 1822/1822/1807 1825/1825/1810
f 1824/1824/1809 1825/1825/1810 1822/1822/1807
f 1823/1823/1808 1826/1826/1811 1327/1327/1318
f 1326/1326/1317 1327/1327/1318 1826/1826/1811
f 1819/1819/1804 1827/1827/1812 1824/1824/1809
f 1120/1120/1113 1827/1827/1812 1819/1819/1804
f 1828/1828/1813 1326/1326/1317 1826/1826/1811
f 1828/1828/1813 1325/1325/1316 1326/1326/1317
f 1829/1829/1814 1826/1826/1811 1823/1823/1808
f 1829/1829/1814 1828/1828/1813 1826/1826/1811
f 1120/1120/1113 1830/1830/1815 1827/1827/1812
f 1116/1116/1109 1830/1830/1815 1120/1120/1113
f 1116/1116/1109 1117/1117/1110 1830/1830/1815
f 1827/1827/1812 1830/1830/1815 1831/1831/1816
f 1117/1117/1110 1831/1831/1816 1830/1830/1815
f 1831/1831/1816 1832/1832/1817 1827/1827/1812
f 1824/1824/1809 1827/1827/1812 1832/1832/1817
f 1831/1831/1816 1117/1117/1110 1833/1833/1818
f 1833/1833/1818 1117/1117/1110 1834/1834/1819
f 1117/1117/1110 1102/1102/1095 1834/1834/1819
f 1835/1835/1820 1831/1831/1816 1833/1833/1818
f 1835/1835/1820 1832/1832/1817 1831/1831/1816
f 1834/1834/1819 1102/1102/1095 1100/1100/1093
f 1835/1835/1820 1833/1833/1818 1836/1836/1821
f 1836/1836/1821 1833/1833/1818 1834/1834/1819
f 1832/1832/1817 1837/1837/1822 1824/1824/1809
f 1825/1825/1810 1824/1824/1809 1837/1837/1822
f 1832/1832/1817 1835/1835/1820 1838/1838/1823
f 1839/1839/1824 1837/1837/1822 1832/1832/1817
f 1839/1839/1824 1832/1832/1817 1838/1838/1823
f 1840/1840/1825 1838/1838/1823 1835/1835/1820
f 1840/1840/1825 1835/1835/1820 1836/1836/1821
f 1841/1841/1826 1825/1825/1810 1837/1837/1822
f 1841/1841/1826 1837/1837/1822 1839/1839/1824
f 1841/1841/1826 1842/1842/1827 1825/1825/1810
f 1842/1842/1827 1823/1823/1808 1825/1825/1810
f 1842/1842/1827 1829/1829/1814 1823/1823/1808
f 1838/1838/1823 1840/1840/1825 1843/1843/1828
f 1843/1843/1828 1839/1839/1824 1838/1838/1823
f 1844/1844/1829 1842/1842/1827 1841/1841/1826
f 1845/1845/1830 1829/1829/1814 1842/1842/1827
f 1844/1844/1829 1845/1845/1830 1842/1842/1827
f 1845/1845/1830 1846/1846/1831 1829/1829/1814
f 1846/1846/1831 1828/1828/1813 1829/1829/1814
f 1847/1847/1832 1841/1841/1826 1839/1839/1824
f 1847/1847/1832 1844/1844/1829 1841/1841/1826
f 1839/1839/1824 1843/1843/1828 1848/1848/1833
f 1847/1847/1832 1839/1839/1824 1848/1848/1833
f 1846/1846/1831 1849/1849/1834 1828/1828/1813
f 1849/1849/1834 1325/1325/1316 1828/1828/1813
f 1849/1849/1834 1317/1317/1308 1325/1325/1316
f 1850/1850/1835 1848/1848/1833 1843/1843/1828
f 1851/1851/1836 1844/1844/1829 1847/1847/1832
f 1851/1851/1836 1845/1845/1830 1844/1844/1829
f 1852/1852/1837 1847/1847/1832 1848/1848/1833
f 1851/1851/1836 1847/1847/1832 1852/1852/1837
f 1852/1852/1837 1848/1848/1833 1853/1853/1838
f 1848/1848/1833 1850/1850/1835 1853/1853/1838
f 1854/1854/1839 1851/1851/1836 1852/1852/1837
f 1845/1845/1830 1851/1851/1836 1855/1855/1840
f 1854/1854/1839 1855/1855/1840 1851/1851/1836
f 1855/1855/1840 1846/1846/1831 1845/1845/1830
f 1854/1854/1839 1852/1852/1837 1856/1856/1841
f 1856/1856/1841 1852/1852/1837 1853/1853/1838
f 1855/1855/1840 1854/1854/1839 1857/1857/1842
f 1846/1846/1831 1855/1855/1840 1858/1858/1843
f 1857/1857/1842 1858/1858/1843 1855/1855/1840
f 1858/1858/1843 1849/1849/1834 1846/1846/1831
f 1859/1859/1844 1857/1857/1842 1854/1854/1839
f 1859/1859/1844 1854/1854/1839 1856/1856/1841
f 1858/1858/1843 1857/1857/1842 1860/1860/1845
f 1849/1849/1834 1858/1858/1843 1861/1861/1846
f 1860/1860/1845 1861/1861/1846 1858/1858/1843
f 1861/1861/1846 1317/1317/1308 1849/1849/1834
f 1862/1862/1847 1860/1860/1845 1857/1857/1842
f 1857/1857/1842 1859/1859/1844 1862/1862/1847
f 1861/1861/1846 1860/1860/1845 1863/1863/1848
f 1317/1317/1308 1861/1861/1846 1864/1864/1849
f 1863/1863/1848 1864/1864/1849 1861/1861/1846
f 1864/1864/1849 1318/1318/1309 1317/1317/1308
f 1865/1865/1850 1318/1318/1309 1864/1864/1849
f 1866/1866/1851 1865/1865/1850 1864/1864/1849
f 1864/1864/1849 1863/1863/1848 1866/1866/1851
f 1867/1867/1852 1865/1865/1850 1866/1866/1851
f 1868/1868/1853 1863/1863/1848 1860/1860/1845
f 1860/1860/1845 1862/1862/1847 1868/1868/1853
f 1869/1869/1854 1866/1866/1851 1863/1863/1848
f 1863/1863/1848 1868/1868/1853 1869/1869/1854
f 1870/1870/1855 1867/1867/1852 1866/1866/1851
f 1866/1866/1851 1869/1869/1854 1870/1870/1855
f 1871/1871/1856 1867/1867/1852 1870/1870/1855
f 1871/1871/1856 1872/1872/1857 1867/1867/1852
f 1873/1873/1858 1872/1872/1857 1871/1871/1856
f 1874/1874/1859 1873/1873/1858 1871/1871/1856
f 1875/1875/1860 1871/1871/1856 1870/1870/1855
f 1874/1874/1859 1871/1871/1856 1875/1875/1860
f 1874/1874/1859 1876/1876/1861 1873/1873/1858
f 1870/1870/1855 1877/1877/1862 1875/1875/1860
f 1877/1877/1862 1870/1870/1855 1869/1869/1854
f 1878/1878/1863 1874/1874/1859 1875/1875/1860
f 1879/1879/1864 1875/1875/1860 1877/1877/1862
f 1875/1875/1860 1879/1879/1864 1878/1878/1863
f 1869/1869/1854 1880/1880/1865 1877/1877/1862
f 1880/1880/1865 1869/1869/1854 1868/1868/1853
f 1881/1881/1866 1877/1877/1862 1880/1880/1865
f 1877/1877/1862 1881/1881/1866 1879/1879/1864
f 1882/1882/1867 1883/1883/1868 1884/1884/1869
f 1884/1884/1869 1885/1885/1870 1882/1882/1867
f 1883/1883/1868 1882/1882/1867 1886/1886/1871
f 1887/1887/1872 1883/1883/1868 1886/1886/1871
f 1888/1888/1873 1882/1882/1867 1885/1885/1870
f 1889/1889/1874 1887/1887/1872 1886/1886/1871
f 1887/1887/1872 1889/1889/1874 1890/1890/1875
f 1891/1891/1876 1890/1890/1875 1889/1889/1874
f 1892/1892/1877 1886/1886/1871 1882/1882/1867
f 1886/1886/1871 1892/1892/1877 1889/1889/1874
f 1882/1882/1867 1888/1888/1873 1892/1892/1877
f 1891/1891/1876 1889/1889/1874 1893/1893/1878
f 1893/1893/1878 1889/1889/1874 1892/1892/1877
f 1888/1888/1873 1893/1893/1878 1892/1892/1877
f 1893/1893/1878 1888/1888/1873 1894/1894/1879
f 1895/1895/1880 1893/1893/1878 1894/1894/1879
f 1894/1894/1879 1888/1888/1873 1896/1896/1881
f 1896/1896/1881 1895/1895/1880 1894/1894/1879
f 1885/1885/1870 1897/1897/1882 1888/1888/1873
f 1896/1896/1881 1888/1888/1873 1897/1897/1882
f 1897/1897/1882 1885/1885/1870 1898/1898/1883
f 1895/1895/1880 1896/1896/1881 1899/1899/1884
f 1899/1899/1884 1900/1900/1885 1895/1895/1880
f 1896/1896/1881 1897/1897/1882 1901/1901/1886
f 1901/1901/1886 1899/1899/1884 1896/1896/1881
f 1898/1898/1883 1902/1902/1887 1897/1897/1882
f 1901/1901/1886 1897/1897/1882 1902/1902/1887
f 1902/1902/1887 1898/1898/1883 1903/1903/1888
f 1901/1901/1886 1902/1902/1887 1904/1904/1889
f 1903/1903/1888 1905/1905/1890 1902/1902/1887
f 1904/1904/1889 1902/1902/1887 1905/1905/1890
f 1905/1905/1890 1903/1903/1888 1906/1906/1891
f 1900/1900/1885 1899/1899/1884 1907/1907/1892
f 1899/1899/1884 1901/1901/1886 1908/1908/1893
f 1904/1904/1889 1908/1908/1893 1901/1901/1886
f 1908/1908/1893 1907/1907/1892 1899/1899/1884
f 1907/1907/1892 1909/1909/1894 1900/1900/1885
f 1906/1906/1891 1910/1910/1895 1905/1905/1890
f 1910/1910/1895 1906/1906/1891 1911/1911/1896
f 1904/1904/1889 1905/1905/1890 1912/1912/1897
f 1912/1912/1897 1905/1905/1890 1910/1910/1895
f 1908/1908/1893 1904/1904/1889 1913/1913/1898
f 1914/1914/1899 1904/1904/1889 1912/1912/1897
f 1914/1914/1899 1913/1913/1898 1904/1904/1889
f 1913/1913/1898 1915/1915/1900 1908/1908/1893
f 1907/1907/1892 1908/1908/1893 1915/1915/1900
f 1914/1914/1899 1916/1916/1901 1913/1913/1898
f 1915/1915/1900 1913/1913/1898 1916/1916/1901
f 1425/1425/1415 1917/1917/1902 1918/1918/1903
f 1919/1919/1904 1918/1918/1903 1917/1917/1902
f 1917/1917/1902 1425/1425/1415 1075/1075/1068
f 1920/1920/1905 1921/1921/1906 1919/1919/1904
f 1917/1917/1902 1920/1920/1905 1919/1919/1904
f 1075/1075/1068 1922/1922/1907 1917/1917/1902
f 1920/1920/1905 1917/1917/1902 1922/1922/1907
f 1922/1922/1907 1075/1075/1068 1072/1072/1065
f 1072/1072/1065 1074/1074/1067 1922/1922/1907
f 1922/1922/1907 1923/1923/1908 1920/1920/1905
f 1923/1923/1908 1922/1922/1907 1074/1074/1067
f 1920/1920/1905 1924/1924/1909 1921/1921/1906
f 1923/1923/1908 1924/1924/1909 1920/1920/1905
f 1924/1924/1909 1925/1925/1910 1921/1921/1906
f 1926/1926/1911 1921/1921/1906 1925/1925/1910
f 1925/1925/1910 1927/1927/1912 1926/1926/1911
f 1074/1074/1067 1592/1592/1582 1923/1923/1908
f 1592/1592/1582 1074/1074/1067 1071/1071/1064
f 1923/1923/1908 1595/1595/1585 1924/1924/1909
f 1592/1592/1582 1595/1595/1585 1923/1923/1908
f 1925/1925/1910 1924/1924/1909 1598/1598/1588
f 1595/1595/1585 1598/1598/1588 1924/1924/1909
f 1927/1927/1912 1925/1925/1910 1928/1928/1913
f 1598/1598/1588 1928/1928/1913 1925/1925/1910
f 1929/1929/1914 1927/1927/1912 1928/1928/1913
f 1930/1930/1915 1927/1927/1912 1929/1929/1914
f 1928/1928/1913 1598/1598/1588 1599/1599/1589
f 1931/1931/1916 1930/1930/1915 1929/1929/1914
f 1932/1932/1917 1930/1930/1915 1931/1931/1916
f 1929/1929/1914 1928/1928/1913 1605/1605/1595
f 1605/1605/1595 1928/1928/1913 1599/1599/1589
f 1931/1931/1916 1929/1929/1914 1636/1636/1626
f 1636/1636/1626 1929/1929/1914 1605/1605/1595
f 1933/1933/1918 1932/1932/1917 1931/1931/1916
f 1934/1934/1919 1932/1932/1917 1933/1933/1918
f 1935/1935/1920 1931/1931/1916 1636/1636/1626
f 1933/1933/1918 1931/1931/1916 1935/1935/1920
f 1936/1936/1921 1934/1934/1919 1933/1933/1918
f 1937/1937/1922 1934/1934/1919 1936/1936/1921
f 1938/1938/1923 1933/1933/1918 1935/1935/1920
f 1936/1936/1921 1933/1933/1918 1938/1938/1923
f 1935/1935/1920 1636/1636/1626 1634/1634/1624
f 1939/1939/1924 1937/1937/1922 1936/1936/1921
f 1938/1938/1923 1935/1935/1920 1940/1940/1925
f 1940/1940/1925 1935/1935/1920 1634/1634/1624
f 1941/1941/1926 1936/1936/1921 1938/1938/1923
f 1939/1939/1924 1936/1936/1921 1941/1941/1926
f 1942/1942/1927 1938/1938/1923 1940/1940/1925
f 1941/1941/1926 1938/1938/1923 1942/1942/1927
f 1943/1943/1928 1937/1937/1922 1939/1939/1924
f 1943/1943/1928 1944/1944/1929 1937/1937/1922
f 1945/1945/1930 1939/1939/1924 1941/1941/1926
f 1946/1946/1931 1941/1941/1926 1942/1942/1927
f 1941/1941/1926 1946/1946/1931 1945/1945/1930
f 1942/1942/1927 1940/1940/1925 1947/1947/1932
f 1946/1946/1931 1942/1942/1927 1947/1947/1932
f 1948/1948/1933 1943/1943/1928 1939/1939/1924
f 1939/1939/1924 1945/1945/1930 1948/1948/1933
f 1949/1949/1934 1944/1944/1929 1943/1943/1928
f 1949/1949/1934 1950/1950/1935 1944/1944/1929
f 1943/1943/1928 1948/1948/1933 1951/1951/1936
f 1951/1951/1936 1949/1949/1934 1943/1943/1928
f 1952/1952/1937 1948/1948/1933 1945/1945/1930
f 1952/1952/1937 1951/1951/1936 1948/1948/1933
f 1953/1953/1938 1945/1945/1930 1946/1946/1931
f 1952/1952/1937 1945/1945/1930 1953/1953/1938
f 1949/1949/1934 1951/1951/1936 1954/1954/1939
f 1951/1951/1936 1952/1952/1937 1955/1955/1940
f 1955/1955/1940 1954/1954/1939 1951/1951/1936
f 1953/1953/1938 1956/1956/1941 1952/1952/1937
f 1955/1955/1940 1952/1952/1937 1956/1956/1941
f 1953/1953/1938 1946/1946/1931 1957/1957/1942
f 1958/1958/1943 1950/1950/1935 1949/1949/1934
f 1954/1954/1939 1958/1958/1943 1949/1949/1934
f 1958/1958/1943 1959/1959/1944 1950/1950/1935
f 1960/1960/1945 1950/1950/1935 1959/1959/1944
f 1961/1961/1946 1960/1960/1945 1959/1959/1944
f 1962/1962/1947 1961/1961/1946 1959/1959/1944
f 1962/1962/1947 1959/1959/1944 1958/1958/1943
f 1963/1963/1948 1961/1961/1946 1962/1962/1947
f 1958/1958/1943 1954/1954/1939 1964/1964/1949
f 1964/1964/1949 1962/1962/1947 1958/1958/1943
f 1965/1965/1950 1963/1963/1948 1962/1962/1947
f 1962/1962/1947 1964/1964/1949 1965/1965/1950
f 1963/1963/1948 1965/1965/1950 1966/1966/1951
f 1967/1967/1952 1963/1963/1948 1966/1966/1951
f 1968/1968/1953 1965/1965/1950 1964/1964/1949
f 1968/1968/1953 1964/1964/1949 1954/1954/1939
f 1969/1969/1954 1966/1966/1951 1965/1965/1950
f 1965/1965/1950 1968/1968/1953 1969/1969/1954
f 1970/1970/1955 1967/1967/1952 1966/1966/1951
f 1966/1966/1951 1969/1969/1954 1970/1970/1955
f 1967/1967/1952 1970/1970/1955 1971/1971/1956
f 1968/1968/1953 1972/1972/1957 1969/1969/1954
f 1970/1970/1955 1969/1969/1954 1972/1972/1957
f 1971/1971/1956 1970/1970/1955 1973/1973/1958
f 1973/1973/1958 1970/1970/1955 1972/1972/1957
f 1974/1974/1959 1975/1975/1960 1976/1976/1961
f 1975/1975/1960 1977/1977/1962 1976/1976/1961
f 1976/1976/1961 1978/1978/1963 1974/1974/1959
f 1978/1978/1963 1976/1976/1961 1979/1979/1964
f 1977/1977/1962 1979/1979/1964 1976/1976/1961
f 1979/1979/1964 1756/1756/1741 1978/1978/1963
f 1980/1980/1965 1978/1978/1963 1756/1756/1741
f 1756/1756/1741 1979/1979/1964 1755/1755/1740
f 1981/1981/1966 1978/1978/1963 1980/1980/1965
f 1981/1981/1966 1974/1974/1959 1978/1978/1963
f 1980/1980/1965 1982/1982/1967 1981/1981/1966
f 1983/1983/1968 1755/1755/1740 1979/1979/1964
f 1979/1979/1964 1977/1977/1962 1983/1983/1968
f 1755/1755/1740 1983/1983/1968 1757/1757/1742
f 1638/1638/1628 1757/1757/1742 1983/1983/1968
f 1977/1977/1962 1638/1638/1628 1983/1983/1968
f 1638/1638/1628 1977/1977/1962 1646/1646/1636
f 1982/1982/1967 1984/1984/1969 1981/1981/1966
f 1984/1984/1969 1974/1974/1959 1981/1981/1966
f 1985/1985/1970 1984/1984/1969 1982/1982/1967
f 1982/1982/1967 1986/1986/1971 1985/1985/1970
f 1987/1987/1972 1646/1646/1636 1977/1977/1962
f 1988/1988/1973 1984/1984/1969 1985/1985/1970
f 1977/1977/1962 1975/1975/1960 1987/1987/1972
f 1989/1989/1974 1974/1974/1959 1984/1984/1969
f 1984/1984/1969 1988/1988/1973 1989/1989/1974
f 1975/1975/1960 1974/1974/1959 1990/1990/1975
f 1974/1974/1959 1989/1989/1974 1990/1990/1975
f 1646/1646/1636 1987/1987/1972 1991/1991/1976
f 1991/1991/1976 1645/1645/1635 1646/1646/1636
f 1975/1975/1960 1992/1992/1977 1987/1987/1972
f 1645/1645/1635 1991/1991/1976 1993/1993/1978
f 1993/1993/1978 1640/1640/1630 1645/1645/1635
f 1640/1640/1630 1993/1993/1978 1649/1649/1639
f 1993/1993/1978 1671/1671/1659 1649/1649/1639
f 1671/1671/1659 1993/1993/1978 1994/1994/1979
f 1991/1991/1976 1994/1994/1979 1993/1993/1978
f 1994/1994/1979 1676/1676/1664 1671/1671/1659
f 1987/1987/1972 1995/1995/1980 1991/1991/1976
f 1994/1994/1979 1991/1991/1976 1995/1995/1980
f 1995/1995/1980 1987/1987/1972 1992/1992/1977
f 1676/1676/1664 1994/1994/1979 1996/1996/1981
f 1995/1995/1980 1996/1996/1981 1994/1994/1979
f 1996/1996/1981 1681/1681/1668 1676/1676/1664
f 1992/1992/1977 1997/1997/1982 1995/1995/1980
f 1996/1996/1981 1995/1995/1980 1997/1997/1982
f 1681/1681/1668 1996/1996/1981 1998/1998/1983
f 1997/1997/1982 1998/1998/1983 1996/1996/1981
f 1998/1998/1983 1686/1686/1672 1681/1681/1668
f 1686/1686/1672 1998/1998/1983 1999/1999/1984
f 1999/1999/1984 1691/1691/1677 1686/1686/1672
f 1998/1998/1983 1997/1997/1982 2000/2000/1985
f 2000/2000/1985 1999/1999/1984 1998/1998/1983
f 1997/1997/1982 1992/1992/1977 2001/2001/1986
f 2001/2001/1986 2000/2000/1985 1997/1997/1982
f 2002/2002/1987 2001/2001/1986 1992/1992/1977
f 1992/1992/1977 1975/1975/1960 2002/2002/1987
f 1990/1990/1975 2002/2002/1987 1975/1975/1960
f 1691/1691/1677 1999/1999/1984 2003/2003/1988
f 2003/2003/1988 1696/1696/1682 1691/1691/1677
f 1999/1999/1984 2000/2000/1985 2004/2004/1989
f 2004/2004/1989 2003/2003/1988 1999/1999/1984
f 2002/2002/1987 1990/1990/1975 2005/2005/1990
f 1989/1989/1974 2005/2005/1990 1990/1990/1975
f 2005/2005/1990 2006/2006/1991 2002/2002/1987
f 2001/2001/1986 2002/2002/1987 2006/2006/1991
f 2007/2007/1992 2005/2005/1990 1989/1989/1974
f 2000/2000/1985 2001/2001/1986 2008/2008/1993
f 2006/2006/1991 2008/2008/1993 2001/2001/1986
f 2008/2008/1993 2004/2004/1989 2000/2000/1985
f 2006/2006/1991 2005/2005/1990 2009/2009/1994
f 2007/2007/1992 2009/2009/1994 2005/2005/1990
f 2008/2008/1993 2006/2006/1991 2010/2010/1995
f 2009/2009/1994 2010/2010/1995 2006/2006/1991
f 1988/1988/1973 2007/2007/1992 1989/1989/1974
f 2010/2010/1995 2011/2011/1996 2008/2008/1993
f 2004/2004/1989 2008/2008/1993 2011/2011/1996
f 2010/2010/1995 2009/2009/1994 2012/2012/1997
f 2011/2011/1996 2013/2013/1998 2004/2004/1989
f 2003/2003/1988 2004/2004/1989 2013/2013/1998
f 2011/2011/1996 2010/2010/1995 2014/2014/1999
f 2012/2012/1997 2014/2014/1999 2010/2010/1995
f 2013/2013/1998 2011/2011/1996 2015/2015/2000
f 2014/2014/1999 2015/2015/2000 2011/2011/1996
f 2013/2013/1998 2016/2016/2001 2003/2003/1988
f 1696/1696/1682 2003/2003/1988 2016/2016/2001
f 2016/2016/2001 1701/1701/1687 1696/1696/1682
f 2016/2016/2001 2013/2013/1998 2017/2017/2002
f 2015/2015/2000 2017/2017/2002 2013/2013/1998
f 1701/1701/1687 2016/2016/2001 2018/2018/2003
f 2017/2017/2002 2018/2018/2003 2016/2016/2001
f 2018/2018/2003 1706/1706/1692 1701/1701/1687
f 1706/1706/1692 2018/2018/2003 2019/2019/2004
f 2019/2019/2004 1711/1711/1697 1706/1706/1692
f 2018/2018/2003 2017/2017/2002 2020/2020/2005
f 2020/2020/2005 2019/2019/2004 2018/2018/2003
f 2017/2017/2002 2015/2015/2000 2021/2021/2006
f 2021/2021/2006 2020/2020/2005 2017/2017/2002
f 2022/2022/2007 2021/2021/2006 2015/2015/2000
f 2015/2015/2000 2014/2014/1999 2022/2022/2007
f 1711/1711/1697 2019/2019/2004 2023/2023/2008
f 2023/2023/2008 1716/1716/1702 1711/1711/1697
f 2019/2019/2004 2020/2020/2005 2024/2024/2009
f 2024/2024/2009 2023/2023/2008 2019/2019/2004
f 2020/2020/2005 2021/2021/2006 2025/2025/2010
f 2025/2025/2010 2024/2024/2009 2020/2020/2005
f 1911/1911/1896 2025/2025/2010 2021/2021/2006
f 2021/2021/2006 2022/2022/2007 1911/1911/1896
f 1716/1716/1702 2023/2023/2008 2026/2026/2011
f 2026/2026/2011 1721/1721/1707 1716/1716/1702
f 2023/2023/2008 2024/2024/2009 2027/2027/2012
f 2027/2027/2012 2026/2026/2011 2023/2023/2008
f 2024/2024/2009 2025/2025/2010 2028/2028/2013
f 2028/2028/2013 2027/2027/2012 2024/2024/2009
f 1906/1906/1891 2028/2028/2013 2025/2025/2010
f 2025/2025/2010 1911/1911/1896 1906/1906/1891
f 1721/1721/1707 2026/2026/2011 2029/2029/2014
f 2029/2029/2014 1726/1726/1712 1721/1721/1707
f 1726/1726/1712 2029/2029/2014 2030/2030/2015
f 2031/2031/2016 2029/2029/2014 2026/2026/2011
f 2026/2026/2011 2027/2027/2012 2031/2031/2016
f 2032/2032/2017 2030/2030/2015 2029/2029/2014
f 2029/2029/2014 2031/2031/2016 2032/2032/2017
f 2030/2030/2015 2032/2032/2017 2033/2033/2018
f 2034/2034/2019 2031/2031/2016 2027/2027/2012
f 2027/2027/2012 2028/2028/2013 2034/2034/2019
f 2035/2035/2020 2032/2032/2017 2031/2031/2016
f 2031/2031/2016 2034/2034/2019 2035/2035/2020
f 1884/1884/1869 2033/2033/2018 2032/2032/2017
f 2032/2032/2017 2035/2035/2020 1884/1884/1869
f 2033/2033/2018 1884/1884/1869 1883/1883/1868
f 1903/1903/1888 2034/2034/2019 2028/2028/2013
f 2028/2028/2013 1906/1906/1891 1903/1903/1888
f 1898/1898/1883 2035/2035/2020 2034/2034/2019
f 2034/2034/2019 1903/1903/1888 1898/1898/1883
f 1885/1885/1870 1884/1884/1869 2035/2035/2020
f 2035/2035/2020 1898/1898/1883 1885/1885/1870
f 2036/2036/2021 2037/2037/2022 2038/2038/2023
f 2038/2038/2023 2039/2039/2024 2036/2036/2021
f 2040/2040/2025 2041/2041/2026 2037/2037/2022
f 2037/2037/2022 2036/2036/2021 2040/2040/2025
f 2042/2042/2027 2036/2036/2021 2039/2039/2024
f 2043/2043/2028 2040/2040/2025 2036/2036/2021
f 2036/2036/2021 2042/2042/2027 2043/2043/2028
f 2039/2039/2024 2044/2044/2029 2042/2042/2027
f 2039/2039/2024 2045/2045/2030 2044/2044/2029
f 2042/2042/2027 2044/2044/2029 2046/2046/2031
f 2045/2045/2030 2047/2047/2032 2044/2044/2029
f 2044/2044/2029 2047/2047/2032 2046/2046/2031
f 2042/2042/2027 2046/2046/2031 2048/2048/2033
f 2048/2048/2033 2043/2043/2028 2042/2042/2027
f 2046/2046/2031 2047/2047/2032 2049/2049/2034
f 2047/2047/2032 2045/2045/2030 2050/2050/2035
f 2048/2048/2033 2046/2046/2031 2051/2051/2036
f 2046/2046/2031 2049/2049/2034 2051/2051/2036
f 2052/2052/2037 2049/2049/2034 2047/2047/2032
f 2050/2050/2035 2052/2052/2037 2047/2047/2032
f 2045/2045/2030 2053/2053/2038 2050/2050/2035
f 2054/2054/2039 2053/2053/2038 2045/2045/2030
f 2054/2054/2039 2055/2055/2040 2053/2053/2038
f 2056/2056/2041 2055/2055/2040 2054/2054/2039
f 2056/2056/2041 1743/1743/1728 2055/2055/2040
f 2057/2057/2042 2053/2053/2038 2055/2055/2040
f 2058/2058/2043 2050/2050/2035 2053/2053/2038
f 2053/2053/2038 2057/2057/2042 2058/2058/2043
f 2050/2050/2035 2058/2058/2043 2059/2059/2044
f 2052/2052/2037 2050/2050/2035 2059/2059/2044
f 2060/2060/2045 2055/2055/2040 1743/1743/1728
f 2055/2055/2040 2060/2060/2045 2057/2057/2042
f 1743/1743/1728 1742/1742/1727 2060/2060/2045
f 2061/2061/2046 2058/2058/2043 2057/2057/2042
f 2062/2062/2047 2057/2057/2042 2060/2060/2045
f 2057/2057/2042 2062/2062/2047 2061/2061/2046
f 2060/2060/2045 1749/1749/1734 2062/2062/2047
f 1749/1749/1734 2060/2060/2045 1742/1742/1727
f 1762/1762/1747 2061/2061/2046 2062/2062/2047
f 1749/1749/1734 1762/1762/1747 2062/2062/2047
f 2058/2058/2043 2061/2061/2046 2063/2063/2048
f 2063/2063/2048 2059/2059/2044 2058/2058/2043
f 2064/2064/2049 2063/2063/2048 2061/2061/2046
f 2061/2061/2046 1762/1762/1747 2064/2064/2049
f 2059/2059/2044 2063/2063/2048 2065/2065/2050
f 2063/2063/2048 2064/2064/2049 2066/2066/2051
f 2066/2066/2051 2065/2065/2050 2063/2063/2048
f 1762/1762/1747 1764/1764/1749 2064/2064/2049
f 1764/1764/1749 2066/2066/2051 2064/2064/2049
f 2067/2067/2052 2059/2059/2044 2065/2065/2050
f 2059/2059/2044 2067/2067/2052 2052/2052/2037
f 2065/2065/2050 2066/2066/2051 2068/2068/2053
f 2066/2066/2051 1764/1764/1749 1767/1767/1752
f 1767/1767/1752 2068/2068/2053 2066/2066/2051
f 2069/2069/2054 2065/2065/2050 2068/2068/2053
f 2065/2065/2050 2069/2069/2054 2067/2067/2052
f 2068/2068/2053 1767/1767/1752 1772/1772/1757
f 2068/2068/2053 2070/2070/2055 2069/2069/2054
f 2070/2070/2055 2068/2068/2053 1772/1772/1757
f 2071/2071/2056 2067/2067/2052 2069/2069/2054
f 2072/2072/2057 2069/2069/2054 2070/2070/2055
f 2069/2069/2054 2072/2072/2057 2071/2071/2056
f 1772/1772/1757 2073/2073/2058 2070/2070/2055
f 2070/2070/2055 2074/2074/2059 2072/2072/2057
f 2074/2074/2059 2070/2070/2055 2073/2073/2058
f 2073/2073/2058 1772/1772/1757 1773/1773/1758
f 2075/2075/2060 2072/2072/2057 2074/2074/2059
f 2073/2073/2058 2076/2076/2061 2074/2074/2059
f 2072/2072/2057 2075/2075/2060 2077/2077/2062
f 2077/2077/2062 2071/2071/2056 2072/2072/2057
f 2074/2074/2059 2078/2078/2063 2075/2075/2060
f 2078/2078/2063 2074/2074/2059 2076/2076/2061
f 2075/2075/2060 2079/2079/2064 2077/2077/2062
f 2078/2078/2063 2080/2080/2065 2075/2075/2060
f 2079/2079/2064 2075/2075/2060 2080/2080/2065
f 2076/2076/2061 2073/2073/2058 1777/1777/1762
f 1773/1773/1758 1777/1777/1762 2073/2073/2058
f 2076/2076/2061 2081/2081/2066 2078/2078/2063
f 2080/2080/2065 2078/2078/2063 2082/2082/2067
f 2081/2081/2066 2082/2082/2067 2078/2078/2063
f 1868/1868/1853 2083/2083/2068 1880/1880/1865
f 2083/2083/2068 1868/1868/1853 1862/1862/1847
f 1880/1880/1865 2084/2084/2069 1881/1881/1866
f 2084/2084/2069 1880/1880/1865 2083/2083/2068
f 2085/2085/2070 1879/1879/1864 1881/1881/1866
f 2084/2084/2069 2085/2085/2070 1881/1881/1866
f 1862/1862/1847 2086/2086/2071 2083/2083/2068
f 2084/2084/2069 2083/2083/2068 2086/2086/2071
f 2086/2086/2071 1862/1862/1847 1859/1859/1844
f 2086/2086/2071 1859/1859/1844 2087/2087/2072
f 1859/1859/1844 1856/1856/1841 2087/2087/2072
f 2088/2088/2073 2084/2084/2069 2086/2086/2071
f 2087/2087/2072 1856/1856/1841 2089/2089/2074
f 1856/1856/1841 1853/1853/1838 2089/2089/2074
f 2089/2089/2074 1853/1853/1838 1850/1850/1835
f 2086/2086/2071 2087/2087/2072 2090/2090/2075
f 2088/2088/2073 2086/2086/2071 2090/2090/2075
f 2087/2087/2072 2089/2089/2074 2091/2091/2076
f 2090/2090/2075 2087/2087/2072 2091/2091/2076
f 2089/2089/2074 1850/1850/1835 2092/2092/2077
f 2091/2091/2076 2089/2089/2074 2092/2092/2077
f 2090/2090/2075 2091/2091/2076 2093/2093/2078
f 2088/2088/2073 2090/2090/2075 2094/2094/2079
f 2094/2094/2079 2090/2090/2075 2093/2093/2078
f 2093/2093/2078 2091/2091/2076 2095/2095/2080
f 2091/2091/2076 2092/2092/2077 2095/2095/2080
f 2094/2094/2079 2093/2093/2078 2096/2096/2081
f 2094/2094/2079 2097/2097/2082 2088/2088/2073
f 2084/2084/2069 2088/2088/2073 2097/2097/2082
f 2097/2097/2082 2094/2094/2079 2098/2098/2083
f 2096/2096/2081 2098/2098/2083 2094/2094/2079
f 2097/2097/2082 2099/2099/2084 2084/2084/2069
f 2096/2096/2081 2093/2093/2078 2100/2100/2085
f 2093/2093/2078 2095/2095/2080 2100/2100/2085
f 2098/2098/2083 2101/2101/2086 2097/2097/2082
f 2101/2101/2086 2099/2099/2084 2097/2097/2082
f 2085/2085/2070 2084/2084/2069 2099/2099/2084
f 2095/2095/2080 1967/1967/1952 2100/2100/2085
f 2098/2098/2083 2096/2096/2081 2102/2102/2087
f 2096/2096/2081 2100/2100/2085 2103/2103/2088
f 2103/2103/2088 2102/2102/2087 2096/2096/2081
f 2100/2100/2085 1971/1971/1956 2103/2103/2088
f 1971/1971/1956 2100/2100/2085 1967/1967/1952
f 2103/2103/2088 1971/1971/1956 2104/2104/2089
f 1967/1967/1952 2095/2095/2080 2105/2105/2090
f 2092/2092/2077 2105/2105/2090 2095/2095/2080
f 1967/1967/1952 2105/2105/2090 1963/1963/1948
f 2105/2105/2090 2092/2092/2077 2106/2106/2091
f 1850/1850/1835 2106/2106/2091 2092/2092/2077
f 2105/2105/2090 2106/2106/2091 2107/2107/2092
f 2105/2105/2090 2107/2107/2092 1963/1963/1948
f 2106/2106/2091 1850/1850/1835 2108/2108/2093
f 1843/1843/1828 2108/2108/2093 1850/1850/1835
f 2108/2108/2093 1843/1843/1828 1840/1840/1825
f 2106/2106/2091 2108/2108/2093 2109/2109/2094
f 2106/2106/2091 2109/2109/2094 2107/2107/2092
f 2108/2108/2093 1840/1840/1825 2110/2110/2095
f 2108/2108/2093 2110/2110/2095 2109/2109/2094
f 1840/1840/1825 1836/1836/1821 2110/2110/2095
f 2109/2109/2094 2110/2110/2095 2111/2111/2096
f 1836/1836/1821 2111/2111/2096 2110/2110/2095
f 2107/2107/2092 2109/2109/2094 2112/2112/2097
f 2109/2109/2094 2111/2111/2096 2112/2112/2097
f 2111/2111/2096 1836/1836/1821 2113/2113/2098
f 1836/1836/1821 1834/1834/1819 2113/2113/2098
f 2111/2111/2096 1960/1960/1945 2112/2112/2097
f 2107/2107/2092 2112/2112/2097 1961/1961/1946
f 1961/1961/1946 2112/2112/2097 1960/1960/1945
f 1963/1963/1948 2107/2107/2092 1961/1961/1946
f 1834/1834/1819 2114/2114/2099 2113/2113/2098
f 2113/2113/2098 2115/2115/2100 2111/2111/2096
f 1960/1960/1945 2111/2111/2096 2115/2115/2100
f 2115/2115/2100 2113/2113/2098 2114/2114/2099
f 2114/2114/2099 1834/1834/1819 1100/1100/1093
f 2115/2115/2100 2116/2116/2101 1960/1960/1945
f 1100/1100/1093 2117/2117/2102 2114/2114/2099
f 2117/2117/2102 1100/1100/1093 1097/1097/1090
f 2114/2114/2099 2118/2118/2103 2115/2115/2100
f 2118/2118/2103 2114/2114/2099 2117/2117/2102
f 2116/2116/2101 2115/2115/2100 2118/2118/2103
f 1097/1097/1090 1098/1098/1091 2117/2117/2102
f 1950/1950/1935 1960/1960/1945 2116/2116/2101
f 2118/2118/2103 2119/2119/2104 2116/2116/2101
f 1950/1950/1935 2116/2116/2101 2119/2119/2104
f 2117/2117/2102 2120/2120/2105 2118/2118/2103
f 2120/2120/2105 2117/2117/2102 1098/1098/1091
f 2119/2119/2104 2118/2118/2103 2120/2120/2105
f 1098/1098/1091 2121/2121/2106 2120/2120/2105
f 2120/2120/2105 2122/2122/2107 2119/2119/2104
f 2122/2122/2107 2120/2120/2105 2121/2121/2106
f 2121/2121/2106 1098/1098/1091 1096/1096/1089
f 1944/1944/1929 2119/2119/2104 2122/2122/2107
f 1950/1950/1935 2119/2119/2104 1944/1944/1929
f 2121/2121/2106 1096/1096/1089 2123/2123/2108
f 1096/1096/1089 1094/1094/1087 2123/2123/2108
f 2122/2122/2107 2121/2121/2106 2124/2124/2109
f 2121/2121/2106 2123/2123/2108 2124/2124/2109
f 1944/1944/1929 2122/2122/2107 1937/1937/1922
f 2122/2122/2107 2124/2124/2109 1934/1934/1919
f 1937/1937/1922 2122/2122/2107 1934/1934/1919
f 2124/2124/2109 2123/2123/2108 2125/2125/2110
f 2123/2123/2108 1094/1094/1087 2126/2126/2111
f 2123/2123/2108 2126/2126/2111 2125/2125/2110
f 1094/1094/1087 2127/2127/2112 2126/2126/2111
f 2127/2127/2112 1094/1094/1087 1087/1087/1080
f 1087/1087/1080 1082/1082/1075 2127/2127/2112
f 2124/2124/2109 2125/2125/2110 1932/1932/1917
f 1934/1934/1919 2124/2124/2109 1932/1932/1917
f 2125/2125/2110 2126/2126/2111 2128/2128/2113
f 2129/2129/2114 2126/2126/2111 2127/2127/2112
f 2126/2126/2111 2129/2129/2114 2128/2128/2113
f 2130/2130/2115 2127/2127/2112 1082/1082/1075
f 2127/2127/2112 2130/2130/2115 2129/2129/2114
f 2131/2131/2116 2130/2130/2115 1082/1082/1075
f 2131/2131/2116 1082/1082/1075 1081/1081/1074
f 1435/1435/1425 2131/2131/2116 1081/1081/1074
f 2125/2125/2110 2128/2128/2113 1930/1930/1915
f 1932/1932/1917 2125/2125/2110 1930/1930/1915
f 1926/1926/1911 2128/2128/2113 2129/2129/2114
f 2132/2132/2117 2129/2129/2114 2130/2130/2115
f 2129/2129/2114 2132/2132/2117 1926/1926/1911
f 2133/2133/2118 2130/2130/2115 2131/2131/2116
f 2133/2133/2118 2132/2132/2117 2130/2130/2115
f 2134/2134/2119 2133/2133/2118 2131/2131/2116
f 2131/2131/2116 1435/1435/1425 2134/2134/2119
f 2128/2128/2113 1926/1926/1911 1927/1927/1912
f 1930/1930/1915 2128/2128/2113 1927/1927/1912
f 1921/1921/1906 1926/1926/1911 2132/2132/2117
f 1435/1435/1425 2135/2135/2120 2134/2134/2119
f 2135/2135/2120 1435/1435/1425 1426/1426/1416
f 1426/1426/1416 1420/1420/1410 2135/2135/2120
f 1420/1420/1410 1425/1425/1415 2135/2135/2120
f 2135/2135/2120 1918/1918/1903 2134/2134/2119
f 1918/1918/1903 2135/2135/2120 1425/1425/1415
f 2133/2133/2118 2134/2134/2119 1918/1918/1903
f 1919/1919/1904 2132/2132/2117 2133/2133/2118
f 1918/1918/1903 1919/1919/1904 2133/2133/2118
f 1919/1919/1904 1921/1921/1906 2132/2132/2117
f 2081/2081/2066 2076/2076/2061 1781/1781/1766
f 1777/1777/1762 1781/1781/1766 2076/2076/2061
f 2082/2082/2067 2081/2081/2066 967/967/962
f 1781/1781/1766 970/970/965 2081/2081/2066
f 2081/2081/2066 970/970/965 967/967/962
f 967/967/962 966/966/961 2082/2082/2067
f 2082/2082/2067 2136/2136/2121 2080/2080/2065
f 2136/2136/2121 2082/2082/2067 966/966/961
f 2137/2137/2122 2080/2080/2065 2136/2136/2121
f 2080/2080/2065 2137/2137/2122 2079/2079/2064
f 966/966/961 2138/2138/2123 2136/2136/2121
f 2136/2136/2121 2139/2139/2124 2137/2137/2122
f 2139/2139/2124 2136/2136/2121 2138/2138/2123
f 2140/2140/2125 2079/2079/2064 2137/2137/2122
f 2141/2141/2126 2137/2137/2122 2139/2139/2124
f 2137/2137/2122 2141/2141/2126 2140/2140/2125
f 2079/2079/2064 2140/2140/2125 2142/2142/2127
f 2142/2142/2127 2077/2077/2062 2079/2079/2064
f 2077/2077/2062 2142/2142/2127 2143/2143/2128
f 2071/2071/2056 2077/2077/2062 2143/2143/2128
f 2144/2144/2129 2142/2142/2127 2140/2140/2125
f 2145/2145/2130 2140/2140/2125 2141/2141/2126
f 2140/2140/2125 2145/2145/2130 2144/2144/2129
f 2146/2146/2131 2143/2143/2128 2142/2142/2127
f 2142/2142/2127 2144/2144/2129 2146/2146/2131
f 2147/2147/2132 2071/2071/2056 2143/2143/2128
f 2143/2143/2128 2146/2146/2131 2147/2147/2132
f 2071/2071/2056 2147/2147/2132 2148/2148/2133
f 2067/2067/2052 2071/2071/2056 2148/2148/2133
f 2148/2148/2133 2052/2052/2037 2067/2067/2052
f 2052/2052/2037 2148/2148/2133 2149/2149/2134
f 2049/2049/2034 2052/2052/2037 2149/2149/2134
f 2150/2150/2135 2148/2148/2133 2147/2147/2132
f 2148/2148/2133 2150/2150/2135 2149/2149/2134
f 2149/2149/2134 2151/2151/2136 2049/2049/2034
f 2151/2151/2136 2149/2149/2134 2150/2150/2135
f 2051/2051/2036 2049/2049/2034 2151/2151/2136
f 2147/2147/2132 2152/2152/2137 2150/2150/2135
f 2152/2152/2137 2147/2147/2132 2146/2146/2131
f 2150/2150/2135 2153/2153/2138 2151/2151/2136
f 2153/2153/2138 2150/2150/2135 2152/2152/2137
f 2051/2051/2036 2151/2151/2136 2154/2154/2139
f 2154/2154/2139 2151/2151/2136 2153/2153/2138
f 2155/2155/2140 2051/2051/2036 2154/2154/2139
f 2048/2048/2033 2051/2051/2036 2155/2155/2140
f 2146/2146/2131 2156/2156/2141 2152/2152/2137
f 2156/2156/2141 2146/2146/2131 2144/2144/2129
f 2152/2152/2137 2157/2157/2142 2153/2153/2138
f 2157/2157/2142 2152/2152/2137 2156/2156/2141
f 2154/2154/2139 2153/2153/2138 2158/2158/2143
f 2158/2158/2143 2153/2153/2138 2157/2157/2142
f 2159/2159/2144 2154/2154/2139 2158/2158/2143
f 2155/2155/2140 2154/2154/2139 2159/2159/2144
f 2144/2144/2129 2160/2160/2145 2156/2156/2141
f 2160/2160/2145 2144/2144/2129 2145/2145/2130
f 2156/2156/2141 2161/2161/2146 2157/2157/2142
f 2161/2161/2146 2156/2156/2141 2160/2160/2145
f 2158/2158/2143 2157/2157/2142 2162/2162/2147
f 2162/2162/2147 2157/2157/2142 2161/2161/2146
f 2163/2163/2148 2158/2158/2143 2162/2162/2147
f 2159/2159/2144 2158/2158/2143 2163/2163/2148
f 2162/2162/2147 2161/2161/2146 2164/2164/2149
f 2165/2165/2150 2161/2161/2146 2160/2160/2145
f 2163/2163/2148 2162/2162/2147 2166/2166/2151
f 2166/2166/2151 2162/2162/2147 2164/2164/2149
f 2164/2164/2149 2161/2161/2146 2167/2167/2152
f 2161/2161/2146 2165/2165/2150 2167/2167/2152
f 2166/2166/2151 2164/2164/2149 2168/2168/2153
f 2164/2164/2149 2167/2167/2152 2169/2169/2154
f 2168/2168/2153 2164/2164/2149 2169/2169/2154
f 2169/2169/2154 2167/2167/2152 2170/2170/2155
f 2165/2165/2150 2170/2170/2155 2167/2167/2152
f 2168/2168/2153 2169/2169/2154 2171/2171/2156
f 2169/2169/2154 2170/2170/2155 2172/2172/2157
f 2171/2171/2156 2169/2169/2154 2172/2172/2157
f 2173/2173/2158 2168/2168/2153 2171/2171/2156
f 2171/2171/2156 2172/2172/2157 2174/2174/2159
f 2174/2174/2159 2173/2173/2158 2171/2171/2156
f 2172/2172/2157 2170/2170/2155 2175/2175/2160
f 2170/2170/2155 2165/2165/2150 2176/2176/2161
f 2176/2176/2161 2175/2175/2160 2170/2170/2155
f 2172/2172/2157 2175/2175/2160 2177/2177/2162
f 2174/2174/2159 2172/2172/2157 2177/2177/2162
f 2175/2175/2160 2176/2176/2161 2178/2178/2163
f 2177/2177/2162 2179/2179/2164 2174/2174/2159
f 2177/2177/2162 2175/2175/2160 2180/2180/2165
f 2178/2178/2163 2180/2180/2165 2175/2175/2160
f 2177/2177/2162 2180/2180/2165 2181/2181/2166
f 2179/2179/2164 2177/2177/2162 2181/2181/2166
f 2180/2180/2165 2178/2178/2163 2182/2182/2167
f 2176/2176/2161 2183/2183/2168 2178/2178/2163
f 2183/2183/2168 2182/2182/2167 2178/2178/2163
f 2182/2182/2167 2184/2184/2169 2180/2180/2165
f 2181/2181/2166 2180/2180/2165 2184/2184/2169
f 2181/2181/2166 2184/2184/2169 2185/2185/2170
f 2185/2185/2170 2179/2179/2164 2181/2181/2166
f 2184/2184/2169 2182/2182/2167 2186/2186/2171
f 2183/2183/2168 2176/2176/2161 2187/2187/2172
f 2165/2165/2150 2187/2187/2172 2176/2176/2161
f 2182/2182/2167 2183/2183/2168 2188/2188/2173
f 2188/2188/2173 2186/2186/2171 2182/2182/2167
f 2187/2187/2172 2165/2165/2150 2189/2189/2174
f 2160/2160/2145 2189/2189/2174 2165/2165/2150
f 2189/2189/2174 2160/2160/2145 2145/2145/2130
f 2189/2189/2174 2190/2190/2175 2187/2187/2172
f 2190/2190/2175 2183/2183/2168 2187/2187/2172
f 2145/2145/2130 2191/2191/2176 2189/2189/2174
f 2190/2190/2175 2189/2189/2174 2191/2191/2176
f 2191/2191/2176 2145/2145/2130 2141/2141/2126
f 2183/2183/2168 2190/2190/2175 2192/2192/2177
f 2192/2192/2177 2188/2188/2173 2183/2183/2168
f 2191/2191/2176 2193/2193/2178 2190/2190/2175
f 2193/2193/2178 2192/2192/2177 2190/2190/2175
f 2141/2141/2126 2194/2194/2179 2191/2191/2176
f 2193/2193/2178 2191/2191/2176 2194/2194/2179
f 536/536/535 533/533/532 1202/1202/1195
f 534/534/533 536/536/535 2195/2195/2180
f 536/536/535 1202/1202/1195 2196/2196/2181
f 2196/2196/2181 2195/2195/2180 536/536/535
f 2196/2196/2181 1202/1202/1195 1199/1199/1192
f 535/535/534 534/534/533 2197/2197/2182
f 2195/2195/2180 2197/2197/2182 534/534/533
f 2197/2197/2182 2198/2198/2183 535/535/534
f 2198/2198/2183 531/531/530 535/535/534
f 2196/2196/2181 1199/1199/1192 2199/2199/2184
f 2199/2199/2184 1199/1199/1192 1198/1198/1191
f 2195/2195/2180 2196/2196/2181 2200/2200/2185
f 2199/2199/2184 2200/2200/2185 2196/2196/2181
f 531/531/530 2198/2198/2183 2201/2201/2186
f 531/531/530 2201/2201/2186 527/527/526
f 874/874/869 527/527/526 2201/2201/2186
f 2201/2201/2186 879/879/874 874/874/869
f 879/879/874 2201/2201/2186 2198/2198/2183
f 2202/2202/2187 879/879/874 2198/2198/2183
f 2197/2197/2182 2202/2202/2187 2198/2198/2183
f 2202/2202/2187 2203/2203/2188 879/879/874
f 881/881/876 879/879/874 2203/2203/2188
f 2204/2204/2189 2202/2202/2187 2197/2197/2182
f 2197/2197/2182 2195/2195/2180 2204/2204/2189
f 2205/2205/2190 2203/2203/2188 2202/2202/2187
f 2204/2204/2189 2205/2205/2190 2202/2202/2187
f 2203/2203/2188 2206/2206/2191 881/881/876
f 882/882/877 881/881/876 2206/2206/2191
f 2205/2205/2190 2207/2207/2192 2203/2203/2188
f 2206/2206/2191 2203/2203/2188 2207/2207/2192
f 2204/2204/2189 2208/2208/2193 2205/2205/2190
f 2208/2208/2193 2207/2207/2192 2205/2205/2190
f 2209/2209/2194 2204/2204/2189 2195/2195/2180
f 2208/2208/2193 2204/2204/2189 2209/2209/2194
f 2200/2200/2185 2209/2209/2194 2195/2195/2180
f 2208/2208/2193 2210/2210/2195 2207/2207/2192
f 2210/2210/2195 2206/2206/2191 2207/2207/2192
f 2211/2211/2196 2209/2209/2194 2200/2200/2185
f 2200/2200/2185 2199/2199/2184 2211/2211/2196
f 2212/2212/2197 2208/2208/2193 2209/2209/2194
f 2209/2209/2194 2211/2211/2196 2212/2212/2197
f 2213/2213/2198 2210/2210/2195 2208/2208/2193
f 2212/2212/2197 2213/2213/2198 2208/2208/2193
f 2210/2210/2195 2214/2214/2199 2206/2206/2191
f 2214/2214/2199 882/882/877 2206/2206/2191
f 2213/2213/2198 2215/2215/2200 2210/2210/2195
f 2215/2215/2200 2214/2214/2199 2210/2210/2195
f 2214/2214/2199 2216/2216/2201 882/882/877
f 884/884/879 882/882/877 2216/2216/2201
f 2215/2215/2200 2217/2217/2202 2214/2214/2199
f 2217/2217/2202 2216/2216/2201 2214/2214/2199
f 892/892/887 884/884/879 2216/2216/2201
f 2217/2217/2202 892/892/887 2216/2216/2201
f 2218/2218/2203 2215/2215/2200 2213/2213/2198
f 2219/2219/2204 2217/2217/2202 2215/2215/2200
f 2218/2218/2203 2219/2219/2204 2215/2215/2200
f 2219/2219/2204 2220/2220/2205 2217/2217/2202
f 2220/2220/2205 892/892/887 2217/2217/2202
f 2221/2221/2206 2219/2219/2204 2218/2218/2203
f 2220/2220/2205 2222/2222/2207 892/892/887
f 2222/2222/2207 891/891/886 892/892/887
f 2222/2222/2207 894/894/889 891/891/886
f 2223/2223/2208 2220/2220/2205 2219/2219/2204
f 2221/2221/2206 2223/2223/2208 2219/2219/2204
f 2224/2224/2209 2222/2222/2207 2220/2220/2205
f 2223/2223/2208 2224/2224/2209 2220/2220/2205
f 2225/2225/2210 894/894/889 2222/2222/2207
f 2224/2224/2209 2225/2225/2210 2222/2222/2207
f 2225/2225/2210 2226/2226/2211 894/894/889
f 2226/2226/2211 890/890/885 894/894/889
f 2227/2227/2212 2225/2225/2210 2224/2224/2209
f 2226/2226/2211 2228/2228/2213 890/890/885
f 893/893/888 890/890/885 2228/2228/2213
f 2229/2229/2214 2226/2226/2211 2225/2225/2210
f 2227/2227/2212 2229/2229/2214 2225/2225/2210
f 2230/2230/2215 2228/2228/2213 2226/2226/2211
f 2229/2229/2214 2230/2230/2215 2226/2226/2211
f 2231/2231/2216 893/893/888 2228/2228/2213
f 2230/2230/2215 2231/2231/2216 2228/2228/2213
f 2231/2231/2216 896/896/891 893/893/888
f 2232/2232/2217 2227/2227/2212 2224/2224/2209
f 2232/2232/2217 2224/2224/2209 2223/2223/2208
f 1552/1552/1542 896/896/891 2231/2231/2216
f 1552/1552/1542 911/911/906 896/896/891
f 1553/1553/1543 2231/2231/2216 2230/2230/2215
f 1553/1553/1543 1552/1552/1542 2231/2231/2216
f 1556/1556/1546 1553/1553/1543 2230/2230/2215
f 1556/1556/1546 2230/2230/2215 2229/2229/2214
f 1624/1624/1614 1574/1574/1564 2233/2233/2218
f 2233/2233/2218 1574/1574/1564 1569/1569/1559
f 2234/2234/2219 1624/1624/1614 2233/2233/2218
f 1625/1625/1615 1624/1624/1614 2234/2234/2219
f 2235/2235/2220 1625/1625/1615 2234/2234/2219
f 2233/2233/2218 1569/1569/1559 2236/2236/2221
f 2236/2236/2221 1569/1569/1559 1564/1564/1554
f 2234/2234/2219 2233/2233/2218 2237/2237/2222
f 2237/2237/2222 2233/2233/2218 2236/2236/2221
f 2235/2235/2220 2234/2234/2219 2238/2238/2223
f 2238/2238/2223 2234/2234/2219 2237/2237/2222
f 2239/2239/2224 2235/2235/2220 2238/2238/2223
f 2236/2236/2221 1564/1564/1554 2240/2240/2225
f 2240/2240/2225 1564/1564/1554 1562/1562/1552
f 2237/2237/2222 2236/2236/2221 2241/2241/2226
f 2241/2241/2226 2236/2236/2221 2240/2240/2225
f 2238/2238/2223 2237/2237/2222 2242/2242/2227
f 2242/2242/2227 2237/2237/2222 2241/2241/2226
f 2239/2239/2224 2238/2238/2223 2243/2243/2228
f 2243/2243/2228 2238/2238/2223 2242/2242/2227
f 2243/2243/2228 2244/2244/2229 2239/2239/2224
f 2240/2240/2225 1562/1562/1552 2245/2245/2230
f 2245/2245/2230 1562/1562/1552 1559/1559/1549
f 2241/2241/2226 2240/2240/2225 2246/2246/2231
f 2246/2246/2231 2240/2240/2225 2245/2245/2230
f 2244/2244/2229 2243/2243/2228 2247/2247/2232
f 2248/2248/2233 2241/2241/2226 2246/2246/2231
f 2242/2242/2227 2241/2241/2226 2248/2248/2233
f 2247/2247/2232 2249/2249/2234 2244/2244/2229
f 2243/2243/2228 2242/2242/2227 2250/2250/2235
f 2250/2250/2235 2247/2247/2232 2243/2243/2228
f 2250/2250/2235 2242/2242/2227 2248/2248/2233
f 2247/2247/2232 2251/2251/2236 2249/2249/2234
f 2251/2251/2236 2252/2252/2237 2249/2249/2234
f 2247/2247/2232 2250/2250/2235 2253/2253/2238
f 2253/2253/2238 2251/2251/2236 2247/2247/2232
f 2250/2250/2235 2248/2248/2233 2254/2254/2239
f 2254/2254/2239 2253/2253/2238 2250/2250/2235
f 2254/2254/2239 2248/2248/2233 2255/2255/2240
f 2248/2248/2233 2246/2246/2231 2255/2255/2240
f 2251/2251/2236 2256/2256/2241 2252/2252/2237
f 2257/2257/2242 2252/2252/2237 2256/2256/2241
f 2253/2253/2238 2258/2258/2243 2251/2251/2236
f 2258/2258/2243 2256/2256/2241 2251/2251/2236
f 2253/2253/2238 2254/2254/2239 2259/2259/2244
f 2259/2259/2244 2258/2258/2243 2253/2253/2238
f 2260/2260/2245 2259/2259/2244 2254/2254/2239
f 2254/2254/2239 2255/2255/2240 2260/2260/2245
f 2256/2256/2241 2261/2261/2246 2257/2257/2242
f 2262/2262/2247 2257/2257/2242 2261/2261/2246
f 2258/2258/2243 2263/2263/2248 2256/2256/2241
f 2261/2261/2246 2256/2256/2241 2263/2263/2248
f 2259/2259/2244 2264/2264/2249 2258/2258/2243
f 2264/2264/2249 2263/2263/2248 2258/2258/2243
f 2265/2265/2250 2264/2264/2249 2259/2259/2244
f 2259/2259/2244 2260/2260/2245 2265/2265/2250
f 2264/2264/2249 2266/2266/2251 2263/2263/2248
f 2263/2263/2248 2267/2267/2252 2261/2261/2246
f 2267/2267/2252 2263/2263/2248 2266/2266/2251
f 2268/2268/2253 2266/2266/2251 2264/2264/2249
f 2265/2265/2250 2268/2268/2253 2264/2264/2249
f 2194/2194/2179 2141/2141/2126 2139/2139/2124
f 2192/2192/2177 2193/2193/2178 2269/2269/2168
f 2139/2139/2124 2270/2270/2254 2194/2194/2179
f 2270/2270/2254 2139/2139/2124 2138/2138/2123
f 2194/2194/2179 2271/2271/2255 2193/2193/2178
f 2271/2271/2255 2194/2194/2179 2270/2270/2254
f 2193/2193/2178 2272/2272/1972 2269/2269/2168
f 2272/2272/1972 2193/2193/2178 2271/2271/2255
f 2269/2269/2168 2273/2273/2256 2192/2192/2177
f 2188/2188/2173 2192/2192/2177 2273/2273/2256
f 2272/2272/1972 2274/2274/2257 2269/2269/2168
f 2273/2273/2256 2269/2269/2168 2274/2274/2257
f 2273/2273/2256 2275/2275/2258 2188/2188/2173
f 2186/2186/2171 2188/2188/2173 2275/2275/2258
f 2274/2274/2257 2276/2276/2259 2273/2273/2256
f 2275/2275/2258 2273/2273/2256 2276/2276/2259
f 2274/2274/2257 2272/2272/1972 2277/2277/2260
f 2271/2271/2255 2278/2278/2261 2272/2272/1972
f 2278/2278/2261 2277/2277/2260 2272/2272/1972
f 2277/2277/2260 2279/2279/2262 2274/2274/2257
f 2276/2276/2259 2274/2274/2257 2279/2279/2262
f 2279/2279/2262 2277/2277/2260 2280/2280/2263
f 2281/2281/2264 2275/2275/2258 2276/2276/2259
f 2282/2282/2265 2276/2276/2259 2279/2279/2262
f 2276/2276/2259 2282/2282/2265 2281/2281/2264
f 2279/2279/2262 2283/2283/2266 2282/2282/2265
f 2283/2283/2266 2279/2279/2262 2280/2280/2263
f 2284/2284/2267 2280/2280/2263 2277/2277/2260
f 2277/2277/2260 2278/2278/2261 2284/2284/2267
f 2280/2280/2263 2285/2285/2268 2283/2283/2266
f 2280/2280/2263 2284/2284/2267 2286/2286/2269
f 2285/2285/2268 2280/2280/2263 2286/2286/2269
f 2278/2278/2261 2287/2287/2270 2284/2284/2267
f 2287/2287/2270 2286/2286/2269 2284/2284/2267
f 2286/2286/2269 2288/2288/2271 2285/2285/2268
f 2286/2286/2269 2287/2287/2270 2289/2289/2272
f 2288/2288/2271 2286/2286/2269 2289/2289/2272
f 2287/2287/2270 2290/2290/2273 2289/2289/2272
f 2287/2287/2270 2278/2278/2261 2291/2291/2274
f 2291/2291/2274 2290/2290/2273 2287/2287/2270
f 2292/2292/2275 2291/2291/2274 2278/2278/2261
f 2278/2278/2261 2271/2271/2255 2292/2292/2275
f 2270/2270/2254 2292/2292/2275 2271/2271/2255
f 2292/2292/2275 2270/2270/2254 2293/2293/2276
f 2138/2138/2123 2293/2293/2276 2270/2270/2254
f 2291/2291/2274 2292/2292/2275 2294/2294/2277
f 2293/2293/2276 2294/2294/2277 2292/2292/2275
f 2293/2293/2276 2138/2138/2123 959/959/954
f 2138/2138/2123 966/966/961 959/959/954
f 2294/2294/2277 2293/2293/2276 956/956/951
f 959/959/954 956/956/951 2293/2293/2276
f 2294/2294/2277 2295/2295/2278 2291/2291/2274
f 2290/2290/2273 2291/2291/2274 2295/2295/2278
f 956/956/951 957/957/952 2294/2294/2277
f 2295/2295/2278 2294/2294/2277 957/957/952
f 2295/2295/2278 2296/2296/2279 2290/2290/2273
f 2296/2296/2279 2295/2295/2278 2297/2297/2280
f 957/957/952 2297/2297/2280 2295/2295/2278
f 2298/2298/2281 2290/2290/2273 2296/2296/2279
f 2297/2297/2280 957/957/952 958/958/953
f 2290/2290/2273 2298/2298/2281 2299/2299/2282
f 2300/2300/2283 2299/2299/2282 2298/2298/2281
f 2289/2289/2272 2290/2290/2273 2299/2299/2282
f 2299/2299/2282 2300/2300/2283 2301/2301/2284
f 2301/2301/2284 2289/2289/2272 2299/2299/2282
f 2302/2302/2285 2301/2301/2284 2300/2300/2283
f 2289/2289/2272 2301/2301/2284 2288/2288/2271
f 2301/2301/2284 2302/2302/2285 2303/2303/2286
f 2303/2303/2286 2288/2288/2271 2301/2301/2284
f 2304/2304/2287 2303/2303/2286 2302/2302/2285
f 2303/2303/2286 2304/2304/2287 2305/2305/2288
f 2306/2306/2289 2305/2305/2288 2304/2304/2287
f 2288/2288/2271 2303/2303/2286 2307/2307/2290
f 2305/2305/2288 2307/2307/2290 2303/2303/2286
f 2305/2305/2288 2306/2306/2289 2308/2308/2291
f 2309/2309/615 2308/2308/2291 2306/2306/2289
f 2307/2307/2290 2305/2305/2288 2310/2310/2292
f 2308/2308/2291 2310/2310/2292 2305/2305/2288
f 2311/2311/2293 2288/2288/2271 2307/2307/2290
f 2288/2288/2271 2311/2311/2293 2285/2285/2268
f 2312/2312/2294 2307/2307/2290 2310/2310/2292
f 2307/2307/2290 2312/2312/2294 2311/2311/2293
f 2310/2310/2292 2308/2308/2291 2313/2313/2295
f 2313/2313/2295 2312/2312/2294 2310/2310/2292
f 2308/2308/2291 2309/2309/615 2314/2314/2296
f 2314/2314/2296 2313/2313/2295 2308/2308/2291
f 2315/2315/2297 2314/2314/2296 2309/2309/615
f 2316/2316/2298 2285/2285/2268 2311/2311/2293
f 2285/2285/2268 2316/2316/2298 2283/2283/2266
f 2317/2317/2299 2311/2311/2293 2312/2312/2294
f 2311/2311/2293 2317/2317/2299 2316/2316/2298
f 2312/2312/2294 2313/2313/2295 2318/2318/2300
f 2318/2318/2300 2317/2317/2299 2312/2312/2294
f 2313/2313/2295 2314/2314/2296 2319/2319/2301
f 2319/2319/2301 2318/2318/2300 2313/2313/2295
f 2314/2314/2296 2315/2315/2297 2320/2320/2302
f 2320/2320/2302 2319/2319/2301 2314/2314/2296
f 2321/2321/2303 2320/2320/2302 2315/2315/2297
f 2320/2320/2302 2321/2321/2303 2322/2322/2304
f 2323/2323/2305 2322/2322/2304 2321/2321/2303
f 2319/2319/2301 2320/2320/2302 2324/2324/2306
f 2322/2322/2304 2324/2324/2306 2320/2320/2302
f 2318/2318/2300 2319/2319/2301 2325/2325/2307
f 2324/2324/2306 2325/2325/2307 2319/2319/2301
f 2325/2325/2307 2326/2326/2308 2318/2318/2300
f 2317/2317/2299 2318/2318/2300 2326/2326/2308
f 2322/2322/2304 2323/2323/2305 2327/2327/2309
f 2328/2328/2310 2327/2327/2309 2323/2323/2305
f 2324/2324/2306 2322/2322/2304 2329/2329/2311
f 2327/2327/2309 2329/2329/2311 2322/2322/2304
f 2326/2326/2308 2330/2330/2312 2317/2317/2299
f 2327/2327/2309 2328/2328/2310 2331/2331/2313
f 2330/2330/2312 2316/2316/2298 2317/2317/2299
f 2332/2332/2314 2331/2331/2313 2328/2328/2310
f 2331/2331/2313 2333/2333/2315 2327/2327/2309
f 2329/2329/2311 2327/2327/2309 2333/2333/2315
f 2331/2331/2313 2332/2332/2314 2334/2334/2316
f 2332/2332/2314 762/762/758 2334/2334/2316
f 2333/2333/2315 2331/2331/2313 2335/2335/2317
f 2334/2334/2316 2335/2335/2317 2331/2331/2313
f 762/762/758 2332/2332/2314 761/761/757
f 2335/2335/2317 2334/2334/2316 2336/2336/2318
f 2336/2336/2318 2334/2334/2316 762/762/758
f 2335/2335/2317 2337/2337/2319 2333/2333/2315
f 2333/2333/2315 2338/2338/2320 2329/2329/2311
f 2338/2338/2320 2333/2333/2315 2337/2337/2319
f 2339/2339/2321 2329/2329/2311 2338/2338/2320
f 2329/2329/2311 2339/2339/2321 2324/2324/2306
f 2325/2325/2307 2324/2324/2306 2339/2339/2321
f 2339/2339/2321 2340/2340/2322 2325/2325/2307
f 2326/2326/2308 2325/2325/2307 2340/2340/2322
f 2338/2338/2320 2341/2341/2323 2339/2339/2321
f 2340/2340/2322 2339/2339/2321 2341/2341/2323
f 2341/2341/2323 2338/2338/2320 2342/2342/2324
f 2337/2337/2319 2342/2342/2324 2338/2338/2320
f 2343/2343/2325 2340/2340/2322 2341/2341/2323
f 2340/2340/2322 2344/2344/2326 2326/2326/2308
f 2345/2345/2327 2341/2341/2323 2342/2342/2324
f 2341/2341/2323 2345/2345/2327 2343/2343/2325
f 2340/2340/2322 2343/2343/2325 2346/2346/2328
f 2344/2344/2326 2340/2340/2322 2346/2346/2328
f 2330/2330/2312 2326/2326/2308 2344/2344/2326
f 2347/2347/2329 2346/2346/2328 2343/2343/2325
f 2348/2348/2330 2343/2343/2325 2345/2345/2327
f 2343/2343/2325 2348/2348/2330 2347/2347/2329
f 2349/2349/2331 2344/2344/2326 2346/2346/2328
f 2346/2346/2328 2347/2347/2329 2349/2349/2331
f 2350/2350/1883 2330/2330/2312 2344/2344/2326
f 2344/2344/2326 2349/2349/2331 2350/2350/1883
f 2330/2330/2312 2350/2350/1883 2351/2351/2332
f 2352/2352/2333 2349/2349/2331 2347/2347/2329
f 2353/2353/2334 2350/2350/1883 2349/2349/2331
f 2349/2349/2331 2352/2352/2333 2353/2353/2334
f 2350/2350/1883 2353/2353/2334 2354/2354/2335
f 2354/2354/2335 2351/2351/2332 2350/2350/1883
f 2351/2351/2332 2355/2355/2336 2330/2330/2312
f 2316/2316/2298 2330/2330/2312 2355/2355/2336
f 2355/2355/2336 2283/2283/2266 2316/2316/2298
f 2283/2283/2266 2355/2355/2336 2282/2282/2265
f 2356/2356/2337 2282/2282/2265 2355/2355/2336
f 2355/2355/2336 2351/2351/2332 2356/2356/2337
f 2282/2282/2265 2356/2356/2337 2281/2281/2264
f 2351/2351/2332 2354/2354/2335 2357/2357/2338
f 2357/2357/2338 2356/2356/2337 2351/2351/2332
f 2356/2356/2337 2357/2357/2338 2358/2358/2339
f 2358/2358/2339 2281/2281/2264 2356/2356/2337
f 2281/2281/2264 2358/2358/2339 2359/2359/2340
f 2275/2275/2258 2281/2281/2264 2359/2359/2340
f 2360/2360/2341 2359/2359/2340 2358/2358/2339
f 2361/2361/2342 2275/2275/2258 2359/2359/2340
f 2359/2359/2340 2360/2360/2341 2361/2361/2342
f 2275/2275/2258 2361/2361/2342 2186/2186/2171
f 2362/2362/2343 2186/2186/2171 2361/2361/2342
f 2360/2360/2341 2362/2362/2343 2361/2361/2342
f 2186/2186/2171 2362/2362/2343 2184/2184/2169
f 2185/2185/2170 2184/2184/2169 2362/2362/2343
f 2362/2362/2343 2360/2360/2341 2363/2363/2344
f 2363/2363/2344 2185/2185/2170 2362/2362/2343
f 2358/2358/2339 2364/2364/2345 2360/2360/2341
f 2364/2364/2345 2358/2358/2339 2357/2357/2338
f 2360/2360/2341 2365/2365/2346 2363/2363/2344
f 2365/2365/2346 2360/2360/2341 2364/2364/2345
f 2185/2185/2170 2363/2363/2344 2366/2366/2347
f 2365/2365/2346 2366/2366/2347 2363/2363/2344
f 2367/2367/2348 2185/2185/2170 2366/2366/2347
f 2366/2366/2347 2365/2365/2346 2368/2368/2349
f 2368/2368/2349 2367/2367/2348 2366/2366/2347
f 2357/2357/2338 2369/2369/2350 2364/2364/2345
f 2369/2369/2350 2357/2357/2338 2354/2354/2335
f 2364/2364/2345 2370/2370/2351 2365/2365/2346
f 2370/2370/2351 2364/2364/2345 2369/2369/2350
f 2365/2365/2346 2371/2371/2352 2368/2368/2349
f 2371/2371/2352 2365/2365/2346 2370/2370/2351
f 2354/2354/2335 2372/2372/2353 2369/2369/2350
f 2372/2372/2353 2354/2354/2335 2353/2353/2334
f 2369/2369/2350 2373/2373/2354 2370/2370/2351
f 2373/2373/2354 2369/2369/2350 2372/2372/2353
f 2374/2374/2355 2370/2370/2351 2373/2373/2354
f 2371/2371/2352 2370/2370/2351 2374/2374/2355
f 2372/2372/2353 2375/2375/2356 2373/2373/2354
f 2375/2375/2356 2374/2374/2355 2373/2373/2354
f 2353/2353/2334 2376/2376/2357 2372/2372/2353
f 2375/2375/2356 2372/2372/2353 2376/2376/2357
f 2376/2376/2357 2353/2353/2334 2352/2352/2333
f 2374/2374/2355 2375/2375/2356 2377/2377/2358
f 2376/2376/2357 2378/2378/2359 2375/2375/2356
f 2379/2379/2360 2371/2371/2352 2374/2374/2355
f 2352/2352/2333 2380/2380/2361 2376/2376/2357
f 2378/2378/2359 2376/2376/2357 2380/2380/2361
f 2380/2380/2361 2352/2352/2333 2381/2381/2362
f 2347/2347/2329 2381/2381/2362 2352/2352/2333
f 2381/2381/2362 2347/2347/2329 2348/2348/2330
f 2381/2381/2362 2382/2382/2363 2380/2380/2361
f 2348/2348/2330 2383/2383/2364 2381/2381/2362
f 2382/2382/2363 2381/2381/2362 2383/2383/2364
f 2383/2383/2364 2348/2348/2330 2384/2384/2365
f 2345/2345/2327 2384/2384/2365 2348/2348/2330
f 2380/2380/2361 2385/2385/2366 2378/2378/2359
f 2385/2385/2366 2380/2380/2361 2382/2382/2363
f 2384/2384/2365 2345/2345/2327 2386/2386/2367
f 2342/2342/2324 2386/2386/2367 2345/2345/2327
f 2384/2384/2365 2387/2387/2368 2383/2383/2364
f 2386/2386/2367 2342/2342/2324 2388/2388/2369
f 2342/2342/2324 2337/2337/2319 2388/2388/2369
f 2386/2386/2367 2389/2389/2370 2384/2384/2365
f 2387/2387/2368 2384/2384/2365 2389/2389/2370
f 2388/2388/2369 2390/2390/2371 2386/2386/2367
f 2389/2389/2370 2386/2386/2367 2390/2390/2371
f 2337/2337/2319 2391/2391/2372 2388/2388/2369
f 2390/2390/2371 2388/2388/2369 2391/2391/2372
f 2391/2391/2372 2337/2337/2319 2392/2392/2373
f 2337/2337/2319 2335/2335/2317 2392/2392/2373
f 2335/2335/2317 2393/2393/2374 2392/2392/2373
f 2393/2393/2374 2335/2335/2317 2336/2336/2318
f 2392/2392/2373 2394/2394/2375 2391/2391/2372
f 2394/2394/2375 2392/2392/2373 2393/2393/2374
f 2391/2391/2372 2395/2395/2376 2390/2390/2371
f 2395/2395/2376 2391/2391/2372 2394/2394/2375
f 2396/2396/2377 2390/2390/2371 2395/2395/2376
f 2390/2390/2371 2396/2396/2377 2389/2389/2370
f 2393/2393/2374 2336/2336/2318 767/767/763
f 767/767/763 2336/2336/2318 762/762/758
f 2393/2393/2374 2397/2397/2378 2394/2394/2375
f 2398/2398/2379 2393/2393/2374 767/767/763
f 2397/2397/2378 2393/2393/2374 2398/2398/2379
f 2399/2399/2380 2389/2389/2370 2396/2396/2377
f 2389/2389/2370 2399/2399/2380 2387/2387/2368
f 2400/2400/2381 2394/2394/2375 2397/2397/2378
f 2394/2394/2375 2400/2400/2381 2395/2395/2376
f 2395/2395/2376 2401/2401/2382 2396/2396/2377
f 2401/2401/2382 2395/2395/2376 2400/2400/2381
f 2396/2396/2377 2402/2402/2383 2399/2399/2380
f 2402/2402/2383 2396/2396/2377 2401/2401/2382
f 2403/2403/2384 2402/2402/2383 2401/2401/2382
f 2400/2400/2381 2403/2403/2384 2401/2401/2382
f 2397/2397/2378 2404/2404/2385 2400/2400/2381
f 2403/2403/2384 2400/2400/2381 2404/2404/2385
f 2404/2404/2385 2397/2397/2378 2405/2405/2386
f 2398/2398/2379 2405/2405/2386 2397/2397/2378
f 2404/2404/2385 2406/2406/2387 2403/2403/2384
f 2405/2405/2386 2398/2398/2379 768/768/764
f 767/767/763 768/768/764 2398/2398/2379
f 2405/2405/2386 2407/2407/2388 2404/2404/2385
f 2406/2406/2387 2404/2404/2385 2407/2407/2388
f 768/768/764 2408/2408/2389 2405/2405/2386
f 2407/2407/2388 2405/2405/2386 2408/2408/2389
f 2407/2407/2388 2409/2409/2390 2406/2406/2387
f 2409/2409/2390 2407/2407/2388 2410/2410/2391
f 2408/2408/2389 2410/2410/2391 2407/2407/2388
f 2411/2411/2392 2406/2406/2387 2409/2409/2390
f 2410/2410/2391 2408/2408/2389 2412/2412/2393
f 2406/2406/2387 2411/2411/2392 2413/2413/2394
f 2413/2413/2394 2403/2403/2384 2406/2406/2387
f 2414/2414/2395 2413/2413/2394 2411/2411/2392
f 765/765/761 2412/2412/2393 2408/2408/2389
f 2408/2408/2389 768/768/764 765/765/761
f 2412/2412/2393 765/765/761 2415/2415/2396
f 765/765/761 764/764/760 2415/2415/2396
f 2403/2403/2384 2413/2413/2394 2416/2416/2397
f 2402/2402/2383 2403/2403/2384 2416/2416/2397
f 2413/2413/2394 2414/2414/2395 2417/2417/2398
f 2417/2417/2398 2416/2416/2397 2413/2413/2394
f 2418/2418/2399 2417/2417/2398 2414/2414/2395
f 2416/2416/2397 2419/2419/2400 2402/2402/2383
f 2417/2417/2398 2418/2418/2399 2420/2420/2401
f 2416/2416/2397 2417/2417/2398 2421/2421/2402
f 2419/2419/2400 2416/2416/2397 2421/2421/2402
f 2420/2420/2401 2421/2421/2402 2417/2417/2398
f 2419/2419/2400 2399/2399/2380 2402/2402/2383
f 2422/2422/2403 2420/2420/2401 2418/2418/2399
f 2399/2399/2380 2419/2419/2400 2423/2423/2404
f 2423/2423/2404 2387/2387/2368 2399/2399/2380
f 2421/2421/2402 2424/2424/2405 2419/2419/2400
f 2424/2424/2405 2423/2423/2404 2419/2419/2400
f 2421/2421/2402 2420/2420/2401 2425/2425/2406
f 2424/2424/2405 2421/2421/2402 2425/2425/2406
f 2420/2420/2401 2422/2422/2403 2426/2426/2407
f 2427/2427/2408 2426/2426/2407 2422/2422/2403
f 2420/2420/2401 2428/2428/2409 2425/2425/2406
f 2428/2428/2409 2420/2420/2401 2426/2426/2407
f 2425/2425/2406 2429/2429/2410 2424/2424/2405
f 2429/2429/2410 2425/2425/2406 2428/2428/2409
f 2423/2423/2404 2424/2424/2405 2430/2430/2411
f 2429/2429/2410 2430/2430/2411 2424/2424/2405
f 2426/2426/2407 2427/2427/2408 2431/2431/2412
f 2430/2430/2411 2432/2432/2413 2423/2423/2404
f 2387/2387/2368 2423/2423/2404 2432/2432/2413
f 2432/2432/2413 2383/2383/2364 2387/2387/2368
f 2383/2383/2364 2432/2432/2413 2382/2382/2363
f 2433/2433/2414 2382/2382/2363 2432/2432/2413
f 2432/2432/2413 2430/2430/2411 2433/2433/2414
f 2382/2382/2363 2433/2433/2414 2385/2385/2366
f 2434/2434/2415 2433/2433/2414 2430/2430/2411
f 2430/2430/2411 2429/2429/2410 2434/2434/2415
f 2435/2435/2416 2385/2385/2366 2433/2433/2414
f 2435/2435/2416 2433/2433/2414 2434/2434/2415
f 2436/2436/2417 2385/2385/2366 2435/2435/2416
f 2436/2436/2417 2378/2378/2359 2385/2385/2366
f 2437/2437/2418 2435/2435/2416 2434/2434/2415
f 2437/2437/2418 2434/2434/2415 2429/2429/2410
f 2438/2438/2419 2436/2436/2417 2435/2435/2416
f 2438/2438/2419 2435/2435/2416 2437/2437/2418
f 2439/2439/2420 2378/2378/2359 2436/2436/2417
f 2439/2439/2420 2375/2375/2356 2378/2378/2359
f 2377/2377/2358 2375/2375/2356 2439/2439/2420
f 2440/2440/2421 2439/2439/2420 2436/2436/2417
f 2440/2440/2421 2436/2436/2417 2438/2438/2419
f 2441/2441/2422 2377/2377/2358 2439/2439/2420
f 2441/2441/2422 2439/2439/2420 2440/2440/2421
f 2377/2377/2358 2441/2441/2422 2442/2442/2423
f 2442/2442/2423 2374/2374/2355 2377/2377/2358
f 2440/2440/2421 2443/2443/2424 2441/2441/2422
f 2443/2443/2424 2442/2442/2423 2441/2441/2422
f 2379/2379/2360 2374/2374/2355 2442/2442/2423
f 2442/2442/2423 2443/2443/2424 2444/2444/2425
f 2444/2444/2425 2379/2379/2360 2442/2442/2423
f 2443/2443/2424 2440/2440/2421 2445/2445/2426
f 2445/2445/2426 2440/2440/2421 2446/2446/2427
f 2446/2446/2427 2440/2440/2421 2438/2438/2419
f 2447/2447/2428 2443/2443/2424 2445/2445/2426
f 2448/2448/2429 2445/2445/2426 2446/2446/2427
f 2445/2445/2426 2448/2448/2429 2447/2447/2428
f 2446/2446/2427 2438/2438/2419 2449/2449/2430
f 2449/2449/2430 2438/2438/2419 2437/2437/2418
f 2446/2446/2427 2450/2450/2431 2448/2448/2429
f 2450/2450/2431 2446/2446/2427 2449/2449/2430
f 2443/2443/2424 2447/2447/2428 2451/2451/2432
f 2451/2451/2432 2444/2444/2425 2443/2443/2424
f 2449/2449/2430 2437/2437/2418 2452/2452/2433
f 2452/2452/2433 2437/2437/2418 2429/2429/2410
f 2428/2428/2409 2452/2452/2433 2429/2429/2410
f 2453/2453/2434 2449/2449/2430 2452/2452/2433
f 2450/2450/2431 2449/2449/2430 2453/2453/2434
f 2452/2452/2433 2428/2428/2409 2454/2454/2435
f 2426/2426/2407 2454/2454/2435 2428/2428/2409
f 2454/2454/2435 2426/2426/2407 2431/2431/2412
f 2455/2455/2436 2452/2452/2433 2454/2454/2435
f 2453/2453/2434 2452/2452/2433 2455/2455/2436
f 2456/2456/2437 2454/2454/2435 2431/2431/2412
f 2454/2454/2435 2456/2456/2437 2455/2455/2436
f 2456/2456/2437 2431/2431/2412 2427/2427/2408
f 2456/2456/2437 2427/2427/2408 2457/2457/2438
f 2458/2458/2439 2456/2456/2437 2457/2457/2438
f 2458/2458/2439 2455/2455/2436 2456/2456/2437
f 2458/2458/2439 2457/2457/2438 2459/2459/2440
f 2460/2460/2441 2453/2453/2434 2455/2455/2436
f 2455/2455/2436 2458/2458/2439 2460/2460/2441
f 2461/2461/2442 2458/2458/2439 2459/2459/2440
f 2461/2461/2442 2460/2460/2441 2458/2458/2439
f 2461/2461/2442 2459/2459/2440 2462/2462/2443
f 2453/2453/2434 2460/2460/2441 2463/2463/2444
f 2463/2463/2444 2450/2450/2431 2453/2453/2434
f 2460/2460/2441 2461/2461/2442 2464/2464/2445
f 2464/2464/2445 2463/2463/2444 2460/2460/2441
f 2465/2465/2446 2461/2461/2442 2462/2462/2443
f 2465/2465/2446 2464/2464/2445 2461/2461/2442
f 2465/2465/2446 2462/2462/2443 2466/2466/2447
f 2467/2467/2448 2450/2450/2431 2463/2463/2444
f 2467/2467/2448 2448/2448/2429 2450/2450/2431
f 2463/2463/2444 2464/2464/2445 2468/2468/2449
f 2468/2468/2449 2467/2467/2448 2463/2463/2444
f 2464/2464/2445 2465/2465/2446 2469/2469/2450
f 2469/2469/2450 2468/2468/2449 2464/2464/2445
f 2470/2470/2451 2465/2465/2446 2466/2466/2447
f 2470/2470/2451 2466/2466/2447 2471/2471/2452
f 2472/2472/2453 2470/2470/2451 2471/2471/2452
f 2473/2473/2454 2465/2465/2446 2470/2470/2451
f 2465/2465/2446 2473/2473/2454 2469/2469/2450
f 2470/2470/2451 2472/2472/2453 2474/2474/2455
f 2474/2474/2455 2473/2473/2454 2470/2470/2451
f 2475/2475/2456 2474/2474/2455 2472/2472/2453
f 2473/2473/2454 2476/2476/2457 2469/2469/2450
f 2468/2468/2449 2469/2469/2450 2476/2476/2457
f 2473/2473/2454 2474/2474/2455 2477/2477/2458
f 2474/2474/2455 2475/2475/2456 2478/2478/2459
f 2478/2478/2459 2477/2477/2458 2474/2474/2455
f 2479/2479/216 2478/2478/2459 2475/2475/2456
f 2476/2476/2457 2480/2480/2460 2468/2468/2449
f 2480/2480/2460 2467/2467/2448 2468/2468/2449
f 2476/2476/2457 2473/2473/2454 2481/2481/2461
f 2477/2477/2458 2481/2481/2461 2473/2473/2454
f 2104/2104/2089 1971/1971/1956 1973/1973/1958
f 1972/1972/1957 2482/2482/2462 1973/1973/1958
f 2482/2482/2462 2104/2104/2089 1973/1973/1958
f 1972/1972/1957 1968/1968/1953 2483/2483/2463
f 1968/1968/1953 1954/1954/1939 2484/2484/2464
f 2484/2484/2464 2483/2483/2463 1968/1968/1953
f 1954/1954/1939 1955/1955/1940 2484/2484/2464
f 2484/2484/2464 1955/1955/1940 2485/2485/2465
f 2485/2485/2465 1955/1955/1940 1956/1956/1941
f 2486/2486/2466 2484/2484/2464 2485/2485/2465
f 2483/2483/2463 2484/2484/2464 2486/2486/2466
f 2485/2485/2465 2487/2487/2467 2486/2486/2466
f 2483/2483/2463 2488/2488/2468 1972/1972/1957
f 2482/2482/2462 1972/1972/1957 2488/2488/2468
f 2483/2483/2463 2486/2486/2466 2489/2489/2469
f 2486/2486/2466 2487/2487/2467 2489/2489/2469
f 2488/2488/2468 2483/2483/2463 2490/2490/2470
f 2489/2489/2469 2490/2490/2470 2483/2483/2463
f 2491/2491/2471 2490/2490/2470 2489/2489/2469
f 2487/2487/2467 2491/2491/2471 2489/2489/2469
f 2490/2490/2470 2492/2492/2472 2488/2488/2468
f 2490/2490/2470 2491/2491/2471 2492/2492/2472
f 2488/2488/2468 2493/2493/2473 2482/2482/2462
f 2488/2488/2468 2492/2492/2472 2493/2493/2473
f 2482/2482/2462 2493/2493/2473 2494/2494/2474
f 2485/2485/2465 2495/2495/2475 2487/2487/2467
f 1956/1956/1941 2495/2495/2475 2485/2485/2465
f 2491/2491/2471 2487/2487/2467 2496/2496/2476
f 2497/2497/2477 2487/2487/2467 2495/2495/2475
f 2487/2487/2467 2497/2497/2477 2496/2496/2476
f 2498/2498/2478 2491/2491/2471 2496/2496/2476
f 2499/2499/2479 2496/2496/2476 2497/2497/2477
f 2496/2496/2476 2499/2499/2479 2498/2498/2478
f 2491/2491/2471 2498/2498/2478 2500/2500/2480
f 2500/2500/2480 2492/2492/2472 2491/2491/2471
f 2492/2492/2472 2500/2500/2480 2501/2501/2481
f 2501/2501/2481 2493/2493/2473 2492/2492/2472
f 2502/2502/2482 2501/2501/2481 2500/2500/2480
f 2493/2493/2473 2501/2501/2481 2503/2503/2483
f 2503/2503/2483 2494/2494/2474 2493/2493/2473
f 2504/2504/2484 2503/2503/2483 2501/2501/2481
f 2501/2501/2481 2502/2502/2482 2504/2504/2484
f 2494/2494/2474 2503/2503/2483 2505/2505/2485
f 2506/2506/2486 2500/2500/2480 2498/2498/2478
f 2500/2500/2480 2506/2506/2486 2502/2502/2482
f 2498/2498/2478 2507/2507/2487 2506/2506/2486
f 2507/2507/2487 2498/2498/2478 2499/2499/2479
f 2503/2503/2483 2504/2504/2484 2508/2508/2488
f 2508/2508/2488 2505/2505/2485 2503/2503/2483
f 2502/2502/2482 2509/2509/2489 2504/2504/2484
f 2504/2504/2484 2510/2510/2490 2508/2508/2488
f 2510/2510/2490 2504/2504/2484 2509/2509/2489
f 2511/2511/2491 2512/2512/2492 2513/2513/2493
f 2514/2514/2494 2515/2515/2495 2512/2512/2492
f 2512/2512/2492 2511/2511/2491 2514/2514/2494
f 2516/2516/2496 2517/2517/2497 2515/2515/2495
f 2515/2515/2495 2514/2514/2494 2518/2518/2498
f 2518/2518/2498 2516/2516/2496 2515/2515/2495
f 2519/2519/2499 2514/2514/2494 2511/2511/2491
f 2520/2520/2500 2518/2518/2498 2514/2514/2494
f 2514/2514/2494 2519/2519/2499 2520/2520/2500
f 2511/2511/2491 2521/2521/2501 2519/2519/2499
f 2513/2513/2493 2522/2522/2502 2511/2511/2491
f 2521/2521/2501 2511/2511/2491 2522/2522/2502
f 2522/2522/2502 2513/2513/2493 2523/2523/2503
f 2513/2513/2493 2524/2524/2504 2523/2523/2503
f 2523/2523/2503 2525/2525/2505 2522/2522/2502
f 2525/2525/2505 2521/2521/2501 2522/2522/2502
f 2526/2526/2506 2523/2523/2503 2524/2524/2504
f 2524/2524/2504 2527/2527/2507 2526/2526/2506
f 2525/2525/2505 2523/2523/2503 2528/2528/2508
f 2523/2523/2503 2526/2526/2506 2528/2528/2508
f 2529/2529/2509 2526/2526/2506 2527/2527/2507
f 2527/2527/2507 2530/2530/2510 2529/2529/2509
f 2531/2531/2511 2528/2528/2508 2526/2526/2506
f 2526/2526/2506 2529/2529/2509 2531/2531/2511
f 2528/2528/2508 2532/2532/2512 2525/2525/2505
f 2530/2530/2510 2533/2533/2513 2529/2529/2509
f 2533/2533/2513 2531/2531/2511 2529/2529/2509
f 2528/2528/2508 2531/2531/2511 2534/2534/2514
f 2532/2532/2512 2528/2528/2508 2534/2534/2514
f 2535/2535/2515 2534/2534/2514 2531/2531/2511
f 2531/2531/2511 2533/2533/2513 2535/2535/2515
f 2534/2534/2514 2535/2535/2515 2536/2536/2516
f 2536/2536/2516 2532/2532/2512 2534/2534/2514
f 2532/2532/2512 2537/2537/2517 2525/2525/2505
f 2521/2521/2501 2525/2525/2505 2537/2537/2517
f 2532/2532/2512 2536/2536/2516 2538/2538/2518
f 2537/2537/2517 2532/2532/2512 2539/2539/2519
f 2538/2538/2518 2539/2539/2519 2532/2532/2512
f 2539/2539/2519 2540/2540/2520 2537/2537/2517
f 2537/2537/2517 2541/2541/2521 2521/2521/2501
f 2541/2541/2521 2537/2537/2517 2540/2540/2520
f 2542/2542/2522 2521/2521/2501 2541/2541/2521
f 2521/2521/2501 2542/2542/2522 2519/2519/2499
f 2540/2540/2520 1980/1980/1965 2541/2541/2521
f 2540/2540/2520 2539/2539/2519 1982/1982/1967
f 1982/1982/1967 1980/1980/1965 2540/2540/2520
f 2539/2539/2519 2538/2538/2518 1986/1986/1971
f 1986/1986/1971 1982/1982/1967 2539/2539/2519
f 2541/2541/2521 2543/2543/2523 2542/2542/2522
f 2541/2541/2521 1980/1980/1965 2543/2543/2523
f 2544/2544/2524 2519/2519/2499 2542/2542/2522
f 2519/2519/2499 2544/2544/2524 2520/2520/2500
f 2542/2542/2522 2543/2543/2523 2545/2545/2525
f 2542/2542/2522 2545/2545/2525 2544/2544/2524
f 1980/1980/1965 1756/1756/1741 2543/2543/2523
f 2543/2543/2523 1751/1751/1736 2545/2545/2525
f 2543/2543/2523 1756/1756/1741 1751/1751/1736
f 2544/2544/2524 2545/2545/2525 1745/1745/1730
f 2546/2546/2526 2520/2520/2500 2544/2544/2524
f 2544/2544/2524 1745/1745/1730 2546/2546/2526
f 2520/2520/2500 2546/2546/2526 2547/2547/2527
f 2518/2518/2498 2520/2520/2500 2547/2547/2527
f 2545/2545/2525 1751/1751/1736 1746/1746/1731
f 2545/2545/2525 1746/1746/1731 1745/1745/1730
f 2547/2547/2527 2548/2548/2528 2518/2518/2498
f 2516/2516/2496 2518/2518/2498 2548/2548/2528
f 2549/2549/2529 2547/2547/2527 2546/2546/2526
f 2546/2546/2526 1745/1745/1730 2550/2550/2530
f 2546/2546/2526 2550/2550/2530 2549/2549/2529
f 2548/2548/2528 2547/2547/2527 2551/2551/2531
f 2547/2547/2527 2549/2549/2529 2551/2551/2531
f 2551/2551/2531 2552/2552/2532 2548/2548/2528
f 2552/2552/2532 2516/2516/2496 2548/2548/2528
f 1745/1745/1730 1743/1743/1728 2550/2550/2530
f 2549/2549/2529 2550/2550/2530 2056/2056/2041
f 2550/2550/2530 1743/1743/1728 2056/2056/2041
f 2553/2553/2533 2551/2551/2531 2549/2549/2529
f 2549/2549/2529 2056/2056/2041 2553/2553/2533
f 2552/2552/2532 2551/2551/2531 2554/2554/2534
f 2551/2551/2531 2553/2553/2533 2554/2554/2534
f 2554/2554/2534 2037/2037/2022 2552/2552/2532
f 2516/2516/2496 2552/2552/2532 2555/2555/2535
f 2037/2037/2022 2555/2555/2535 2552/2552/2532
f 2556/2556/2536 2516/2516/2496 2555/2555/2535
f 2553/2553/2533 2056/2056/2041 2054/2054/2039
f 2557/2557/2537 2554/2554/2534 2553/2553/2533
f 2553/2553/2533 2054/2054/2039 2557/2557/2537
f 2554/2554/2534 2557/2557/2537 2038/2038/2023
f 2037/2037/2022 2554/2554/2534 2038/2038/2023
f 2557/2557/2537 2054/2054/2039 2045/2045/2030
f 2555/2555/2535 2037/2037/2022 2041/2041/2026
f 2041/2041/2026 2556/2556/2536 2555/2555/2535
f 2039/2039/2024 2038/2038/2023 2557/2557/2537
f 2557/2557/2537 2045/2045/2030 2039/2039/2024
f 1737/1737/1722 2558/2558/2538 1738/1738/1723
f 2558/2558/2538 2559/2559/2539 1738/1738/1723
f 2560/2560/2540 1737/1737/1722 1739/1739/1724
f 2560/2560/2540 2558/2558/2538 1737/1737/1722
f 1739/1739/1724 1740/1740/1725 2561/2561/2541
f 2561/2561/2541 2560/2560/2540 1739/1739/1724
f 2562/2562/2542 2561/2561/2541 1740/1740/1725
f 1740/1740/1725 1741/1741/1726 2562/2562/2542
f 2558/2558/2538 2563/2563/2543 2559/2559/2539
f 2563/2563/2543 2564/2564/2544 2559/2559/2539
f 2565/2565/2545 2558/2558/2538 2560/2560/2540
f 2565/2565/2545 2563/2563/2543 2558/2558/2538
f 2560/2560/2540 2561/2561/2541 2566/2566/2546
f 2566/2566/2546 2565/2565/2545 2560/2560/2540
f 2567/2567/2547 2566/2566/2546 2561/2561/2541
f 2561/2561/2541 2562/2562/2542 2567/2567/2547
f 2565/2565/2545 2566/2566/2546 2568/2568/2548
f 2563/2563/2543 2569/2569/2549 2564/2564/2544
f 2570/2570/2550 2563/2563/2543 2565/2565/2545
f 2570/2570/2550 2569/2569/2549 2563/2563/2543
f 2568/2568/2548 2570/2570/2550 2565/2565/2545
f 2569/2569/2549 2571/2571/2551 2564/2564/2544
f 2566/2566/2546 2567/2567/2547 2572/2572/2552
f 2572/2572/2552 2568/2568/2548 2566/2566/2546
f 2569/2569/2549 2573/2573/2553 2571/2571/2551
f 2573/2573/2553 2574/2574/2554 2571/2571/2551
f 2575/2575/2555 2569/2569/2549 2570/2570/2550
f 2575/2575/2555 2573/2573/2553 2569/2569/2549
f 2570/2570/2550 2568/2568/2548 2576/2576/2556
f 2576/2576/2556 2575/2575/2555 2570/2570/2550
f 2573/2573/2553 2577/2577/2557 2574/2574/2554
f 2577/2577/2557 2578/2578/339 2574/2574/2554
f 2579/2579/2558 2573/2573/2553 2575/2575/2555
f 2579/2579/2558 2577/2577/2557 2573/2573/2553
f 2575/2575/2555 2576/2576/2556 2580/2580/2559
f 2580/2580/2559 2579/2579/2558 2575/2575/2555
f 2568/2568/2548 2581/2581/2560 2576/2576/2556
f 2581/2581/2560 2580/2580/2559 2576/2576/2556
f 2577/2577/2557 559/559/558 2578/2578/339
f 559/559/558 564/564/342 2578/2578/339
f 557/557/556 2577/2577/2557 2579/2579/2558
f 557/557/556 559/559/558 2577/2577/2557
f 2579/2579/2558 2580/2580/2559 556/556/555
f 556/556/555 557/557/556 2579/2579/2558
f 2580/2580/2559 2581/2581/2560 2582/2582/2561
f 2582/2582/2561 556/556/555 2580/2580/2559
f 2581/2581/2560 2568/2568/2548 2583/2583/2562
f 2568/2568/2548 2572/2572/2552 2583/2583/2562
f 2584/2584/2563 2582/2582/2561 2581/2581/2560
f 2585/2585/2564 2581/2581/2560 2583/2583/2562
f 2581/2581/2560 2585/2585/2564 2584/2584/2563
f 2586/2586/2565 2583/2583/2562 2572/2572/2552
f 2583/2583/2562 2586/2586/2565 2585/2585/2564
f 2572/2572/2552 2587/2587/2566 2586/2586/2565
f 2587/2587/2566 2572/2572/2552 2567/2567/2547
f 2582/2582/2561 2584/2584/2563 2588/2588/2567
f 2567/2567/2547 2589/2589/2568 2587/2587/2566
f 2589/2589/2568 2567/2567/2547 2562/2562/2542
f 2590/2590/2569 2586/2586/2565 2587/2587/2566
f 2591/2591/2570 2587/2587/2566 2589/2589/2568
f 2587/2587/2566 2591/2591/2570 2590/2590/2569
f 2562/2562/2542 2592/2592/2571 2589/2589/2568
f 2592/2592/2571 2562/2562/2542 1741/1741/1726
f 2589/2589/2568 2593/2593/2572 2591/2591/2570
f 2593/2593/2572 2589/2589/2568 2592/2592/2571
f 2586/2586/2565 2590/2590/2569 2594/2594/2573
f 2594/2594/2573 2585/2585/2564 2586/2586/2565
f 1741/1741/1726 2595/2595/2574 2592/2592/2571
f 2595/2595/2574 1741/1741/1726 1736/1736/1721
f 2592/2592/2571 2596/2596/2575 2593/2593/2572
f 2596/2596/2575 2592/2592/2571 2595/2595/2574
f 2585/2585/2564 2594/2594/2573 2597/2597/2576
f 2597/2597/2576 2584/2584/2563 2585/2585/2564
f 1736/1736/1721 2598/2598/2577 2595/2595/2574
f 2584/2584/2563 2597/2597/2576 2599/2599/2578
f 2598/2598/2577 1736/1736/1721 1731/1731/1716
f 2595/2595/2574 2600/2600/2579 2596/2596/2575
f 2600/2600/2579 2595/2595/2574 2598/2598/2577
f 2599/2599/2578 2588/2588/2567 2584/2584/2563
f 2601/2601/2580 2596/2596/2575 2600/2600/2579
f 1731/1731/1716 2030/2030/2015 2598/2598/2577
f 2030/2030/2015 1731/1731/1716 1726/1726/1712
f 2598/2598/2577 2033/2033/2018 2600/2600/2579
f 2033/2033/2018 2598/2598/2577 2030/2030/2015
f 2600/2600/2579 1883/1883/1868 2601/2601/2580
f 1883/1883/1868 2600/2600/2579 2033/2033/2018
f 2596/2596/2575 2601/2601/2580 2602/2602/2581
f 2602/2602/2581 2593/2593/2572 2596/2596/2575
f 1887/1887/1872 2602/2602/2581 2601/2601/2580
f 1883/1883/1868 1887/1887/1872 2601/2601/2580
f 2593/2593/2572 2602/2602/2581 2603/2603/2582
f 2603/2603/2582 2591/2591/2570 2593/2593/2572
f 2604/2604/2583 2603/2603/2582 2602/2602/2581
f 2602/2602/2581 1887/1887/1872 2604/2604/2583
f 2591/2591/2570 2603/2603/2582 2605/2605/2584
f 2605/2605/2584 2590/2590/2569 2591/2591/2570
f 2603/2603/2582 2604/2604/2583 2606/2606/2585
f 2606/2606/2585 2605/2605/2584 2603/2603/2582
f 2590/2590/2569 2605/2605/2584 2607/2607/2586
f 2607/2607/2586 2594/2594/2573 2590/2590/2569
f 2605/2605/2584 2606/2606/2585 2608/2608/2587
f 2608/2608/2587 2607/2607/2586 2605/2605/2584
f 2594/2594/2573 2607/2607/2586 2609/2609/2588
f 2609/2609/2588 2597/2597/2576 2594/2594/2573
f 2607/2607/2586 2608/2608/2587 2610/2610/2589
f 2610/2610/2589 2609/2609/2588 2607/2607/2586
f 2597/2597/2576 2609/2609/2588 2611/2611/2590
f 2609/2609/2588 2610/2610/2589 2612/2612/2591
f 2612/2612/2591 2611/2611/2590 2609/2609/2588
f 2611/2611/2590 2599/2599/2578 2597/2597/2576
f 2613/2613/2592 2612/2612/2591 2610/2610/2589
f 2614/2614/2593 2610/2610/2589 2608/2608/2587
f 2610/2610/2589 2614/2614/2593 2613/2613/2592
f 2608/2608/2587 2615/2615/2594 2614/2614/2593
f 2615/2615/2594 2608/2608/2587 2606/2606/2585
f 2606/2606/2585 2616/2616/2595 2615/2615/2594
f 2616/2616/2595 2606/2606/2585 2604/2604/2583
f 2617/2617/2596 2614/2614/2593 2615/2615/2594
f 2618/2618/2597 2615/2615/2594 2616/2616/2595
f 2617/2617/2596 2615/2615/2594 2618/2618/2597
f 2604/2604/2583 1890/1890/1875 2616/2616/2595
f 1890/1890/1875 2604/2604/2583 1887/1887/1872
f 2618/2618/2597 2616/2616/2595 2619/2619/2598
f 2619/2619/2598 2616/2616/2595 1890/1890/1875
f 2620/2620/2599 2614/2614/2593 2617/2617/2596
f 2620/2620/2599 2613/2613/2592 2614/2614/2593
f 2618/2618/2597 2621/2621/2600 2617/2617/2596
f 2617/2617/2596 2622/2622/2601 2620/2620/2599
f 2622/2622/2601 2617/2617/2596 2621/2621/2600
f 2621/2621/2600 2618/2618/2597 2623/2623/2602
f 2619/2619/2598 2623/2623/2602 2618/2618/2597
f 2621/2621/2600 2624/2624/2603 2622/2622/2601
f 2623/2623/2602 2625/2625/2604 2621/2621/2600
f 2624/2624/2603 2621/2621/2600 2625/2625/2604
f 2625/2625/2604 2623/2623/2602 2626/2626/2605
f 2623/2623/2602 2619/2619/2598 2627/2627/2606
f 2627/2627/2606 2626/2626/2605 2623/2623/2602
f 1891/1891/1876 2627/2627/2606 2619/2619/2598
f 2619/2619/2598 1890/1890/1875 1891/1891/1876
f 2626/2626/2605 2627/2627/2606 2628/2628/2607
f 2625/2625/2604 2629/2629/2608 2624/2624/2603
f 2626/2626/2605 2630/2630/2609 2625/2625/2604
f 2629/2629/2608 2625/2625/2604 2630/2630/2609
f 2630/2630/2609 2626/2626/2605 2631/2631/2610
f 2628/2628/2607 2631/2631/2610 2626/2626/2605
f 2632/2632/2611 2628/2628/2607 2627/2627/2606
f 2627/2627/2606 1891/1891/1876 2632/2632/2611
f 2631/2631/2610 2628/2628/2607 2633/2633/2612
f 2628/2628/2607 2632/2632/2611 2634/2634/2613
f 2634/2634/2613 2633/2633/2612 2628/2628/2607
f 2635/2635/2614 2632/2632/2611 1891/1891/1876
f 2635/2635/2614 2634/2634/2613 2632/2632/2611
f 2635/2635/2614 1891/1891/1876 1893/1893/1878
f 2633/2633/2612 2634/2634/2613 2636/2636/2615
f 2634/2634/2613 2635/2635/2614 2637/2637/2616
f 2637/2637/2616 2636/2636/2615 2634/2634/2613
f 1895/1895/1880 2637/2637/2616 2635/2635/2614
f 1895/1895/1880 2635/2635/2614 1893/1893/1878
f 2636/2636/2615 2637/2637/2616 2638/2638/2617
f 2636/2636/2615 2639/2639/2618 2633/2633/2612
f 2637/2637/2616 1895/1895/1880 1900/1900/1885
f 1900/1900/1885 2638/2638/2617 2637/2637/2616
f 2638/2638/2617 2640/2640/2619 2636/2636/2615
f 2639/2639/2618 2636/2636/2615 2640/2640/2619
f 2638/2638/2617 1900/1900/1885 1909/1909/1894
f 2641/2641/2620 2633/2633/2612 2639/2639/2618
f 2633/2633/2612 2641/2641/2620 2631/2631/2610
f 2640/2640/2619 2638/2638/2617 2642/2642/2621
f 1909/1909/1894 2642/2642/2621 2638/2638/2617
f 2640/2640/2619 2643/2643/2622 2639/2639/2618
f 2644/2644/2623 2631/2631/2610 2641/2641/2620
f 2631/2631/2610 2644/2644/2623 2630/2630/2609
f 2639/2639/2618 2645/2645/2624 2641/2641/2620
f 2645/2645/2624 2639/2639/2618 2643/2643/2622
f 2641/2641/2620 2646/2646/2625 2644/2644/2623
f 2646/2646/2625 2641/2641/2620 2645/2645/2624
f 2647/2647/2626 2630/2630/2609 2644/2644/2623
f 2630/2630/2609 2647/2647/2626 2629/2629/2608
f 2648/2648/2627 2644/2644/2623 2646/2646/2625
f 2644/2644/2623 2648/2648/2627 2647/2647/2626
f 2645/2645/2624 2649/2649/2628 2646/2646/2625
f 2646/2646/2625 2650/2650/2629 2648/2648/2627
f 2650/2650/2629 2646/2646/2625 2649/2649/2628
f 2649/2649/2628 2645/2645/2624 2651/2651/2630
f 2643/2643/2622 2651/2651/2630 2645/2645/2624
f 2649/2649/2628 2652/2652/2631 2650/2650/2629
f 2653/2653/2632 2648/2648/2627 2650/2650/2629
f 2652/2652/2631 2653/2653/2632 2650/2650/2629
f 2648/2648/2627 2653/2653/2632 2654/2654/2633
f 2654/2654/2633 2647/2647/2626 2648/2648/2627
f 2651/2651/2630 2655/2655/2634 2649/2649/2628
f 2652/2652/2631 2649/2649/2628 2655/2655/2634
f 2647/2647/2626 2654/2654/2633 2656/2656/2635
f 2656/2656/2635 2629/2629/2608 2647/2647/2626
f 2657/2657/2636 2654/2654/2633 2653/2653/2632
f 2629/2629/2608 2656/2656/2635 2658/2658/2637
f 2658/2658/2637 2624/2624/2603 2629/2629/2608
f 2659/2659/2638 2656/2656/2635 2654/2654/2633
f 2654/2654/2633 2657/2657/2636 2659/2659/2638
f 2660/2660/2639 2658/2658/2637 2656/2656/2635
f 2656/2656/2635 2659/2659/2638 2660/2660/2639
f 2624/2624/2603 2658/2658/2637 2661/2661/2640
f 2661/2661/2640 2622/2622/2601 2624/2624/2603
f 2658/2658/2637 2660/2660/2639 2662/2662/2641
f 2662/2662/2641 2661/2661/2640 2658/2658/2637
f 2622/2622/2601 2661/2661/2640 2663/2663/2642
f 2663/2663/2642 2620/2620/2599 2622/2622/2601
f 2661/2661/2640 2662/2662/2641 2664/2664/2643
f 2664/2664/2643 2663/2663/2642 2661/2661/2640
f 2620/2620/2599 2663/2663/2642 2665/2665/2644
f 2665/2665/2644 2613/2613/2592 2620/2620/2599
f 2663/2663/2642 2664/2664/2643 2666/2666/2645
f 2666/2666/2645 2665/2665/2644 2663/2663/2642
f 2665/2665/2644 2667/2667/2646 2613/2613/2592
f 2612/2612/2591 2613/2613/2592 2667/2667/2646
f 2665/2665/2644 2666/2666/2645 2668/2668/2647
f 2668/2668/2647 2667/2667/2646 2665/2665/2644
f 2667/2667/2646 2669/2669/2648 2612/2612/2591
f 2611/2611/2590 2612/2612/2591 2669/2669/2648
f 2668/2668/2647 2670/2670/2649 2667/2667/2646
f 2669/2669/2648 2667/2667/2646 2670/2670/2649
f 2669/2669/2648 2671/2671/2650 2611/2611/2590
f 2599/2599/2578 2611/2611/2590 2671/2671/2650
f 2670/2670/2649 2672/2672/2651 2669/2669/2648
f 2671/2671/2650 2669/2669/2648 2672/2672/2651
f 2673/2673/2652 2599/2599/2578 2671/2671/2650
f 2672/2672/2651 2673/2673/2652 2671/2671/2650
f 2599/2599/2578 2673/2673/2652 2674/2674/2653
f 2588/2588/2567 2599/2599/2578 2674/2674/2653
f 2673/2673/2652 2672/2672/2651 2675/2675/2654
f 2676/2676/2655 2588/2588/2567 2674/2674/2653
f 2677/2677/2656 2674/2674/2653 2673/2673/2652
f 2674/2674/2653 2677/2677/2656 2676/2676/2655
f 2678/2678/2657 2673/2673/2652 2675/2675/2654
f 2673/2673/2652 2678/2678/2657 2677/2677/2656
f 2672/2672/2651 2679/2679/2658 2675/2675/2654
f 2675/2675/2654 2680/2680/2659 2678/2678/2657
f 2680/2680/2659 2675/2675/2654 2679/2679/2658
f 2679/2679/2658 2672/2672/2651 2681/2681/2660
f 2672/2672/2651 2670/2670/2649 2681/2681/2660
f 2679/2679/2658 2682/2682/2661 2680/2680/2659
f 2683/2683/2662 2681/2681/2660 2670/2670/2649
f 2683/2683/2662 2670/2670/2649 2668/2668/2647
f 2681/2681/2660 2684/2684/2663 2679/2679/2658
f 2682/2682/2661 2679/2679/2658 2684/2684/2663
f 2685/2685/2664 2681/2681/2660 2683/2683/2662
f 2684/2684/2663 2681/2681/2660 2685/2685/2664
f 2668/2668/2647 2686/2686/2665 2683/2683/2662
f 2687/2687/2666 2682/2682/2661 2684/2684/2663
f 2685/2685/2664 2687/2687/2666 2684/2684/2663
f 2686/2686/2665 2668/2668/2647 2666/2666/2645
f 2683/2683/2662 2688/2688/2667 2685/2685/2664
f 2688/2688/2667 2683/2683/2662 2686/2686/2665
f 2687/2687/2666 2685/2685/2664 2688/2688/2667
f 2666/2666/2645 2689/2689/2668 2686/2686/2665
f 2689/2689/2668 2666/2666/2645 2664/2664/2643
f 2686/2686/2665 2690/2690/2669 2688/2688/2667
f 2690/2690/2669 2686/2686/2665 2689/2689/2668
f 2688/2688/2667 2691/2691/2670 2687/2687/2666
f 2691/2691/2670 2688/2688/2667 2690/2690/2669
f 2664/2664/2643 2692/2692/2671 2689/2689/2668
f 2692/2692/2671 2664/2664/2643 2662/2662/2641
f 2689/2689/2668 2693/2693/2672 2690/2690/2669
f 2693/2693/2672 2689/2689/2668 2692/2692/2671
f 2690/2690/2669 2694/2694/2673 2691/2691/2670
f 2694/2694/2673 2690/2690/2669 2693/2693/2672
f 2695/2695/2674 2696/2696/2675 2252/2252/2237
f 2252/2252/2237 2257/2257/2242 2695/2695/2674
f 2697/2697/2676 2696/2696/2675 2698/2698/2677
f 2249/2249/2234 2252/2252/2237 2696/2696/2675
f 2249/2249/2234 2696/2696/2675 2697/2697/2676
f 2697/2697/2676 2698/2698/2677 2699/2699/2678
f 2699/2699/2678 2698/2698/2677 2700/2700/2679
f 2244/2244/2229 2249/2249/2234 2697/2697/2676
f 2701/2701/2680 2697/2697/2676 2699/2699/2678
f 2244/2244/2229 2697/2697/2676 2701/2701/2680
f 2699/2699/2678 2700/2700/2679 2702/2702/2681
f 2701/2701/2680 2699/2699/2678 2703/2703/2682
f 2703/2703/2682 2699/2699/2678 2702/2702/2681
f 2702/2702/2681 2700/2700/2679 2704/2704/2683
f 2705/2705/2684 2704/2704/2683 2700/2700/2679
f 2703/2703/2682 2702/2702/2681 2706/2706/2685
f 2704/2704/2683 2705/2705/2684 2707/2707/2686
f 2708/2708/2687 2707/2707/2686 2705/2705/2684
f 2702/2702/2681 2704/2704/2683 2709/2709/2688
f 2706/2706/2685 2702/2702/2681 2709/2709/2688
f 2707/2707/2686 2710/2710/2689 2704/2704/2683
f 2709/2709/2688 2704/2704/2683 2710/2710/2689
f 2707/2707/2686 2708/2708/2687 2711/2711/2690
f 2712/2712/2691 2711/2711/2690 2708/2708/2687
f 2710/2710/2689 2707/2707/2686 2713/2713/2692
f 2711/2711/2690 2713/2713/2692 2707/2707/2686
f 2711/2711/2690 2712/2712/2691 2714/2714/2693
f 2713/2713/2692 2711/2711/2690 2715/2715/2694
f 2714/2714/2693 2715/2715/2694 2711/2711/2690
f 2716/2716/2695 2714/2714/2693 2712/2712/2691
f 2715/2715/2694 2717/2717/2696 2713/2713/2692
f 2713/2713/2692 2718/2718/2697 2710/2710/2689
f 2718/2718/2697 2713/2713/2692 2717/2717/2696
f 2719/2719/2698 2710/2710/2689 2718/2718/2697
f 2710/2710/2689 2719/2719/2698 2709/2709/2688
f 2720/2720/2699 2709/2709/2688 2719/2719/2698
f 2706/2706/2685 2709/2709/2688 2720/2720/2699
f 2718/2718/2697 2721/2721/2700 2719/2719/2698
f 2722/2722/2701 2719/2719/2698 2721/2721/2700
f 2720/2720/2699 2719/2719/2698 2722/2722/2701
f 2721/2721/2700 2718/2718/2697 2723/2723/2702
f 2717/2717/2696 2723/2723/2702 2718/2718/2697
f 2721/2721/2700 2723/2723/2702 2724/2724/2703
f 2724/2724/2703 2722/2722/2701 2721/2721/2700
f 2723/2723/2702 2717/2717/2696 2725/2725/2704
f 2724/2724/2703 2723/2723/2702 2726/2726/2705
f 2725/2725/2704 2726/2726/2705 2723/2723/2702
f 2727/2727/2706 2725/2725/2704 2717/2717/2696
f 2717/2717/2696 2715/2715/2694 2727/2727/2706
f 2726/2726/2705 2725/2725/2704 2728/2728/2707
f 2722/2722/2701 2724/2724/2703 2729/2729/2708
f 2724/2724/2703 2726/2726/2705 2730/2730/2709
f 2730/2730/2709 2729/2729/2708 2724/2724/2703
f 2730/2730/2709 2726/2726/2705 2731/2731/2710
f 2728/2728/2707 2731/2731/2710 2726/2726/2705
f 2732/2732/2711 2728/2728/2707 2725/2725/2704
f 2725/2725/2704 2727/2727/2706 2732/2732/2711
f 2731/2731/2710 2728/2728/2707 2733/2733/2712
f 2728/2728/2707 2732/2732/2711 2734/2734/2713
f 2734/2734/2713 2733/2733/2712 2728/2728/2707
f 2727/2727/2706 2735/2735/2714 2732/2732/2711
f 2735/2735/2714 2734/2734/2713 2732/2732/2711
f 2736/2736/2715 2737/2737/2716 2738/2738/2717
f 2739/2739/2718 2737/2737/2716 2736/2736/2715
f 2739/2739/2718 413/413/413 2737/2737/2716
f 411/411/411 2737/2737/2716 413/413/413
f 2737/2737/2716 411/411/411 2740/2740/2719
f 2737/2737/2716 2740/2740/2719 2738/2738/2717
f 409/409/409 2740/2740/2719 411/411/411
f 2740/2740/2719 409/409/409 2741/2741/2720
f 410/410/410 2741/2741/2720 409/409/409
f 2738/2738/2717 2740/2740/2719 2742/2742/2721
f 2740/2740/2719 2741/2741/2720 2742/2742/2721
f 2741/2741/2720 410/410/410 2743/2743/2722
f 2742/2742/2721 2741/2741/2720 2743/2743/2722
f 410/410/410 2744/2744/2723 2743/2743/2722
f 2744/2744/2723 410/410/410 418/418/418
f 2742/2742/2721 2743/2743/2722 2745/2745/2724
f 2746/2746/2725 2743/2743/2722 2744/2744/2723
f 2743/2743/2722 2746/2746/2725 2745/2745/2724
f 2747/2747/2726 2744/2744/2723 418/418/418
f 2747/2747/2726 2746/2746/2725 2744/2744/2723
f 422/422/422 2747/2747/2726 418/418/418
f 432/432/432 2747/2747/2726 422/422/422
f 432/432/432 2748/2748/2727 2747/2747/2726
f 2748/2748/2727 2746/2746/2725 2747/2747/2726
f 2748/2748/2727 432/432/432 667/667/664
f 2749/2749/2728 2745/2745/2724 2746/2746/2725
f 2748/2748/2727 2749/2749/2728 2746/2746/2725
f 667/667/664 2750/2750/2729 2748/2748/2727
f 2750/2750/2729 2749/2749/2728 2748/2748/2727
f 2750/2750/2729 667/667/664 668/668/665
f 668/668/665 677/677/674 2750/2750/2729
f 677/677/674 2751/2751/2730 2750/2750/2729
f 2750/2750/2729 2751/2751/2730 2749/2749/2728
f 677/677/674 674/674/671 2751/2751/2730
f 2745/2745/2724 2749/2749/2728 2752/2752/2731
f 2751/2751/2730 2752/2752/2731 2749/2749/2728
f 2752/2752/2731 2742/2742/2721 2745/2745/2724
f 674/674/671 2753/2753/2732 2751/2751/2730
f 2752/2752/2731 2751/2751/2730 2753/2753/2732
f 2753/2753/2732 674/674/671 1499/1499/1489
f 2742/2742/2721 2752/2752/2731 2754/2754/2733
f 2753/2753/2732 2754/2754/2733 2752/2752/2731
f 2738/2738/2717 2742/2742/2721 2754/2754/2733
f 1499/1499/1489 2755/2755/2734 2753/2753/2732
f 2754/2754/2733 2753/2753/2732 2755/2755/2734
f 2755/2755/2734 1499/1499/1489 1498/1498/1488
f 2756/2756/2735 2738/2738/2717 2754/2754/2733
f 2756/2756/2735 2754/2754/2733 2755/2755/2734
f 2736/2736/2715 2738/2738/2717 2756/2756/2735
f 2757/2757/2736 2755/2755/2734 1498/1498/1488
f 2757/2757/2736 2756/2756/2735 2755/2755/2734
f 1500/1500/1490 2757/2757/2736 1498/1498/1488
f 2758/2758/2737 2736/2736/2715 2756/2756/2735
f 2758/2758/2737 2756/2756/2735 2757/2757/2736
f 2759/2759/2738 2736/2736/2715 2758/2758/2737
f 2760/2760/2739 2757/2757/2736 1500/1500/1490
f 2760/2760/2739 2758/2758/2737 2757/2757/2736
f 2761/2761/2740 2760/2760/2739 1500/1500/1490
f 1500/1500/1490 1503/1503/1493 2761/2761/2740
f 2762/2762/2741 2758/2758/2737 2760/2760/2739
f 2762/2762/2741 2759/2759/2738 2758/2758/2737
f 2763/2763/2742 2760/2760/2739 2761/2761/2740
f 2763/2763/2742 2762/2762/2741 2760/2760/2739
f 2764/2764/2743 2761/2761/2740 1503/1503/1493
f 1503/1503/1493 1505/1505/1495 2764/2764/2743
f 2765/2765/2744 2763/2763/2742 2761/2761/2740
f 2761/2761/2740 2764/2764/2743 2765/2765/2744
f 2766/2766/2745 2762/2762/2741 2763/2763/2742
f 2766/2766/2745 2759/2759/2738 2762/2762/2741
f 2767/2767/2746 2763/2763/2742 2765/2765/2744
f 2767/2767/2746 2766/2766/2745 2763/2763/2742
f 2768/2768/2747 2765/2765/2744 2764/2764/2743
f 2768/2768/2747 2767/2767/2746 2765/2765/2744
f 2769/2769/2748 2764/2764/2743 1505/1505/1495
f 2769/2769/2748 2768/2768/2747 2764/2764/2743
f 1510/1510/1500 2769/2769/2748 1505/1505/1495
f 2770/2770/2749 2767/2767/2746 2768/2768/2747
f 2771/2771/2750 2769/2769/2748 1510/1510/1500
f 1517/1517/1507 2771/2771/2750 1510/1510/1500
f 2772/2772/2751 2768/2768/2747 2769/2769/2748
f 2772/2772/2751 2770/2770/2749 2768/2768/2747
f 2771/2771/2750 2772/2772/2751 2769/2769/2748
f 2770/2770/2749 2773/2773/2752 2767/2767/2746
f 2773/2773/2752 2766/2766/2745 2767/2767/2746
f 2774/2774/2753 2770/2770/2749 2772/2772/2751
f 2774/2774/2753 2773/2773/2752 2770/2770/2749
f 2775/2775/2754 2772/2772/2751 2771/2771/2750
f 2775/2775/2754 2774/2774/2753 2772/2772/2751
f 2776/2776/2755 2771/2771/2750 1517/1517/1507
f 2776/2776/2755 2775/2775/2754 2771/2771/2750
f 1532/1532/1522 2776/2776/2755 1517/1517/1507
f 1545/1545/1535 2776/2776/2755 1532/1532/1522
f 1545/1545/1535 2777/2777/2756 2776/2776/2755
f 2777/2777/2756 2775/2775/2754 2776/2776/2755
f 1545/1545/1535 2778/2778/2757 2777/2777/2756
f 2778/2778/2757 2779/2779/2758 2777/2777/2756
f 2777/2777/2756 2779/2779/2758 2775/2775/2754
f 2779/2779/2758 2774/2774/2753 2775/2775/2754
f 2779/2779/2758 2780/2780/2759 2774/2774/2753
f 2780/2780/2759 2779/2779/2758 2781/2781/2760
f 2773/2773/2752 2774/2774/2753 2780/2780/2759
f 2781/2781/2760 392/392/392 2780/2780/2759
f 2780/2780/2759 392/392/392 2773/2773/2752
f 392/392/392 2782/2782/2761 2773/2773/2752
f 392/392/392 390/390/390 2782/2782/2761
f 2783/2783/2762 2773/2773/2752 2782/2782/2761
f 2773/2773/2752 2783/2783/2762 2766/2766/2745
f 2759/2759/2738 2766/2766/2745 2783/2783/2762
f 2782/2782/2761 2784/2784/2763 2783/2783/2762
f 2784/2784/2763 2782/2782/2761 390/390/390
f 2783/2783/2762 2784/2784/2763 2759/2759/2738
f 391/391/391 2784/2784/2763 390/390/390
f 2784/2784/2763 2739/2739/2718 2759/2759/2738
f 2759/2759/2738 2739/2739/2718 2736/2736/2715
f 2784/2784/2763 391/391/391 2785/2785/2764
f 2785/2785/2764 2739/2739/2718 2784/2784/2763
f 391/391/391 388/388/388 2785/2785/2764
f 2739/2739/2718 2785/2785/2764 2786/2786/2765
f 2785/2785/2764 388/388/388 2786/2786/2765
f 413/413/413 2739/2739/2718 2786/2786/2765
f 388/388/388 395/395/395 2786/2786/2765
f 2786/2786/2765 395/395/395 413/413/413
f 2266/2266/2251 2787/2787/2766 2267/2267/2252
f 2788/2788/2767 2261/2261/2246 2267/2267/2252
f 2261/2261/2246 2788/2788/2767 2262/2262/2247
f 2267/2267/2252 2789/2789/2768 2788/2788/2767
f 2789/2789/2768 2267/2267/2252 2787/2787/2766
f 2790/2790/2769 2262/2262/2247 2788/2788/2767
f 2262/2262/2247 2790/2790/2769 2791/2791/2770
f 2652/2652/2631 2791/2791/2770 2790/2790/2769
f 2788/2788/2767 2792/2792/2771 2790/2790/2769
f 2792/2792/2771 2788/2788/2767 2789/2789/2768
f 2790/2790/2769 2793/2793/2772 2652/2652/2631
f 2793/2793/2772 2790/2790/2769 2792/2792/2771
f 2653/2653/2632 2652/2652/2631 2793/2793/2772
f 2793/2793/2772 2657/2657/2636 2653/2653/2632
f 2657/2657/2636 2793/2793/2772 2794/2794/2773
f 2792/2792/2771 2794/2794/2773 2793/2793/2772
f 2794/2794/2773 2795/2795/2774 2657/2657/2636
f 2789/2789/2768 2796/2796/2775 2792/2792/2771
f 2794/2794/2773 2792/2792/2771 2796/2796/2775
f 2795/2795/2774 2794/2794/2773 2797/2797/2776
f 2796/2796/2775 2797/2797/2776 2794/2794/2773
f 2797/2797/2776 2798/2798/2777 2795/2795/2774
f 2796/2796/2775 2789/2789/2768 2799/2799/2778
f 2787/2787/2766 2799/2799/2778 2789/2789/2768
f 2797/2797/2776 2796/2796/2775 2800/2800/2779
f 2799/2799/2778 2800/2800/2779 2796/2796/2775
f 2798/2798/2777 2797/2797/2776 2801/2801/2780
f 2800/2800/2779 2801/2801/2780 2797/2797/2776
f 2801/2801/2780 2802/2802/2781 2798/2798/2777
f 2802/2802/2781 2801/2801/2780 2803/2803/2782
f 2803/2803/2782 1176/1176/1169 2802/2802/2781
f 1176/1176/1169 2803/2803/2782 1180/1180/1173
f 2804/2804/2783 2803/2803/2782 2801/2801/2780
f 2801/2801/2780 2800/2800/2779 2804/2804/2783
f 2805/2805/2784 1180/1180/1173 2803/2803/2782
f 2803/2803/2782 2804/2804/2783 2805/2805/2784
f 1180/1180/1173 2805/2805/2784 1193/1193/1186
f 2806/2806/2785 2804/2804/2783 2800/2800/2779
f 2800/2800/2779 2799/2799/2778 2806/2806/2785
f 2807/2807/2786 2805/2805/2784 2804/2804/2783
f 2804/2804/2783 2806/2806/2785 2807/2807/2786
f 2808/2808/2787 1193/1193/1186 2805/2805/2784
f 2805/2805/2784 2807/2807/2786 2808/2808/2787
f 1193/1193/1186 2808/2808/2787 1194/1194/1187
f 2809/2809/2788 2806/2806/2785 2799/2799/2778
f 2799/2799/2778 2787/2787/2766 2809/2809/2788
f 2810/2810/2789 2807/2807/2786 2806/2806/2785
f 2806/2806/2785 2809/2809/2788 2810/2810/2789
f 2811/2811/2790 2808/2808/2787 2807/2807/2786
f 2807/2807/2786 2810/2810/2789 2811/2811/2790
f 2812/2812/2791 1194/1194/1187 2808/2808/2787
f 2808/2808/2787 2811/2811/2790 2812/2812/2791
f 1194/1194/1187 2812/2812/2791 1195/1195/1188
f 2813/2813/2792 2809/2809/2788 2787/2787/2766
f 2787/2787/2766 2266/2266/2251 2813/2813/2792
f 2268/2268/2253 2813/2813/2792 2266/2266/2251
f 2809/2809/2788 2813/2813/2792 2814/2814/2793
f 2814/2814/2793 2810/2810/2789 2809/2809/2788
f 2815/2815/2794 2813/2813/2792 2268/2268/2253
f 2815/2815/2794 2814/2814/2793 2813/2813/2792
f 2816/2816/2795 2815/2815/2794 2268/2268/2253
f 2816/2816/2795 2268/2268/2253 2265/2265/2250
f 2817/2817/2796 2814/2814/2793 2815/2815/2794
f 2810/2810/2789 2814/2814/2793 2818/2818/2797
f 2817/2817/2796 2818/2818/2797 2814/2814/2793
f 2818/2818/2797 2811/2811/2790 2810/2810/2789
f 2819/2819/2798 2817/2817/2796 2815/2815/2794
f 2819/2819/2798 2815/2815/2794 2816/2816/2795
f 2820/2820/2799 2818/2818/2797 2817/2817/2796
f 2811/2811/2790 2818/2818/2797 2821/2821/2800
f 2820/2820/2799 2821/2821/2800 2818/2818/2797
f 2821/2821/2800 2812/2812/2791 2811/2811/2790
f 2812/2812/2791 2821/2821/2800 2822/2822/2801
f 2822/2822/2801 1195/1195/1188 2812/2812/2791
f 1195/1195/1188 2822/2822/2801 1197/1197/1190
f 2823/2823/2802 2822/2822/2801 2821/2821/2800
f 2823/2823/2802 2821/2821/2800 2820/2820/2799
f 2824/2824/2803 1197/1197/1190 2822/2822/2801
f 2824/2824/2803 2822/2822/2801 2823/2823/2802
f 2825/2825/2804 1197/1197/1190 2824/2824/2803
f 2825/2825/2804 1198/1198/1191 1197/1197/1190
f 2199/2199/2184 1198/1198/1191 2825/2825/2804
f 2825/2825/2804 2211/2211/2196 2199/2199/2184
f 2211/2211/2196 2825/2825/2804 2826/2826/2805
f 2824/2824/2803 2826/2826/2805 2825/2825/2804
f 2826/2826/2805 2212/2212/2197 2211/2211/2196
f 2823/2823/2802 2827/2827/2806 2824/2824/2803
f 2826/2826/2805 2824/2824/2803 2827/2827/2806
f 2212/2212/2197 2826/2826/2805 2828/2828/2807
f 2827/2827/2806 2828/2828/2807 2826/2826/2805
f 2828/2828/2807 2213/2213/2198 2212/2212/2197
f 2828/2828/2807 2218/2218/2203 2213/2213/2198
f 2829/2829/2808 2218/2218/2203 2828/2828/2807
f 2828/2828/2807 2827/2827/2806 2829/2829/2808
f 2829/2829/2808 2221/2221/2206 2218/2218/2203
f 2827/2827/2806 2823/2823/2802 2830/2830/2809
f 2830/2830/2809 2829/2829/2808 2827/2827/2806
f 2820/2820/2799 2830/2830/2809 2823/2823/2802
f 2831/2831/2810 2221/2221/2206 2829/2829/2808
f 2829/2829/2808 2830/2830/2809 2831/2831/2810
f 2830/2830/2809 2820/2820/2799 2832/2832/2811
f 2832/2832/2811 2831/2831/2810 2830/2830/2809
f 2832/2832/2811 2820/2820/2799 2833/2833/2812
f 2833/2833/2812 2820/2820/2799 2817/2817/2796
f 2833/2833/2812 2817/2817/2796 2819/2819/2798
f 2833/2833/2812 2834/2834/2813 2832/2832/2811
f 2831/2831/2810 2832/2832/2811 2834/2834/2813
f 2831/2831/2810 2835/2835/2814 2221/2221/2206
f 2834/2834/2813 2835/2835/2814 2831/2831/2810
f 2835/2835/2814 2223/2223/2208 2221/2221/2206
f 2835/2835/2814 2232/2232/2217 2223/2223/2208
f 2834/2834/2813 2836/2836/2815 2835/2835/2814
f 2836/2836/2815 2232/2232/2217 2835/2835/2814
f 2834/2834/2813 2833/2833/2812 2837/2837/2816
f 2837/2837/2816 2836/2836/2815 2834/2834/2813
f 2819/2819/2798 2837/2837/2816 2833/2833/2812
f 2836/2836/2815 2838/2838/2817 2232/2232/2217
f 2838/2838/2817 2227/2227/2212 2232/2232/2217
f 2837/2837/2816 2839/2839/2818 2836/2836/2815
f 2839/2839/2818 2838/2838/2817 2836/2836/2815
f 2837/2837/2816 2819/2819/2798 2840/2840/2819
f 2840/2840/2819 2839/2839/2818 2837/2837/2816
f 2816/2816/2795 2840/2840/2819 2819/2819/2798
f 2838/2838/2817 2841/2841/2820 2227/2227/2212
f 2841/2841/2820 2229/2229/2214 2227/2227/2212
f 2841/2841/2820 1556/1556/1546 2229/2229/2214
f 2842/2842/2821 2841/2841/2820 2838/2838/2817
f 2839/2839/2818 2842/2842/2821 2838/2838/2817
f 2843/2843/2822 1556/1556/1546 2841/2841/2820
f 2842/2842/2821 2843/2843/2822 2841/2841/2820
f 2843/2843/2822 1555/1555/1545 1556/1556/1546
f 2844/2844/2823 2842/2842/2821 2839/2839/2818
f 2840/2840/2819 2844/2844/2823 2839/2839/2818
f 2845/2845/2824 2843/2843/2822 2842/2842/2821
f 2844/2844/2823 2845/2845/2824 2842/2842/2821
f 2846/2846/2825 1555/1555/1545 2843/2843/2822
f 2845/2845/2824 2846/2846/2825 2843/2843/2822
f 2846/2846/2825 1559/1559/1549 1555/1555/1545
f 2245/2245/2230 1559/1559/1549 2846/2846/2825
f 2847/2847/2826 2245/2245/2230 2846/2846/2825
f 2847/2847/2826 2846/2846/2825 2845/2845/2824
f 2246/2246/2231 2245/2245/2230 2847/2847/2826
f 2255/2255/2240 2246/2246/2231 2847/2847/2826
f 2848/2848/2827 2847/2847/2826 2845/2845/2824
f 2255/2255/2240 2847/2847/2826 2848/2848/2827
f 2848/2848/2827 2845/2845/2824 2844/2844/2823
f 2260/2260/2245 2255/2255/2240 2848/2848/2827
f 2849/2849/2828 2848/2848/2827 2844/2844/2823
f 2260/2260/2245 2848/2848/2827 2849/2849/2828
f 2849/2849/2828 2844/2844/2823 2840/2840/2819
f 2849/2849/2828 2265/2265/2250 2260/2260/2245
f 2840/2840/2819 2816/2816/2795 2849/2849/2828
f 2265/2265/2250 2849/2849/2828 2816/2816/2795
f 1915/1915/1900 2850/2850/2829 1907/1907/1892
f 1909/1909/1894 1907/1907/1892 2850/2850/2829
f 1916/1916/1901 2851/2851/2830 1915/1915/1900
f 2850/2850/2829 1915/1915/1900 2851/2851/2830
f 2850/2850/2829 2852/2852/2831 1909/1909/1894
f 2642/2642/2621 1909/1909/1894 2852/2852/2831
f 2851/2851/2830 2853/2853/2832 2850/2850/2829
f 2852/2852/2831 2850/2850/2829 2853/2853/2832
f 2851/2851/2830 1916/1916/1901 2854/2854/2833
f 2852/2852/2831 2855/2855/2834 2642/2642/2621
f 2853/2853/2832 2851/2851/2830 2856/2856/2835
f 2854/2854/2833 2856/2856/2835 2851/2851/2830
f 2853/2853/2832 2857/2857/2836 2852/2852/2831
f 2855/2855/2834 2852/2852/2831 2857/2857/2836
f 2858/2858/2837 2854/2854/2833 1916/1916/1901
f 1916/1916/1901 1914/1914/1899 2858/2858/2837
f 2859/2859/2838 2642/2642/2621 2855/2855/2834
f 2642/2642/2621 2859/2859/2838 2640/2640/2619
f 2643/2643/2622 2640/2640/2619 2859/2859/2838
f 2860/2860/2839 2858/2858/2837 1914/1914/1899
f 2860/2860/2839 1914/1914/1899 1912/1912/1897
f 2859/2859/2838 2861/2861/2840 2643/2643/2622
f 2651/2651/2630 2643/2643/2622 2861/2861/2840
f 2855/2855/2834 2862/2862/2841 2859/2859/2838
f 2861/2861/2840 2859/2859/2838 2862/2862/2841
f 2862/2862/2841 2855/2855/2834 2863/2863/2842
f 2857/2857/2836 2863/2863/2842 2855/2855/2834
f 2862/2862/2841 2864/2864/2843 2861/2861/2840
f 2861/2861/2840 2865/2865/2844 2651/2651/2630
f 2865/2865/2844 2861/2861/2840 2864/2864/2843
f 2655/2655/2634 2651/2651/2630 2865/2865/2844
f 2864/2864/2843 2862/2862/2841 2866/2866/2845
f 2863/2863/2842 2866/2866/2845 2862/2862/2841
f 2867/2867/2846 2865/2865/2844 2864/2864/2843
f 2868/2868/2847 2655/2655/2634 2865/2865/2844
f 2865/2865/2844 2867/2867/2846 2868/2868/2847
f 2655/2655/2634 2868/2868/2847 2791/2791/2770
f 2791/2791/2770 2652/2652/2631 2655/2655/2634
f 2869/2869/2848 2864/2864/2843 2866/2866/2845
f 2864/2864/2843 2869/2869/2848 2867/2867/2846
f 2866/2866/2845 2863/2863/2842 2870/2870/2849
f 2866/2866/2845 2871/2871/2850 2869/2869/2848
f 2871/2871/2850 2866/2866/2845 2870/2870/2849
f 2863/2863/2842 2716/2716/2695 2870/2870/2849
f 2870/2870/2849 2712/2712/2691 2871/2871/2850
f 2712/2712/2691 2870/2870/2849 2716/2716/2695
f 2872/2872/2851 2869/2869/2848 2871/2871/2850
f 2708/2708/2687 2871/2871/2850 2712/2712/2691
f 2871/2871/2850 2708/2708/2687 2872/2872/2851
f 2869/2869/2848 2872/2872/2851 2873/2873/2852
f 2873/2873/2852 2867/2867/2846 2869/2869/2848
f 2867/2867/2846 2873/2873/2852 2874/2874/2853
f 2874/2874/2853 2868/2868/2847 2867/2867/2846
f 2875/2875/2854 2873/2873/2852 2872/2872/2851
f 2868/2868/2847 2874/2874/2853 2876/2876/2855
f 2876/2876/2855 2791/2791/2770 2868/2868/2847
f 2877/2877/2856 2874/2874/2853 2873/2873/2852
f 2873/2873/2852 2875/2875/2854 2877/2877/2856
f 2695/2695/2674 2876/2876/2855 2874/2874/2853
f 2874/2874/2853 2877/2877/2856 2695/2695/2674
f 2791/2791/2770 2876/2876/2855 2262/2262/2247
f 2872/2872/2851 2705/2705/2684 2875/2875/2854
f 2705/2705/2684 2872/2872/2851 2708/2708/2687
f 2698/2698/2677 2877/2877/2856 2875/2875/2854
f 2700/2700/2679 2875/2875/2854 2705/2705/2684
f 2875/2875/2854 2700/2700/2679 2698/2698/2677
f 2877/2877/2856 2698/2698/2677 2696/2696/2675
f 2696/2696/2675 2695/2695/2674 2877/2877/2856
f 2876/2876/2855 2695/2695/2674 2257/2257/2242
f 2257/2257/2242 2262/2262/2247 2876/2876/2855
f 2505/2505/2485 2508/2508/2488 2878/2878/2857
f 2510/2510/2490 2878/2878/2857 2508/2508/2488
f 2878/2878/2857 2879/2879/2858 2505/2505/2485
f 2880/2880/2859 2505/2505/2485 2879/2879/2858
f 2505/2505/2485 2880/2880/2859 2494/2494/2474
f 2879/2879/2858 2878/2878/2857 2881/2881/2860
f 2882/2882/2861 2494/2494/2474 2880/2880/2859
f 2494/2494/2474 2882/2882/2861 2482/2482/2462
f 2883/2883/2862 2880/2880/2859 2879/2879/2858
f 2881/2881/2860 2883/2883/2862 2879/2879/2858
f 2104/2104/2089 2482/2482/2462 2882/2882/2861
f 2884/2884/2863 2882/2882/2861 2880/2880/2859
f 2880/2880/2859 2883/2883/2862 2884/2884/2863
f 2104/2104/2089 2882/2882/2861 2885/2885/2864
f 2885/2885/2864 2103/2103/2088 2104/2104/2089
f 2102/2102/2087 2103/2103/2088 2885/2885/2864
f 2885/2885/2864 2882/2882/2861 2886/2886/2865
f 2102/2102/2087 2885/2885/2864 2886/2886/2865
f 2882/2882/2861 2884/2884/2863 2886/2886/2865
f 2886/2886/2865 2887/2887/2866 2102/2102/2087
f 2884/2884/2863 2887/2887/2866 2886/2886/2865
f 2888/2888/2867 2102/2102/2087 2887/2887/2866
f 2102/2102/2087 2888/2888/2867 2098/2098/2083
f 2887/2887/2866 2884/2884/2863 2889/2889/2868
f 2887/2887/2866 2889/2889/2868 2888/2888/2867
f 2884/2884/2863 2890/2890/2869 2889/2889/2868
f 2890/2890/2869 2884/2884/2863 2883/2883/2862
f 2101/2101/2086 2098/2098/2083 2888/2888/2867
f 2888/2888/2867 2889/2889/2868 2891/2891/2870
f 2888/2888/2867 2891/2891/2870 2101/2101/2086
f 2890/2890/2869 2891/2891/2870 2889/2889/2868
f 2101/2101/2086 2891/2891/2870 2892/2892/2871
f 2891/2891/2870 2890/2890/2869 2893/2893/2872
f 2893/2893/2872 2892/2892/2871 2891/2891/2870
f 2890/2890/2869 2894/2894/2873 2893/2893/2872
f 2883/2883/2862 2895/2895/2874 2890/2890/2869
f 2894/2894/2873 2890/2890/2869 2895/2895/2874
f 2895/2895/2874 2883/2883/2862 2896/2896/2875
f 2883/2883/2862 2881/2881/2860 2896/2896/2875
f 2896/2896/2875 2897/2897/2876 2895/2895/2874
f 2897/2897/2876 2894/2894/2873 2895/2895/2874
f 2881/2881/2860 2898/2898/2877 2896/2896/2875
f 2897/2897/2876 2896/2896/2875 2898/2898/2877
f 2898/2898/2877 2881/2881/2860 2899/2899/2878
f 2881/2881/2860 2900/2900/2879 2899/2899/2878
f 2900/2900/2879 2881/2881/2860 2878/2878/2857
f 2878/2878/2857 2510/2510/2490 2900/2900/2879
f 2900/2900/2879 2901/2901/2880 2899/2899/2878
f 2899/2899/2878 2902/2902/2881 2898/2898/2877
f 2902/2902/2881 2899/2899/2878 2901/2901/2880
f 2898/2898/2877 2903/2903/2882 2897/2897/2876
f 2903/2903/2882 2898/2898/2877 2902/2902/2881
f 2510/2510/2490 2904/2904/2883 2900/2900/2879
f 2901/2901/2880 2900/2900/2879 2904/2904/2883
f 2901/2901/2880 2905/2905/2884 2902/2902/2881
f 2905/2905/2884 2903/2903/2882 2902/2902/2881
f 2904/2904/2883 2906/2906/2885 2901/2901/2880
f 2905/2905/2884 2901/2901/2880 2906/2906/2885
f 2904/2904/2883 2510/2510/2490 2907/2907/2886
f 2509/2509/2489 2907/2907/2886 2510/2510/2490
f 2906/2906/2885 2904/2904/2883 2908/2908/2887
f 2907/2907/2886 2908/2908/2887 2904/2904/2883
f 2906/2906/2885 2517/2517/2497 2905/2905/2884
f 2908/2908/2887 2909/2909/2888 2906/2906/2885
f 2517/2517/2497 2906/2906/2885 2909/2909/2888
f 2909/2909/2888 2908/2908/2887 2910/2910/2889
f 2908/2908/2887 2907/2907/2886 2911/2911/2890
f 2911/2911/2890 2910/2910/2889 2908/2908/2887
f 2907/2907/2886 2509/2509/2489 2912/2912/2891
f 2912/2912/2891 2911/2911/2890 2907/2907/2886
f 2509/2509/2489 2530/2530/2510 2912/2912/2891
f 2911/2911/2890 2912/2912/2891 2527/2527/2507
f 2530/2530/2510 2527/2527/2507 2912/2912/2891
f 2910/2910/2889 2911/2911/2890 2524/2524/2504
f 2527/2527/2507 2524/2524/2504 2911/2911/2890
f 2910/2910/2889 2512/2512/2492 2909/2909/2888
f 2524/2524/2504 2513/2513/2493 2910/2910/2889
f 2512/2512/2492 2910/2910/2889 2513/2513/2493
f 2515/2515/2495 2909/2909/2888 2512/2512/2492
f 2909/2909/2888 2515/2515/2495 2517/2517/2497
f 2662/2662/2641 2913/2913/2892 2692/2692/2671
f 2913/2913/2892 2662/2662/2641 2660/2660/2639
f 2692/2692/2671 2914/2914/2893 2693/2693/2672
f 2914/2914/2893 2692/2692/2671 2913/2913/2892
f 2693/2693/2672 2915/2915/2894 2694/2694/2673
f 2915/2915/2894 2693/2693/2672 2914/2914/2893
f 2660/2660/2639 2916/2916/2895 2913/2913/2892
f 2916/2916/2895 2660/2660/2639 2659/2659/2638
f 2913/2913/2892 2917/2917/2896 2914/2914/2893
f 2917/2917/2896 2913/2913/2892 2916/2916/2895
f 2914/2914/2893 2918/2918/2897 2915/2915/2894
f 2918/2918/2897 2914/2914/2893 2917/2917/2896
f 2659/2659/2638 2795/2795/2774 2916/2916/2895
f 2795/2795/2774 2659/2659/2638 2657/2657/2636
f 2916/2916/2895 2798/2798/2777 2917/2917/2896
f 2798/2798/2777 2916/2916/2895 2795/2795/2774
f 2917/2917/2896 2802/2802/2781 2918/2918/2897
f 2802/2802/2781 2917/2917/2896 2798/2798/2777
f 1176/1176/1169 2918/2918/2897 2802/2802/2781
f 2919/2919/2898 2915/2915/2894 2918/2918/2897
f 2918/2918/2897 1176/1176/1169 2919/2919/2898
f 2915/2915/2894 2919/2919/2898 2920/2920/2899
f 2920/2920/2899 2694/2694/2673 2915/2915/2894
f 1173/1173/1166 2920/2920/2899 2919/2919/2898
f 1176/1176/1169 1173/1173/1166 2919/2919/2898
f 2694/2694/2673 2920/2920/2899 2921/2921/2900
f 2921/2921/2900 2691/2691/2670 2694/2694/2673
f 2920/2920/2899 1173/1173/1166 1169/1169/1162
f 1169/1169/1162 2921/2921/2900 2920/2920/2899
f 2691/2691/2670 2921/2921/2900 2922/2922/2901
f 2922/2922/2901 2687/2687/2666 2691/2691/2670
f 2921/2921/2900 1169/1169/1162 1168/1168/1161
f 1168/1168/1161 2922/2922/2901 2921/2921/2900
f 2687/2687/2666 2922/2922/2901 2923/2923/2902
f 2687/2687/2666 2923/2923/2902 2682/2682/2661
f 2922/2922/2901 1168/1168/1161 2924/2924/2903
f 2924/2924/2903 2923/2923/2902 2922/2922/2901
f 2923/2923/2902 2925/2925/2904 2682/2682/2661
f 2925/2925/2904 2680/2680/2659 2682/2682/2661
f 2923/2923/2902 2924/2924/2903 2926/2926/2905
f 2923/2923/2902 2926/2926/2905 2925/2925/2904
f 1158/1158/1151 2924/2924/2903 1168/1168/1161
f 1154/1154/1147 2926/2926/2905 2924/2924/2903
f 2924/2924/2903 1158/1158/1151 1154/1154/1147
f 2680/2680/2659 2925/2925/2904 2927/2927/2906
f 2927/2927/2906 2678/2678/2657 2680/2680/2659
f 2926/2926/2905 2928/2928/2907 2925/2925/2904
f 2678/2678/2657 2927/2927/2906 2929/2929/2908
f 2929/2929/2908 2677/2677/2656 2678/2678/2657
f 2925/2925/2904 2930/2930/2909 2927/2927/2906
f 2928/2928/2907 2930/2930/2909 2925/2925/2904
f 2927/2927/2906 2931/2931/2910 2929/2929/2908
f 2931/2931/2910 2927/2927/2906 2930/2930/2909
f 2677/2677/2656 2929/2929/2908 2932/2932/2911
f 2931/2931/2910 2932/2932/2911 2929/2929/2908
f 2932/2932/2911 2676/2676/2655 2677/2677/2656
f 2926/2926/2905 1151/1151/1144 2928/2928/2907
f 2926/2926/2905 1154/1154/1147 1151/1151/1144
f 2928/2928/2907 540/540/539 2930/2930/2909
f 2930/2930/2909 539/539/538 2931/2931/2910
f 539/539/538 2930/2930/2909 540/540/539
f 2932/2932/2911 2931/2931/2910 2933/2933/2912
f 539/539/538 2933/2933/2912 2931/2931/2910
f 2933/2933/2912 2934/2934/2913 2932/2932/2911
f 2676/2676/2655 2932/2932/2911 2934/2934/2913
f 544/544/543 540/540/539 2928/2928/2907
f 1151/1151/1144 544/544/543 2928/2928/2907
f 2934/2934/2913 2935/2935/2914 2676/2676/2655
f 2588/2588/2567 2676/2676/2655 2935/2935/2914
f 2934/2934/2913 2933/2933/2912 2936/2936/2915
f 2937/2937/2916 2588/2588/2567 2935/2935/2914
f 2588/2588/2567 2937/2937/2916 2582/2582/2561
f 2935/2935/2914 2934/2934/2913 2938/2938/2917
f 2938/2938/2917 2937/2937/2916 2935/2935/2914
f 2936/2936/2915 2938/2938/2917 2934/2934/2913
f 556/556/555 2582/2582/2561 2937/2937/2916
f 538/538/537 2936/2936/2915 2933/2933/2912
f 2933/2933/2912 539/539/538 538/538/537
f 2937/2937/2916 2938/2938/2917 552/552/551
f 552/552/551 556/556/555 2937/2937/2916
f 2938/2938/2917 2936/2936/2915 550/550/549
f 550/550/549 552/552/551 2938/2938/2917
f 2936/2936/2915 538/538/537 542/542/541
f 542/542/541 550/550/549 2936/2936/2915
f 2892/2892/2871 2939/2939/2918 2940/2940/2919
f 2939/2939/2918 2892/2892/2871 2941/2941/2920
f 2892/2892/2871 2893/2893/2872 2941/2941/2920
f 2893/2893/2872 2942/2942/2921 2941/2941/2920
f 2942/2942/2921 2893/2893/2872 2894/2894/2873
f 2941/2941/2920 2943/2943/2922 2939/2939/2918
f 2943/2943/2922 2941/2941/2920 2942/2942/2921
f 2944/2944/2923 2939/2939/2918 2943/2943/2922
f 2894/2894/2873 2945/2945/2924 2942/2942/2921
f 2942/2942/2921 2946/2946/2925 2943/2943/2922
f 2946/2946/2925 2942/2942/2921 2945/2945/2924
f 2945/2945/2924 2894/2894/2873 2947/2947/2926
f 2894/2894/2873 2897/2897/2876 2947/2947/2926
f 2903/2903/2882 2947/2947/2926 2897/2897/2876
f 2948/2948/2927 2943/2943/2922 2946/2946/2925
f 2943/2943/2922 2948/2948/2927 2944/2944/2923
f 2945/2945/2924 2949/2949/2928 2946/2946/2925
f 2947/2947/2926 2950/2950/2929 2945/2945/2924
f 2949/2949/2928 2945/2945/2924 2950/2950/2929
f 2947/2947/2926 2903/2903/2882 2951/2951/2930
f 2950/2950/2929 2947/2947/2926 2951/2951/2930
f 2946/2946/2925 2952/2952/2931 2948/2948/2927
f 2952/2952/2931 2946/2946/2925 2949/2949/2928
f 2953/2953/2932 2948/2948/2927 2952/2952/2931
f 2949/2949/2928 2954/2954/2933 2952/2952/2931
f 2954/2954/2933 2953/2953/2932 2952/2952/2931
f 2948/2948/2927 2953/2953/2932 2955/2955/2934
f 2955/2955/2934 2944/2944/2923 2948/2948/2927
f 2953/2953/2932 2956/2956/2935 2955/2955/2934
f 2956/2956/2935 2957/2957/2936 2955/2955/2934
f 2944/2944/2923 2955/2955/2934 2957/2957/2936
f 2957/2957/2936 2958/2958/2937 2944/2944/2923
f 2939/2939/2918 2944/2944/2923 2958/2958/2937
f 2958/2958/2937 2940/2940/2919 2939/2939/2918
f 2940/2940/2919 2958/2958/2937 2959/2959/2938
f 2958/2958/2937 2960/2960/2939 2959/2959/2938
f 2961/2961/2940 2959/2959/2938 2960/2960/2939
f 2962/2962/2941 2959/2959/2938 2961/2961/2940
f 2962/2962/2941 2940/2940/2919 2959/2959/2938
f 2961/2961/2940 2085/2085/2070 2962/2962/2941
f 2099/2099/2084 2962/2962/2941 2085/2085/2070
f 2963/2963/2942 2940/2940/2919 2962/2962/2941
f 2962/2962/2941 2099/2099/2084 2963/2963/2942
f 2963/2963/2942 2892/2892/2871 2940/2940/2919
f 2101/2101/2086 2963/2963/2942 2099/2099/2084
f 2892/2892/2871 2963/2963/2942 2101/2101/2086
f 1540/1540/1530 2964/2964/2943 1547/1547/1537
f 2964/2964/2943 1550/1550/1540 1547/1547/1537
f 2965/2965/2944 1548/1548/1538 1550/1550/1540
f 1550/1550/1540 2964/2964/2943 2965/2965/2944
f 2778/2778/2757 1545/1545/1535 1543/1543/1533
f 1543/1543/1533 1549/1549/1539 2778/2778/2757
f 1548/1548/1538 2965/2965/2944 2966/2966/2945
f 1549/1549/1539 1548/1548/1538 2967/2967/2946
f 2966/2966/2945 2967/2967/2946 1548/1548/1538
f 2968/2968/2947 2965/2965/2944 2964/2964/2943
f 2969/2969/2948 2966/2966/2945 2965/2965/2944
f 2965/2965/2944 2968/2968/2947 2969/2969/2948
f 2966/2966/2945 2969/2969/2948 2970/2970/2949
f 2967/2967/2946 2966/2966/2945 2971/2971/2950
f 2970/2970/2949 2971/2971/2950 2966/2966/2945
f 2972/2972/2951 2970/2970/2949 2969/2969/2948
f 2968/2968/2947 2972/2972/2951 2969/2969/2948
f 2971/2971/2950 2970/2970/2949 2973/2973/2952
f 2974/2974/2953 2968/2968/2947 2964/2964/2943
f 2964/2964/2943 1540/1540/1530 2974/2974/2953
f 2972/2972/2951 2968/2968/2947 2975/2975/2954
f 2970/2970/2949 2972/2972/2951 2976/2976/2955
f 2976/2976/2955 2973/2973/2952 2970/2970/2949
f 2977/2977/2956 2974/2974/2953 1540/1540/1530
f 2978/2978/2957 2976/2976/2955 2972/2972/2951
f 2975/2975/2954 2978/2978/2957 2972/2972/2951
f 1540/1540/1530 1539/1539/1529 2977/2977/2956
f 2968/2968/2947 2974/2974/2953 2979/2979/2958
f 2979/2979/2958 2975/2975/2954 2968/2968/2947
f 2974/2974/2953 2977/2977/2956 2980/2980/2959
f 2980/2980/2959 2979/2979/2958 2974/2974/2953
f 2981/2981/2960 2977/2977/2956 1539/1539/1529
f 2982/2982/2961 2980/2980/2959 2977/2977/2956
f 2977/2977/2956 2981/2981/2960 2982/2982/2961
f 1539/1539/1529 1538/1538/1528 2981/2981/2960
f 2980/2980/2959 2982/2982/2961 2983/2983/2962
f 2979/2979/2958 2980/2980/2959 2984/2984/2963
f 2983/2983/2962 2984/2984/2963 2980/2980/2959
f 2984/2984/2963 2985/2985/2964 2979/2979/2958
f 2975/2975/2954 2979/2979/2958 2985/2985/2964
f 2984/2984/2963 2983/2983/2962 2986/2986/2965
f 2987/2987/2966 2975/2975/2954 2985/2985/2964
f 2985/2985/2964 2984/2984/2963 2988/2988/2967
f 2988/2988/2967 2987/2987/2966 2985/2985/2964
f 2986/2986/2965 2988/2988/2967 2984/2984/2963
f 2989/2989/2968 2986/2986/2965 2983/2983/2962
f 2990/2990/2969 2983/2983/2962 2982/2982/2961
f 2983/2983/2962 2990/2990/2969 2989/2989/2968
f 2982/2982/2961 2991/2991/2970 2990/2990/2969
f 2991/2991/2970 2982/2982/2961 2981/2981/2960
f 2981/2981/2960 2992/2992/2971 2991/2991/2970
f 2992/2992/2971 2981/2981/2960 1538/1538/1528
f 2993/2993/2972 2990/2990/2969 2991/2991/2970
f 2994/2994/2973 2991/2991/2970 2992/2992/2971
f 2991/2991/2970 2994/2994/2973 2993/2993/2972
f 1538/1538/1528 2995/2995/2974 2992/2992/2971
f 2994/2994/2973 2992/2992/2971 2995/2995/2974
f 2995/2995/2974 1538/1538/1528 2996/2996/2975
f 1538/1538/1528 1528/1528/1518 2996/2996/2975
f 2996/2996/2975 1528/1528/1518 1524/1524/1514
f 2996/2996/2975 1524/1524/1514 1526/1526/1516
f 2995/2995/2974 2996/2996/2975 1526/1526/1516
f 2994/2994/2973 2995/2995/2974 2997/2997/2976
f 1526/1526/1516 2997/2997/2976 2995/2995/2974
f 2998/2998/2977 2994/2994/2973 2997/2997/2976
f 2998/2998/2977 2993/2993/2972 2994/2994/2973
f 2997/2997/2976 1526/1526/1516 2999/2999/2978
f 2999/2999/2978 1526/1526/1516 1525/1525/1515
f 2998/2998/2977 2997/2997/2976 3000/3000/2979
f 2999/2999/2978 3000/3000/2979 2997/2997/2976
f 2993/2993/2972 2998/2998/2977 3001/3001/2980
f 1525/1525/1515 3002/3002/2981 2999/2999/2978
f 3000/3000/2979 2999/2999/2978 3002/3002/2981
f 3003/3003/2982 2998/2998/2977 3000/3000/2979
f 3003/3003/2982 3001/3001/2980 2998/2998/2977
f 3002/3002/2981 3004/3004/2983 3000/3000/2979
f 3003/3003/2982 3000/3000/2979 3004/3004/2983
f 3002/3002/2981 1525/1525/1515 3005/3005/2984
f 1876/1876/1861 3003/3003/2982 3004/3004/2983
f 3004/3004/2983 3002/3002/2981 3006/3006/2985
f 3005/3005/2984 3006/3006/2985 3002/3002/2981
f 3006/3006/2985 1873/1873/1858 3004/3004/2983
f 1876/1876/1861 3004/3004/2983 1873/1873/1858
f 3005/3005/2984 1525/1525/1515 3007/3007/2986
f 1525/1525/1515 1521/1521/1511 3007/3007/2986
f 3007/3007/2986 1521/1521/1511 731/731/728
f 3007/3007/2986 3008/3008/2987 3005/3005/2984
f 3006/3006/2985 3005/3005/2984 3008/3008/2987
f 731/731/728 3009/3009/2988 3007/3007/2986
f 3008/3008/2987 3007/3007/2986 3009/3009/2988
f 3008/3008/2987 1872/1872/1857 3006/3006/2985
f 1873/1873/1858 3006/3006/2985 1872/1872/1857
f 3009/3009/2988 3010/3010/2989 3008/3008/2987
f 1872/1872/1857 3008/3008/2987 3010/3010/2989
f 3009/3009/2988 731/731/728 3011/3011/2990
f 3011/3011/2990 731/731/728 729/729/726
f 3011/3011/2990 729/729/726 734/734/731
f 3011/3011/2990 3012/3012/2991 3009/3009/2988
f 3010/3010/2989 3009/3009/2988 3012/3012/2991
f 3013/3013/2992 3011/3011/2990 734/734/731
f 3012/3012/2991 3011/3011/2990 3013/3013/2992
f 3013/3013/2992 734/734/731 1312/1312/1303
f 3012/3012/2991 3013/3013/2992 1318/1318/1309
f 1318/1318/1309 3013/3013/2992 1312/1312/1303
f 3010/3010/2989 3012/3012/2991 1865/1865/1850
f 1865/1865/1850 3012/3012/2991 1318/1318/1309
f 1867/1867/1852 3010/3010/2989 1865/1865/1850
f 1872/1872/1857 3010/3010/2989 1867/1867/1852
f 3014/3014/2993 3015/3015/2994 3016/3016/2995
f 3015/3015/2994 3017/3017/2996 3016/3016/2995
f 3015/3015/2994 3014/3014/2993 2041/2041/2026
f 2954/2954/2933 3016/3016/2995 3017/3017/2996
f 2556/2556/2536 2041/2041/2026 3014/3014/2993
f 3016/3016/2995 2954/2954/2933 3018/3018/2997
f 2954/2954/2933 2949/2949/2928 3018/3018/2997
f 2950/2950/2929 3018/3018/2997 2949/2949/2928
f 3019/3019/2998 3016/3016/2995 3018/3018/2997
f 3018/3018/2997 2950/2950/2929 3019/3019/2998
f 3016/3016/2995 3019/3019/2998 3014/3014/2993
f 2951/2951/2930 3019/3019/2998 2950/2950/2929
f 3020/3020/2999 3014/3014/2993 3019/3019/2998
f 3019/3019/2998 2951/2951/2930 3020/3020/2999
f 3014/3014/2993 3020/3020/2999 2556/2556/2536
f 2903/2903/2882 3020/3020/2999 2951/2951/2930
f 3020/3020/2999 2903/2903/2882 3021/3021/3000
f 3021/3021/3000 2556/2556/2536 3020/3020/2999
f 2903/2903/2882 2905/2905/2884 3021/3021/3000
f 2556/2556/2536 3021/3021/3000 3022/3022/3001
f 2905/2905/2884 3022/3022/3001 3021/3021/3000
f 2516/2516/2496 2556/2556/2536 3022/3022/3001
f 3022/3022/3001 2905/2905/2884 2517/2517/2497
f 2517/2517/2497 2516/2516/2496 3022/3022/3001
f 3023/3023/3002 3024/3024/3003 3025/3025/3004
f 3025/3025/3004 3026/3026/3005 3023/3023/3002
f 3001/3001/2980 3023/3023/3002 3026/3026/3005
f 3026/3026/3005 3025/3025/3004 3027/3027/3006
f 3028/3028/3007 3001/3001/2980 3026/3026/3005
f 3027/3027/3006 3028/3028/3007 3026/3026/3005
f 3001/3001/2980 3028/3028/3007 2993/2993/2972
f 2990/2990/2969 2993/2993/2972 3028/3028/3007
f 3028/3028/3007 2989/2989/2968 2990/2990/2969
f 3029/3029/3008 3023/3023/3002 3001/3001/2980
f 3001/3001/2980 3003/3003/2982 3029/3029/3008
f 1876/1876/1861 3029/3029/3008 3003/3003/2982
f 3029/3029/3008 3030/3030/3009 3023/3023/3002
f 3024/3024/3003 3023/3023/3002 3030/3030/3009
f 3029/3029/3008 1876/1876/1861 3031/3031/3010
f 3031/3031/3010 3030/3030/3009 3029/3029/3008
f 3032/3032/3011 3031/3031/3010 1876/1876/1861
f 1876/1876/1861 1874/1874/1859 3032/3032/3011
f 1878/1878/1863 3032/3032/3011 1874/1874/1859
f 3032/3032/3011 1878/1878/1863 3033/3033/3012
f 1879/1879/1864 3033/3033/3012 1878/1878/1863
f 3031/3031/3010 3032/3032/3011 3034/3034/3013
f 3033/3033/3012 3034/3034/3013 3032/3032/3011
f 3031/3031/3010 3035/3035/3014 3030/3030/3009
f 3034/3034/3013 3035/3035/3014 3031/3031/3010
f 3033/3033/3012 1879/1879/1864 3036/3036/3015
f 2085/2085/2070 3036/3036/3015 1879/1879/1864
f 3034/3034/3013 3033/3033/3012 3037/3037/3016
f 3036/3036/3015 3037/3037/3016 3033/3033/3012
f 3034/3034/3013 3038/3038/3017 3035/3035/3014
f 3037/3037/3016 3038/3038/3017 3034/3034/3013
f 3039/3039/3018 3030/3030/3009 3035/3035/3014
f 3030/3030/3009 3039/3039/3018 3024/3024/3003
f 3040/3040/3019 3035/3035/3014 3038/3038/3017
f 3035/3035/3014 3040/3040/3019 3039/3039/3018
f 3037/3037/3016 3036/3036/3015 2961/2961/2940
f 2085/2085/2070 2961/2961/2940 3036/3036/3015
f 3037/3037/3016 2960/2960/2939 3038/3038/3017
f 2961/2961/2940 2960/2960/2939 3037/3037/3016
f 3038/3038/3017 3041/3041/3020 3040/3040/3019
f 3041/3041/3020 3038/3038/3017 2960/2960/2939
f 3042/3042/3021 3039/3039/3018 3040/3040/3019
f 3041/3041/3020 3042/3042/3021 3040/3040/3019
f 3039/3039/3018 3042/3042/3021 3043/3043/3022
f 3043/3043/3022 3024/3024/3003 3039/3039/3018
f 3042/3042/3021 3041/3041/3020 2957/2957/2936
f 2956/2956/2935 3043/3043/3022 3042/3042/3021
f 2957/2957/2936 2956/2956/2935 3042/3042/3021
f 2958/2958/2937 2957/2957/2936 3041/3041/3020
f 2960/2960/2939 2958/2958/2937 3041/3041/3020
f 3024/3024/3003 3043/3043/3022 3044/3044/3023
f 3044/3044/3023 3025/3025/3004 3024/3024/3003
f 3045/3045/3024 3044/3044/3023 3043/3043/3022
f 3043/3043/3022 2956/2956/2935 3045/3045/3024
f 3025/3025/3004 3044/3044/3023 3046/3046/3025
f 3046/3046/3025 3027/3027/3006 3025/3025/3004
f 3044/3044/3023 3045/3045/3024 3047/3047/3026
f 3047/3047/3026 3046/3046/3025 3044/3044/3023
f 3048/3048/3027 3045/3045/3024 2956/2956/2935
f 3049/3049/3028 3047/3047/3026 3045/3045/3024
f 3045/3045/3024 3048/3048/3027 3049/3049/3028
f 2956/2956/2935 2953/2953/2932 3048/3048/3027
f 3047/3047/3026 3049/3049/3028 3050/3050/3029
f 3046/3046/3025 3047/3047/3026 3051/3051/3030
f 3050/3050/3029 3051/3051/3030 3047/3047/3026
f 3051/3051/3030 3052/3052/3031 3046/3046/3025
f 3027/3027/3006 3046/3046/3025 3052/3052/3031
f 3051/3051/3030 3050/3050/3029 3053/3053/3032
f 3052/3052/3031 3054/3054/3033 3027/3027/3006
f 3028/3028/3007 3027/3027/3006 3054/3054/3033
f 2989/2989/2968 3028/3028/3007 3054/3054/3033
f 3054/3054/3033 3052/3052/3031 3055/3055/3034
f 3055/3055/3034 2989/2989/2968 3054/3054/3033
f 3052/3052/3031 3051/3051/3030 3056/3056/3035
f 3056/3056/3035 3055/3055/3034 3052/3052/3031
f 3053/3053/3032 3056/3056/3035 3051/3051/3030
f 2989/2989/2968 3055/3055/3034 3057/3057/3036
f 2986/2986/2965 2989/2989/2968 3057/3057/3036
f 3055/3055/3034 3056/3056/3035 3058/3058/3037
f 3058/3058/3037 3057/3057/3036 3055/3055/3034
f 3056/3056/3035 3053/3053/3032 3059/3059/3038
f 3059/3059/3038 3058/3058/3037 3056/3056/3035
f 3057/3057/3036 3060/3060/3039 2986/2986/2965
f 2988/2988/2967 2986/2986/2965 3060/3060/3039
f 3057/3057/3036 3058/3058/3037 3061/3061/3040
f 3060/3060/3039 3057/3057/3036 3061/3061/3040
f 3060/3060/3039 3062/3062/3041 2988/2988/2967
f 2987/2987/2966 2988/2988/2967 3062/3062/3041
f 3061/3061/3040 3063/3063/3042 3060/3060/3039
f 3062/3062/3041 3060/3060/3039 3063/3063/3042
f 3064/3064/3043 3061/3061/3040 3058/3058/3037
f 3058/3058/3037 3059/3059/3038 3064/3064/3043
f 3065/3065/3044 2987/2987/2966 3062/3062/3041
f 3063/3063/3042 3065/3065/3044 3062/3062/3041
f 3061/3061/3040 3064/3064/3043 3066/3066/3045
f 3063/3063/3042 3061/3061/3040 3066/3066/3045
f 3067/3067/3046 2480/2480/2460 2476/2476/2457
f 2481/2481/2461 3067/3067/3046 2476/2476/2457
f 2480/2480/2460 3068/3068/3047 2467/2467/2448
f 2448/2448/2429 2467/2467/2448 3068/3068/3047
f 3068/3068/3047 2447/2447/2428 2448/2448/2429
f 3068/3068/3047 2480/2480/2460 3069/3069/3048
f 3067/3067/3046 3069/3069/3048 2480/2480/2460
f 2447/2447/2428 3068/3068/3047 3070/3070/3049
f 3069/3069/3048 3070/3070/3049 3068/3068/3047
f 3070/3070/3049 2451/2451/2432 2447/2447/2428
f 3071/3071/3050 3067/3067/3046 2481/2481/2461
f 2481/2481/2461 2477/2477/2458 3071/3071/3050
f 3069/3069/3048 3067/3067/3046 3072/3072/3051
f 3070/3070/3049 3069/3069/3048 3073/3073/3052
f 3072/3072/3051 3073/3073/3052 3069/3069/3048
f 3067/3067/3046 3071/3071/3050 3074/3074/3053
f 3074/3074/3053 3072/3072/3051 3067/3067/3046
f 2477/2477/2458 3075/3075/3054 3071/3071/3050
f 3075/3075/3054 3074/3074/3053 3071/3071/3050
f 3075/3075/3054 2477/2477/2458 3076/3076/3055
f 2477/2477/2458 2478/2478/2459 3076/3076/3055
f 3074/3074/3053 3075/3075/3054 3077/3077/3056
f 3072/3072/3051 3074/3074/3053 3078/3078/3057
f 3077/3077/3056 3078/3078/3057 3074/3074/3053
f 3078/3078/3057 3079/3079/3058 3072/3072/3051
f 3073/3073/3052 3072/3072/3051 3079/3079/3058
f 3080/3080/3059 3076/3076/3055 2478/2478/2459
f 2478/2478/2459 2479/2479/216 3080/3080/3059
f 3081/3081/3060 3080/3080/3059 2479/2479/216
f 3080/3080/3059 3081/3081/3060 3082/3082/3061
f 3083/3083/3062 3082/3082/3061 3081/3081/3060
f 3076/3076/3055 3080/3080/3059 3084/3084/3063
f 3082/3082/3061 3084/3084/3063 3080/3080/3059
f 3082/3082/3061 3083/3083/3062 3085/3085/3064
f 3086/3086/3065 3085/3085/3064 3083/3083/3062
f 3084/3084/3063 3082/3082/3061 3087/3087/3066
f 3085/3085/3064 3087/3087/3066 3082/3082/3061
f 3085/3085/3064 3086/3086/3065 3088/3088/3067
f 3089/3089/3068 3088/3088/3067 3086/3086/3065
f 3087/3087/3066 3085/3085/3064 3090/3090/3069
f 3088/3088/3067 3090/3090/3069 3085/3085/3064
f 3091/3091/3070 3084/3084/3063 3087/3087/3066
f 3092/3092/3071 3076/3076/3055 3084/3084/3063
f 3084/3084/3063 3091/3091/3070 3092/3092/3071
f 3076/3076/3055 3092/3092/3071 3075/3075/3054
f 3092/3092/3071 3077/3077/3056 3075/3075/3054
f 3091/3091/3070 3093/3093/3072 3092/3092/3071
f 3077/3077/3056 3092/3092/3071 3093/3093/3072
f 3087/3087/3066 3094/3094/3073 3091/3091/3070
f 3094/3094/3073 3087/3087/3066 3090/3090/3069
f 3094/3094/3073 3095/3095/3074 3091/3091/3070
f 3093/3093/3072 3091/3091/3070 3095/3095/3074
f 3090/3090/3069 3096/3096/3075 3094/3094/3073
f 3093/3093/3072 3097/3097/3076 3077/3077/3056
f 3078/3078/3057 3077/3077/3056 3097/3097/3076
f 3098/3098/3077 3093/3093/3072 3095/3095/3074
f 3095/3095/3074 3094/3094/3073 3099/3099/3078
f 3099/3099/3078 3098/3098/3077 3095/3095/3074
f 3096/3096/3075 3099/3099/3078 3094/3094/3073
f 3097/3097/3076 3100/3100/3079 3078/3078/3057
f 3079/3079/3058 3078/3078/3057 3100/3100/3079
f 3097/3097/3076 3093/3093/3072 3101/3101/3080
f 3093/3093/3072 3098/3098/3077 3101/3101/3080
f 3100/3100/3079 3102/3102/3081 3079/3079/3058
f 3102/3102/3081 3073/3073/3052 3079/3079/3058
f 3100/3100/3079 3097/3097/3076 3103/3103/3082
f 3101/3101/3080 3103/3103/3082 3097/3097/3076
f 3103/3103/3082 3104/3104/3083 3100/3100/3079
f 3102/3102/3081 3100/3100/3079 3104/3104/3083
f 3103/3103/3082 3101/3101/3080 3105/3105/3084
f 3098/3098/3077 3105/3105/3084 3101/3101/3080
f 3104/3104/3083 3103/3103/3082 3106/3106/3085
f 3105/3105/3084 3106/3106/3085 3103/3103/3082
f 3105/3105/3084 3098/3098/3077 3107/3107/3086
f 3106/3106/3085 3105/3105/3084 3108/3108/3087
f 3107/3107/3086 3108/3108/3087 3105/3105/3084
f 3106/3106/3085 3109/3109/3088 3104/3104/3083
f 3104/3104/3083 3110/3110/3089 3102/3102/3081
f 3110/3110/3089 3104/3104/3083 3109/3109/3088
f 3109/3109/3088 3106/3106/3085 3111/3111/3090
f 3108/3108/3087 3111/3111/3090 3106/3106/3085
f 3111/3111/3090 3108/3108/3087 2973/2973/2952
f 2973/2973/2952 2976/2976/2955 3111/3111/3090
f 3112/3112/3091 2973/2973/2952 3108/3108/3087
f 3108/3108/3087 3107/3107/3086 3112/3112/3091
f 2973/2973/2952 3112/3112/3091 2971/2971/2950
f 3112/3112/3091 2967/2967/2946 2971/2971/2950
f 3113/3113/3092 3111/3111/3090 2976/2976/2955
f 3111/3111/3090 3113/3113/3092 3109/3109/3088
f 2976/2976/2955 2978/2978/2957 3113/3113/3092
f 2967/2967/2946 3112/3112/3091 3114/3114/3093
f 3107/3107/3086 3114/3114/3093 3112/3112/3091
f 3114/3114/3093 1549/1549/1539 2967/2967/2946
f 3115/3115/3094 3109/3109/3088 3113/3113/3092
f 3109/3109/3088 3115/3115/3094 3110/3110/3089
f 3116/3116/3095 3113/3113/3092 2978/2978/2957
f 3113/3113/3092 3116/3116/3095 3115/3115/3094
f 1549/1549/1539 3114/3114/3093 3117/3117/3096
f 3114/3114/3093 3107/3107/3086 3118/3118/3097
f 3118/3118/3097 3117/3117/3096 3114/3114/3093
f 3117/3117/3096 2778/2778/2757 1549/1549/1539
f 3107/3107/3086 3119/3119/3098 3118/3118/3097
f 3119/3119/3098 3107/3107/3086 3098/3098/3077
f 3117/3117/3096 3118/3118/3097 3120/3120/3099
f 3119/3119/3098 3120/3120/3099 3118/3118/3097
f 3098/3098/3077 3099/3099/3078 3119/3119/3098
f 3120/3120/3099 3121/3121/3100 3117/3117/3096
f 2778/2778/2757 3117/3117/3096 3121/3121/3100
f 3120/3120/3099 3119/3119/3098 3122/3122/3101
f 3123/3123/3102 3119/3119/3098 3099/3099/3078
f 3122/3122/3101 3119/3119/3098 3123/3123/3102
f 3099/3099/3078 3096/3096/3075 3123/3123/3102
f 3122/3122/3101 3124/3124/3103 3120/3120/3099
f 3121/3121/3100 3120/3120/3099 3124/3124/3103
f 3123/3123/3102 3125/3125/3104 3122/3122/3101
f 3124/3124/3103 3122/3122/3101 3125/3125/3104
f 3121/3121/3100 3124/3124/3103 2781/2781/2760
f 3125/3125/3104 2781/2781/2760 3124/3124/3103
f 2778/2778/2757 3121/3121/3100 2779/2779/2758
f 3121/3121/3100 2781/2781/2760 2779/2779/2758
f 3125/3125/3104 3123/3123/3102 3126/3126/3105
f 3126/3126/3105 3123/3123/3102 3096/3096/3075
f 2781/2781/2760 3125/3125/3104 3127/3127/3106
f 3126/3126/3105 3127/3127/3106 3125/3125/3104
f 392/392/392 2781/2781/2760 3127/3127/3106
f 3128/3128/3107 3126/3126/3105 3096/3096/3075
f 3127/3127/3106 3126/3126/3105 3129/3129/3108
f 3128/3128/3107 3129/3129/3108 3126/3126/3105
f 385/385/385 3127/3127/3106 3129/3129/3108
f 3127/3127/3106 385/385/385 392/392/392
f 383/383/383 385/385/385 3129/3129/3108
f 3129/3129/3108 3128/3128/3107 383/383/383
f 3130/3130/3109 3128/3128/3107 3096/3096/3075
f 3096/3096/3075 3090/3090/3069 3130/3130/3109
f 3130/3130/3109 3090/3090/3069 3088/3088/3067
f 3128/3128/3107 3130/3130/3109 3131/3131/3110
f 3088/3088/3067 3131/3131/3110 3130/3130/3109
f 3128/3128/3107 3132/3132/3111 383/383/383
f 3128/3128/3107 3131/3131/3110 3132/3132/3111
f 3131/3131/3110 3088/3088/3067 3133/3133/3112
f 3133/3133/3112 3132/3132/3111 3131/3131/3110
f 3088/3088/3067 3089/3089/3068 3133/3133/3112
f 3089/3089/3068 3134/3134/3113 3133/3133/3112
f 3132/3132/3111 3133/3133/3112 3134/3134/3113
f 3089/3089/3068 377/377/377 3134/3134/3113
f 381/381/381 383/383/383 3132/3132/3111
f 3132/3132/3111 3134/3134/3113 381/381/381
f 379/379/379 3134/3134/3113 377/377/377
f 3134/3134/3113 379/379/379 381/381/381
f 3135/3135/3114 3136/3136/3115 3137/3137/3116
f 3138/3138/3117 3137/3137/3116 3136/3136/3115
f 3135/3135/3114 3139/3139/3118 3140/3140/3119
f 3139/3139/3118 2179/2179/2164 3140/3140/3119
f 3136/3136/3115 3135/3135/3114 3141/3141/3120
f 3140/3140/3119 3141/3141/3120 3135/3135/3114
f 3142/3142/3121 3138/3138/3117 3136/3136/3115
f 3141/3141/3120 3142/3142/3121 3136/3136/3115
f 3140/3140/3119 2179/2179/2164 3143/3143/3122
f 2179/2179/2164 2185/2185/2170 3143/3143/3122
f 3141/3141/3120 3140/3140/3119 3144/3144/3123
f 3140/3140/3119 3143/3143/3122 3144/3144/3123
f 3143/3143/3122 2185/2185/2170 2367/2367/2348
f 3144/3144/3123 3143/3143/3122 2367/2367/2348
f 3144/3144/3123 3145/3145/3124 3141/3141/3120
f 3142/3142/3121 3141/3141/3120 3145/3145/3124
f 3144/3144/3123 2367/2367/2348 3146/3146/3125
f 3145/3145/3124 3144/3144/3123 3146/3146/3125
f 3146/3146/3125 2367/2367/2348 3147/3147/3126
f 2367/2367/2348 2368/2368/2349 3147/3147/3126
f 2371/2371/2352 3147/3147/3126 2368/2368/2349
f 3147/3147/3126 2371/2371/2352 3148/3148/3127
f 3148/3148/3127 2371/2371/2352 2379/2379/2360
f 3149/3149/3128 3147/3147/3126 3148/3148/3127
f 3147/3147/3126 3149/3149/3128 3146/3146/3125
f 2379/2379/2360 3149/3149/3128 3148/3148/3127
f 3146/3146/3125 3150/3150/3129 3145/3145/3124
f 3150/3150/3129 3146/3146/3125 3149/3149/3128
f 3150/3150/3129 3142/3142/3121 3145/3145/3124
f 3149/3149/3128 2379/2379/2360 3151/3151/3130
f 3151/3151/3130 2379/2379/2360 2444/2444/2425
f 3149/3149/3128 3152/3152/3131 3150/3150/3129
f 3152/3152/3131 3149/3149/3128 3151/3151/3130
f 3142/3142/3121 3150/3150/3129 3153/3153/3132
f 3152/3152/3131 3153/3153/3132 3150/3150/3129
f 3154/3154/3133 3151/3151/3130 2444/2444/2425
f 3151/3151/3130 3154/3154/3133 3152/3152/3131
f 2444/2444/2425 2451/2451/2432 3154/3154/3133
f 3155/3155/3134 3154/3154/3133 2451/2451/2432
f 2451/2451/2432 3070/3070/3049 3155/3155/3134
f 3156/3156/3135 3152/3152/3131 3154/3154/3133
f 3154/3154/3133 3155/3155/3134 3156/3156/3135
f 3070/3070/3049 3157/3157/3136 3155/3155/3134
f 3157/3157/3136 3156/3156/3135 3155/3155/3134
f 3157/3157/3136 3070/3070/3049 3073/3073/3052
f 3073/3073/3052 3102/3102/3081 3157/3157/3136
f 3102/3102/3081 3158/3158/3137 3157/3157/3136
f 3156/3156/3135 3157/3157/3136 3158/3158/3137
f 3158/3158/3137 3102/3102/3081 3110/3110/3089
f 3152/3152/3131 3156/3156/3135 3159/3159/3138
f 3158/3158/3137 3159/3159/3138 3156/3156/3135
f 3153/3153/3132 3152/3152/3131 3159/3159/3138
f 3110/3110/3089 3160/3160/3139 3158/3158/3137
f 3159/3159/3138 3158/3158/3137 3160/3160/3139
f 3160/3160/3139 3153/3153/3132 3159/3159/3138
f 3160/3160/3139 3110/3110/3089 3115/3115/3094
f 3115/3115/3094 3161/3161/3140 3160/3160/3139
f 3153/3153/3132 3160/3160/3139 3161/3161/3140
f 3161/3161/3140 3115/3115/3094 3116/3116/3095
f 3162/3162/3141 3153/3153/3132 3161/3161/3140
f 3116/3116/3095 3162/3162/3141 3161/3161/3140
f 3153/3153/3132 3162/3162/3141 3142/3142/3121
f 3138/3138/3117 3142/3142/3121 3162/3162/3141
f 3162/3162/3141 3116/3116/3095 3163/3163/3142
f 3162/3162/3141 3164/3164/3143 3138/3138/3117
f 3164/3164/3143 3162/3162/3141 3163/3163/3142
f 3065/3065/3044 3138/3138/3117 3164/3164/3143
f 2987/2987/2966 3065/3065/3044 3164/3164/3143
f 3165/3165/3144 3164/3164/3143 3163/3163/3142
f 3164/3164/3143 3165/3165/3144 2987/2987/2966
f 3116/3116/3095 3165/3165/3144 3163/3163/3142
f 2975/2975/2954 2987/2987/2966 3165/3165/3144
f 3165/3165/3144 3116/3116/3095 2978/2978/2957
f 2978/2978/2957 2975/2975/2954 3165/3165/3144
f 3166/3166/3145 2727/2727/2706 2715/2715/2694
f 2715/2715/2694 2714/2714/2693 3166/3166/3145
f 2727/2727/2706 3166/3166/3145 3167/3167/3146
f 2735/2735/2714 2727/2727/2706 3167/3167/3146
f 2714/2714/2693 3168/3168/3147 3166/3166/3145
f 3168/3168/3147 3167/3167/3146 3166/3166/3145
f 3169/3169/3148 2735/2735/2714 3167/3167/3146
f 3167/3167/3146 3168/3168/3147 3169/3169/3148
f 2734/2734/2713 2735/2735/2714 3170/3170/3149
f 3168/3168/3147 2714/2714/2693 3171/3171/3150
f 2714/2714/2693 2716/2716/2695 3171/3171/3150
f 2735/2735/2714 3169/3169/3148 3172/3172/3151
f 3172/3172/3151 3170/3170/3149 2735/2735/2714
f 3170/3170/3149 3173/3173/3152 2734/2734/2713
f 2733/2733/2712 2734/2734/2713 3173/3173/3152
f 3170/3170/3149 3172/3172/3151 3174/3174/3153
f 3173/3173/3152 3170/3170/3149 3175/3175/3154
f 3174/3174/3153 3175/3175/3154 3170/3170/3149
f 3175/3175/3154 3176/3176/3155 3173/3173/3152
f 3173/3173/3152 3177/3177/3156 2733/2733/2712
f 3177/3177/3156 3173/3173/3152 3176/3176/3155
f 3178/3178/3157 2733/2733/2712 3177/3177/3156
f 2733/2733/2712 3178/3178/3157 2731/2731/2710
f 3179/3179/3158 2731/2731/2710 3178/3178/3157
f 2730/2730/2709 2731/2731/2710 3179/3179/3158
f 3179/3179/3158 3178/3178/3157 3180/3180/3159
f 3179/3179/3158 3181/3181/3160 2730/2730/2709
f 2729/2729/2708 2730/2730/2709 3181/3181/3160
f 3177/3177/3156 3182/3182/3161 3178/3178/3157
f 3180/3180/3159 3178/3178/3157 3182/3182/3161
f 3182/3182/3161 3177/3177/3156 3183/3183/3162
f 3176/3176/3155 3183/3183/3162 3177/3177/3156
f 3181/3181/3160 3179/3179/3158 3184/3184/3163
f 3180/3180/3159 3184/3184/3163 3179/3179/3158
f 3181/3181/3160 3185/3185/3164 2729/2729/2708
f 3184/3184/3163 3186/3186/3165 3181/3181/3160
f 3185/3185/3164 3181/3181/3160 3186/3186/3165
f 3187/3187/3166 2729/2729/2708 3185/3185/3164
f 2729/2729/2708 3187/3187/3166 2722/2722/2701
f 3188/3188/3167 2722/2722/2701 3187/3187/3166
f 2722/2722/2701 3188/3188/3167 2720/2720/2699
f 3185/3185/3164 3189/3189/3168 3187/3187/3166
f 3186/3186/3165 3190/3190/3169 3185/3185/3164
f 3185/3185/3164 3190/3190/3169 3189/3189/3168
f 3191/3191/3170 2720/2720/2699 3188/3188/3167
f 2720/2720/2699 3191/3191/3170 2706/2706/2685
f 3187/3187/3166 3192/3192/3171 3188/3188/3167
f 3187/3187/3166 3189/3189/3168 3192/3192/3171
f 3188/3188/3167 3193/3193/3172 3191/3191/3170
f 3188/3188/3167 3192/3192/3171 3193/3193/3172
f 3194/3194/3173 2706/2706/2685 3191/3191/3170
f 2706/2706/2685 3194/3194/3173 2703/2703/2682
f 3191/3191/3170 3193/3193/3172 3195/3195/3174
f 3191/3191/3170 3195/3195/3174 3194/3194/3173
f 3192/3192/3171 3196/3196/3175 3193/3193/3172
f 3197/3197/3176 2703/2703/2682 3194/3194/3173
f 2703/2703/2682 3197/3197/3176 2701/2701/2680
f 3194/3194/3173 3195/3195/3174 3198/3198/3177
f 3194/3194/3173 3198/3198/3177 3197/3197/3176
f 3193/3193/3172 3199/3199/3178 3195/3195/3174
f 3193/3193/3172 3196/3196/3175 3199/3199/3178
f 3195/3195/3174 3200/3200/3179 3198/3198/3177
f 3195/3195/3174 3199/3199/3178 3200/3200/3179
f 2239/2239/2224 2701/2701/2680 3197/3197/3176
f 2701/2701/2680 2239/2239/2224 2244/2244/2229
f 3197/3197/3176 3198/3198/3177 2235/2235/2220
f 3197/3197/3176 2235/2235/2220 2239/2239/2224
f 3198/3198/3177 3200/3200/3179 1625/1625/1615
f 3198/3198/3177 1625/1625/1615 2235/2235/2220
f 3199/3199/3178 3201/3201/3180 3200/3200/3179
f 3200/3200/3179 1623/1623/1613 1625/1625/1615
f 3200/3200/3179 3201/3201/3180 1623/1623/1613
f 3199/3199/3178 3202/3202/3181 3201/3201/3180
f 3196/3196/3175 3202/3202/3181 3199/3199/3178
f 3201/3201/3180 1620/1620/1610 1623/1623/1613
f 3202/3202/3181 1618/1618/1608 3201/3201/3180
f 3201/3201/3180 1618/1618/1608 1620/1620/1610
f 3202/3202/3181 1619/1619/1609 1618/1618/1608
f 3196/3196/3175 3203/3203/3182 3202/3202/3181
f 3203/3203/3182 1619/1619/1609 3202/3202/3181
f 3204/3204/3183 3203/3203/3182 3196/3196/3175
f 3192/3192/3171 3204/3204/3183 3196/3196/3175
f 3189/3189/3168 3204/3204/3183 3192/3192/3171
f 3189/3189/3168 3205/3205/3184 3204/3204/3183
f 3190/3190/3169 3205/3205/3184 3189/3189/3168
f 3204/3204/3183 3206/3206/3185 3203/3203/3182
f 3205/3205/3184 3206/3206/3185 3204/3204/3183
f 3203/3203/3182 1621/1621/1611 1619/1619/1609
f 3206/3206/3185 1621/1621/1611 3203/3203/3182
f 3205/3205/3184 3207/3207/3186 3206/3206/3185
f 3206/3206/3185 1627/1627/1617 1621/1621/1611
f 3207/3207/3186 1627/1627/1617 3206/3206/3185
f 3208/3208/3187 3207/3207/3186 3205/3205/3184
f 3190/3190/3169 3208/3208/3187 3205/3205/3184
f 3207/3207/3186 1629/1629/1619 1627/1627/1617
f 3209/3209/3188 3208/3208/3187 3190/3190/3169
f 3186/3186/3165 3209/3209/3188 3190/3190/3169
f 3208/3208/3187 1632/1632/1622 3207/3207/3186
f 1632/1632/1622 1629/1629/1619 3207/3207/3186
f 3209/3209/3188 3210/3210/3189 3208/3208/3187
f 3210/3210/3189 1632/1632/1622 3208/3208/3187
f 3211/3211/3190 3209/3209/3188 3186/3186/3165
f 3186/3186/3165 3184/3184/3163 3211/3211/3190
f 3212/3212/3191 3210/3210/3189 3209/3209/3188
f 3211/3211/3190 3212/3212/3191 3209/3209/3188
f 3212/3212/3191 1947/1947/1932 3210/3210/3189
f 1946/1946/1931 1947/1947/1932 3212/3212/3191
f 1957/1957/1942 1946/1946/1931 3212/3212/3191
f 1957/1957/1942 3212/3212/3191 3211/3211/3190
f 3213/3213/3192 3211/3211/3190 3184/3184/3163
f 3211/3211/3190 3213/3213/3192 1957/1957/1942
f 3184/3184/3163 3180/3180/3159 3213/3213/3192
f 1947/1947/1932 1633/1633/1623 3210/3210/3189
f 3210/3210/3189 1633/1633/1623 1632/1632/1622
f 1947/1947/1932 1940/1940/1925 1633/1633/1623
f 1940/1940/1925 1634/1634/1624 1633/1633/1623
f 3214/3214/3193 1957/1957/1942 3213/3213/3192
f 3213/3213/3192 3180/3180/3159 3214/3214/3193
f 1957/1957/1942 3214/3214/3193 1953/1953/1938
f 1956/1956/1941 1953/1953/1938 3214/3214/3193
f 3214/3214/3193 3180/3180/3159 3215/3215/3194
f 3214/3214/3193 3215/3215/3194 1956/1956/1941
f 3180/3180/3159 3182/3182/3161 3215/3215/3194
f 1956/1956/1941 3215/3215/3194 2495/2495/2475
f 3215/3215/3194 3182/3182/3161 3216/3216/3195
f 3215/3215/3194 3216/3216/3195 2495/2495/2475
f 3183/3183/3162 3216/3216/3195 3182/3182/3161
f 2495/2495/2475 3216/3216/3195 2497/2497/2477
f 3217/3217/3196 2497/2497/2477 3216/3216/3195
f 3216/3216/3195 3183/3183/3162 3217/3217/3196
f 2497/2497/2477 3217/3217/3196 2499/2499/2479
f 3218/3218/3197 3217/3217/3196 3183/3183/3162
f 3183/3183/3162 3176/3176/3155 3218/3218/3197
f 3219/3219/3198 2499/2499/2479 3217/3217/3196
f 3217/3217/3196 3218/3218/3197 3219/3219/3198
f 2499/2499/2479 3219/3219/3198 2507/2507/2487
f 3220/3220/3199 3218/3218/3197 3176/3176/3155
f 3176/3176/3155 3175/3175/3154 3220/3220/3199
f 3221/3221/3200 3219/3219/3198 3218/3218/3197
f 3218/3218/3197 3220/3220/3199 3221/3221/3200
f 3222/3222/3201 2507/2507/2487 3219/3219/3198
f 3219/3219/3198 3221/3221/3200 3222/3222/3201
f 2507/2507/2487 3222/3222/3201 3223/3223/3202
f 3223/3223/3202 2506/2506/2486 2507/2507/2487
f 3221/3221/3200 3224/3224/3203 3222/3222/3201
f 3224/3224/3203 3223/3223/3202 3222/3222/3201
f 2506/2506/2486 3223/3223/3202 3225/3225/3204
f 3225/3225/3204 2502/2502/2482 2506/2506/2486
f 3226/3226/3205 3225/3225/3204 3223/3223/3202
f 3223/3223/3202 3224/3224/3203 3226/3226/3205
f 2502/2502/2482 3225/3225/3204 3227/3227/3206
f 2509/2509/2489 2502/2502/2482 3227/3227/3206
f 2530/2530/2510 2509/2509/2489 3227/3227/3206
f 3228/3228/3207 3227/3227/3206 3225/3225/3204
f 3227/3227/3206 3228/3228/3207 2530/2530/2510
f 3225/3225/3204 3226/3226/3205 3228/3228/3207
f 2533/2533/2513 2530/2530/2510 3228/3228/3207
f 3226/3226/3205 2533/2533/2513 3228/3228/3207
f 2533/2533/2513 3226/3226/3205 3229/3229/3208
f 3224/3224/3203 3229/3229/3208 3226/3226/3205
f 3229/3229/3208 2535/2535/2515 2533/2533/2513
f 3224/3224/3203 3221/3221/3200 3230/3230/3209
f 2535/2535/2515 3229/3229/3208 3231/3231/3210
f 3231/3231/3210 2536/2536/2516 2535/2535/2515
f 3229/3229/3208 3224/3224/3203 3232/3232/3211
f 3232/3232/3211 3231/3231/3210 3229/3229/3208
f 3233/3233/3212 3224/3224/3203 3230/3230/3209
f 3224/3224/3203 3233/3233/3212 3232/3232/3211
f 3221/3221/3200 3234/3234/3213 3230/3230/3209
f 3234/3234/3213 3233/3233/3212 3230/3230/3209
f 3234/3234/3213 3221/3221/3200 3220/3220/3199
f 2536/2536/2516 3231/3231/3210 3235/3235/3214
f 3235/3235/3214 2538/2538/2518 2536/2536/2516
f 3231/3231/3210 3232/3232/3211 3236/3236/3215
f 3236/3236/3215 3235/3235/3214 3231/3231/3210
f 3233/3233/3212 3236/3236/3215 3232/3232/3211
f 2538/2538/2518 3235/3235/3214 3237/3237/3216
f 3237/3237/3216 1986/1986/1971 2538/2538/2518
f 3235/3235/3214 3236/3236/3215 3238/3238/3217
f 3238/3238/3217 3237/3237/3216 3235/3235/3214
f 3236/3236/3215 3233/3233/3212 3239/3239/3218
f 3239/3239/3218 3238/3238/3217 3236/3236/3215
f 1986/1986/1971 3237/3237/3216 3240/3240/3219
f 3240/3240/3219 1985/1985/1970 1986/1986/1971
f 1985/1985/1970 3240/3240/3219 1988/1988/1973
f 3241/3241/3220 3240/3240/3219 3237/3237/3216
f 3237/3237/3216 3238/3238/3217 3241/3241/3220
f 3242/3242/3221 1988/1988/1973 3240/3240/3219
f 3240/3240/3219 3241/3241/3220 3242/3242/3221
f 1988/1988/1973 3242/3242/3221 3243/3243/3222
f 1988/1988/1973 3243/3243/3222 2007/2007/1992
f 3238/3238/3217 3239/3239/3218 3244/3244/3223
f 3244/3244/3223 3241/3241/3220 3238/3238/3217
f 3245/3245/3224 3244/3244/3223 3239/3239/3218
f 3233/3233/3212 3245/3245/3224 3239/3239/3218
f 3241/3241/3220 3244/3244/3223 3246/3246/3225
f 3246/3246/3225 3242/3242/3221 3241/3241/3220
f 3244/3244/3223 3245/3245/3224 3247/3247/3226
f 3247/3247/3226 3246/3246/3225 3244/3244/3223
f 3245/3245/3224 3233/3233/3212 3248/3248/3227
f 3233/3233/3212 3234/3234/3213 3248/3248/3227
f 3249/3249/3228 3247/3247/3226 3245/3245/3224
f 3248/3248/3227 3249/3249/3228 3245/3245/3224
f 3242/3242/3221 3246/3246/3225 3250/3250/3229
f 3250/3250/3229 3243/3243/3222 3242/3242/3221
f 3246/3246/3225 3247/3247/3226 3251/3251/3230
f 3251/3251/3230 3250/3250/3229 3246/3246/3225
f 3252/3252/3231 3251/3251/3230 3247/3247/3226
f 3247/3247/3226 3249/3249/3228 3252/3252/3231
f 3250/3250/3229 3251/3251/3230 3253/3253/3232
f 3243/3243/3222 3250/3250/3229 3254/3254/3233
f 3253/3253/3232 3254/3254/3233 3250/3250/3229
f 3243/3243/3222 3254/3254/3233 3255/3255/3234
f 3243/3243/3222 3255/3255/3234 2007/2007/1992
f 3255/3255/3234 2009/2009/1994 2007/2007/1992
f 3255/3255/3234 2012/2012/1997 2009/2009/1994
f 3256/3256/3235 3253/3253/3232 3251/3251/3230
f 3251/3251/3230 3252/3252/3231 3256/3256/3235
f 3254/3254/3233 3257/3257/3236 3255/3255/3234
f 3257/3257/3236 2012/2012/1997 3255/3255/3234
f 3254/3254/3233 3253/3253/3232 3258/3258/3237
f 3254/3254/3233 3258/3258/3237 3257/3257/3236
f 3253/3253/3232 3256/3256/3235 3259/3259/3238
f 3259/3259/3238 3258/3258/3237 3253/3253/3232
f 3260/3260/3239 3256/3256/3235 3252/3252/3231
f 3249/3249/3228 3260/3260/3239 3252/3252/3231
f 3261/3261/3240 3259/3259/3238 3256/3256/3235
f 3256/3256/3235 3260/3260/3239 3261/3261/3240
f 3258/3258/3237 3259/3259/3238 3262/3262/3241
f 3258/3258/3237 3263/3263/3242 3257/3257/3236
f 3258/3258/3237 3262/3262/3241 3263/3263/3242
f 3257/3257/3236 3264/3264/3243 2012/2012/1997
f 3263/3263/3242 3264/3264/3243 3257/3257/3236
f 2014/2014/1999 2012/2012/1997 3264/3264/3243
f 3264/3264/3243 2022/2022/2007 2014/2014/1999
f 2022/2022/2007 3264/3264/3243 3265/3265/3244
f 3263/3263/3242 3265/3265/3244 3264/3264/3243
f 3265/3265/3244 1911/1911/1896 2022/2022/2007
f 1911/1911/1896 3265/3265/3244 1910/1910/1895
f 3266/3266/3245 3265/3265/3244 3263/3263/3242
f 3266/3266/3245 1910/1910/1895 3265/3265/3244
f 3262/3262/3241 3266/3266/3245 3263/3263/3242
f 1912/1912/1897 1910/1910/1895 3266/3266/3245
f 2860/2860/2839 1912/1912/1897 3266/3266/3245
f 3262/3262/3241 2860/2860/2839 3266/3266/3245
f 3262/3262/3241 3267/3267/3246 2860/2860/2839
f 3267/3267/3246 3262/3262/3241 3259/3259/3238
f 2858/2858/2837 2860/2860/2839 3267/3267/3246
f 3259/3259/3238 3261/3261/3240 3267/3267/3246
f 3267/3267/3246 3268/3268/3247 2858/2858/2837
f 3268/3268/3247 3267/3267/3246 3261/3261/3240
f 2854/2854/2833 2858/2858/2837 3268/3268/3247
f 3261/3261/3240 3269/3269/3248 3268/3268/3247
f 3268/3268/3247 3270/3270/3249 2854/2854/2833
f 3270/3270/3249 3268/3268/3247 3269/3269/3248
f 3269/3269/3248 3261/3261/3240 3260/3260/3239
f 2856/2856/2835 2854/2854/2833 3270/3270/3249
f 3271/3271/3250 3269/3269/3248 3260/3260/3239
f 3260/3260/3239 3249/3249/3228 3271/3271/3250
f 3272/3272/3251 3270/3270/3249 3269/3269/3248
f 3269/3269/3248 3271/3271/3250 3272/3272/3251
f 3273/3273/3252 2856/2856/2835 3270/3270/3249
f 3270/3270/3249 3272/3272/3251 3273/3273/3252
f 2856/2856/2835 3273/3273/3252 3274/3274/3253
f 3274/3274/3253 2853/2853/2832 2856/2856/2835
f 3275/3275/3254 3271/3271/3250 3249/3249/3228
f 3249/3249/3228 3248/3248/3227 3275/3275/3254
f 3276/3276/3255 3272/3272/3251 3271/3271/3250
f 3271/3271/3250 3275/3275/3254 3276/3276/3255
f 3277/3277/3256 3273/3273/3252 3272/3272/3251
f 3272/3272/3251 3276/3276/3255 3277/3277/3256
f 3278/3278/3257 3274/3274/3253 3273/3273/3252
f 3273/3273/3252 3277/3277/3256 3278/3278/3257
f 3276/3276/3255 3172/3172/3151 3277/3277/3256
f 3169/3169/3148 3277/3277/3256 3172/3172/3151
f 3277/3277/3256 3169/3169/3148 3278/3278/3257
f 3172/3172/3151 3276/3276/3255 3174/3174/3153
f 3275/3275/3254 3174/3174/3153 3276/3276/3255
f 3168/3168/3147 3278/3278/3257 3169/3169/3148
f 3174/3174/3153 3275/3275/3254 3279/3279/3258
f 3248/3248/3227 3279/3279/3258 3275/3275/3254
f 3175/3175/3154 3174/3174/3153 3279/3279/3258
f 3279/3279/3258 3248/3248/3227 3234/3234/3213
f 3279/3279/3258 3220/3220/3199 3175/3175/3154
f 3220/3220/3199 3279/3279/3258 3234/3234/3213
f 3278/3278/3257 3168/3168/3147 3280/3280/3259
f 3274/3274/3253 3278/3278/3257 3280/3280/3259
f 3171/3171/3150 3280/3280/3259 3168/3168/3147
f 3280/3280/3259 3281/3281/3260 3274/3274/3253
f 2853/2853/2832 3274/3274/3253 3281/3281/3260
f 3280/3280/3259 3171/3171/3150 3282/3282/3261
f 3281/3281/3260 3280/3280/3259 3282/3282/3261
f 2716/2716/2695 3282/3282/3261 3171/3171/3150
f 2857/2857/2836 2853/2853/2832 3281/3281/3260
f 3282/3282/3261 2716/2716/2695 3283/3283/3262
f 3283/3283/3262 3281/3281/3260 3282/3282/3261
f 3281/3281/3260 3283/3283/3262 2857/2857/2836
f 2716/2716/2695 2863/2863/2842 3283/3283/3262
f 2863/2863/2842 2857/2857/2836 3283/3283/3262
f 3066/3066/3045 3284/3284/3263 3063/3063/3042
f 3065/3065/3044 3063/3063/3042 3284/3284/3263
f 3285/3285/3264 3066/3066/3045 3064/3064/3043
f 3286/3286/3265 3064/3064/3043 3059/3059/3038
f 3064/3064/3043 3286/3286/3265 3285/3285/3264
f 3059/3059/3038 3287/3287/3266 3286/3286/3265
f 3287/3287/3266 3059/3059/3038 3053/3053/3032
f 3288/3288/3267 3285/3285/3264 3286/3286/3265
f 3066/3066/3045 3285/3285/3264 3289/3289/3268
f 3284/3284/3263 3066/3066/3045 3289/3289/3268
f 3290/3290/3269 3289/3289/3268 3285/3285/3264
f 3285/3285/3264 3288/3288/3267 3290/3290/3269
f 3291/3291/3270 3284/3284/3263 3289/3289/3268
f 3289/3289/3268 3290/3290/3269 3291/3291/3270
f 3292/3292/3271 3286/3286/3265 3287/3287/3266
f 3286/3286/3265 3292/3292/3271 3288/3288/3267
f 3053/3053/3032 3293/3293/3272 3287/3287/3266
f 3293/3293/3272 3053/3053/3032 3050/3050/3029
f 3287/3287/3266 3294/3294/3273 3292/3292/3271
f 3294/3294/3273 3287/3287/3266 3293/3293/3272
f 3295/3295/3274 3288/3288/3267 3292/3292/3271
f 3296/3296/3275 3292/3292/3271 3294/3294/3273
f 3292/3292/3271 3296/3296/3275 3295/3295/3274
f 3050/3050/3029 3297/3297/3276 3293/3293/3272
f 3297/3297/3276 3050/3050/3029 3049/3049/3028
f 3293/3293/3272 3298/3298/3277 3294/3294/3273
f 3298/3298/3277 3293/3293/3272 3297/3297/3276
f 3294/3294/3273 3299/3299/3278 3296/3296/3275
f 3299/3299/3278 3294/3294/3273 3298/3298/3277
f 3049/3049/3028 3300/3300/3279 3297/3297/3276
f 3300/3300/3279 3049/3049/3028 3048/3048/3027
f 3297/3297/3276 3301/3301/3280 3298/3298/3277
f 3301/3301/3280 3297/3297/3276 3300/3300/3279
f 3298/3298/3277 3302/3302/3281 3299/3299/3278
f 3302/3302/3281 3298/3298/3277 3301/3301/3280
f 3048/3048/3027 3303/3303/3282 3300/3300/3279
f 3304/3304/3283 3299/3299/3278 3302/3302/3281
f 3303/3303/3282 3048/3048/3027 2953/2953/2932
f 3300/3300/3279 3305/3305/3284 3301/3301/3280
f 3305/3305/3284 3300/3300/3279 3303/3303/3282
f 3301/3301/3280 3306/3306/3285 3302/3302/3281
f 3306/3306/3285 3301/3301/3280 3305/3305/3284
f 3307/3307/3286 3302/3302/3281 3306/3306/3285
f 3302/3302/3281 3307/3307/3286 3304/3304/3283
f 3305/3305/3284 3308/3308/3287 3306/3306/3285
f 3303/3303/3282 3017/3017/2996 3305/3305/3284
f 3308/3308/3287 3305/3305/3284 3017/3017/2996
f 3017/3017/2996 3303/3303/3282 2954/2954/2933
f 2953/2953/2932 2954/2954/2933 3303/3303/3282
f 3306/3306/3285 3309/3309/3288 3307/3307/3286
f 3309/3309/3288 3306/3306/3285 3308/3308/3287
f 2043/2043/2028 3307/3307/3286 3309/3309/3288
f 3308/3308/3287 2040/2040/2025 3309/3309/3288
f 2040/2040/2025 2043/2043/2028 3309/3309/3288
f 2040/2040/2025 3308/3308/3287 3015/3015/2994
f 3017/3017/2996 3015/3015/2994 3308/3308/3287
f 2041/2041/2026 2040/2040/2025 3015/3015/2994
f 3307/3307/3286 2043/2043/2028 3310/3310/3289
f 3310/3310/3289 3304/3304/3283 3307/3307/3286
f 2043/2043/2028 2048/2048/2033 3310/3310/3289
f 3310/3310/3289 2048/2048/2033 3311/3311/3290
f 3304/3304/3283 3310/3310/3289 3311/3311/3290
f 3311/3311/3290 2048/2048/2033 2155/2155/2140
f 3311/3311/3290 3312/3312/3291 3304/3304/3283
f 3299/3299/3278 3304/3304/3283 3312/3312/3291
f 3312/3312/3291 3296/3296/3275 3299/3299/3278
f 3311/3311/3290 2155/2155/2140 3313/3313/3292
f 3312/3312/3291 3311/3311/3290 3313/3313/3292
f 3313/3313/3292 2155/2155/2140 2159/2159/2144
f 3296/3296/3275 3312/3312/3291 3314/3314/3293
f 3313/3313/3292 3314/3314/3293 3312/3312/3291
f 3314/3314/3293 3295/3295/3274 3296/3296/3275
f 3313/3313/3292 2159/2159/2144 3315/3315/3294
f 3314/3314/3293 3313/3313/3292 3315/3315/3294
f 3315/3315/3294 2159/2159/2144 2163/2163/2148
f 3295/3295/3274 3314/3314/3293 3316/3316/3295
f 3315/3315/3294 3316/3316/3295 3314/3314/3293
f 3315/3315/3294 2163/2163/2148 3317/3317/3296
f 3316/3316/3295 3315/3315/3294 3317/3317/3296
f 3317/3317/3296 2163/2163/2148 2166/2166/2151
f 3316/3316/3295 3318/3318/3297 3295/3295/3274
f 3288/3288/3267 3295/3295/3274 3318/3318/3297
f 3317/3317/3296 3319/3319/3298 3316/3316/3295
f 3318/3318/3297 3316/3316/3295 3319/3319/3298
f 3317/3317/3296 2166/2166/2151 3320/3320/3299
f 3319/3319/3298 3317/3317/3296 3320/3320/3299
f 3320/3320/3299 2166/2166/2151 2168/2168/2153
f 2168/2168/2153 2173/2173/2158 3320/3320/3299
f 2173/2173/2158 3319/3319/3298 3320/3320/3299
f 3321/3321/3300 3288/3288/3267 3318/3318/3297
f 3288/3288/3267 3321/3321/3300 3290/3290/3269
f 3322/3322/3301 3318/3318/3297 3319/3319/3298
f 3319/3319/3298 2173/2173/2158 3322/3322/3301
f 3318/3318/3297 3322/3322/3301 3321/3321/3300
f 3323/3323/3302 3322/3322/3301 2173/2173/2158
f 2173/2173/2158 2174/2174/2159 3323/3323/3302
f 3324/3324/3303 3321/3321/3300 3322/3322/3301
f 3322/3322/3301 3323/3323/3302 3324/3324/3303
f 3325/3325/3304 3290/3290/3269 3321/3321/3300
f 3321/3321/3300 3324/3324/3303 3325/3325/3304
f 3290/3290/3269 3325/3325/3304 3291/3291/3270
f 2174/2174/2159 3139/3139/3118 3323/3323/3302
f 3139/3139/3118 3324/3324/3303 3323/3323/3302
f 3139/3139/3118 2174/2174/2159 2179/2179/2164
f 3326/3326/3305 3325/3325/3304 3324/3324/3303
f 3324/3324/3303 3139/3139/3118 3326/3326/3305
f 3327/3327/3306 3291/3291/3270 3325/3325/3304
f 3325/3325/3304 3326/3326/3305 3327/3327/3306
f 3291/3291/3270 3327/3327/3306 3328/3328/3307
f 3284/3284/3263 3291/3291/3270 3328/3328/3307
f 3326/3326/3305 3137/3137/3116 3327/3327/3306
f 3137/3137/3116 3328/3328/3307 3327/3327/3306
f 3329/3329/3308 3284/3284/3263 3328/3328/3307
f 3328/3328/3307 3137/3137/3116 3329/3329/3308
f 3284/3284/3263 3329/3329/3308 3065/3065/3044
f 3137/3137/3116 3138/3138/3117 3329/3329/3308
f 3138/3138/3117 3065/3065/3044 3329/3329/3308
f 3137/3137/3116 3326/3326/3305 3135/3135/3114
f 3139/3139/3118 3135/3135/3114 3326/3326/3305
