# Blender 5.2.1 LTS
# www.blender.org
mtllib Skinny Left Sleeve.mtl
o RenderMesh_83033169369113
v 2.004079 0.214568 1.550712
v 1.967894 0.241707 1.516789
v 1.999197 0.245452 1.548571
v 1.945093 0.270683 1.510708
v 2.018096 0.216133 1.575966
v 1.976135 0.187798 1.544506
v 1.989328 0.189442 1.569464
v 1.974524 0.274180 1.542149
v 1.923723 0.300082 1.504915
v 1.953020 0.303805 1.536183
v 2.015445 0.247084 1.574279
v 1.993892 0.276533 1.568408
v 1.972889 0.306192 1.562594
v 2.029575 0.218167 1.600566
v 2.001449 0.191396 1.594180
v 2.041715 0.219941 1.625321
v 2.030810 0.248896 1.599874
v 2.015372 0.279393 1.595257
v 1.984715 0.307260 1.587188
v 2.032084 0.281387 1.620985
v 2.043905 0.250672 1.624927
v 2.056822 0.251992 1.649802
v 2.031674 0.375532 1.726226
v 2.050004 0.345843 1.731477
v 2.024099 0.375297 1.702714
v 2.038408 0.343339 1.747701
v 2.024897 0.373412 1.744723
v 2.038528 0.342126 1.771694
v 2.021201 0.371627 1.767062
v 2.005236 0.403037 1.738997
v 2.005373 0.401875 1.762951
v 2.007308 0.404212 1.718860
v 2.003111 0.404536 1.696466
v 1.994219 0.404525 1.672540
v 2.016053 0.375216 1.678925
v 1.987872 0.432828 1.734102
v 1.990131 0.431915 1.759073
v 1.987055 0.433650 1.712914
v 1.979761 0.433419 1.689569
v 1.970047 0.433076 1.665688
v 1.974817 0.463220 1.730642
v 1.972326 0.461862 1.753917
v 1.940991 0.489661 1.720933
v 1.939528 0.486969 1.743550
v 1.929590 0.488184 1.696388
v 1.964639 0.462537 1.706431
v 1.918689 0.487325 1.671846
v 1.953925 0.461516 1.681992
v 1.906537 0.485882 1.647033
v 1.944282 0.461105 1.658093
v 1.893809 0.484318 1.622369
v 1.931210 0.459582 1.633686
v 1.880140 0.482615 1.597446
v 1.955552 0.431560 1.640900
v 1.916688 0.457676 1.608695
v 1.865522 0.480674 1.571924
v 1.982722 0.404002 1.647996
v 1.941438 0.429750 1.616001
v 1.898683 0.454586 1.582130
v 1.851214 0.479075 1.546338
v 2.004978 0.374512 1.654342
v 2.033844 0.345014 1.684492
v 1.971093 0.402788 1.623628
v 1.934539 0.429810 1.592237
v 1.886322 0.454081 1.556584
v 1.837637 0.478145 1.521157
v 2.017533 0.343406 1.658762
v 2.049276 0.314854 1.689032
v 1.994211 0.373255 1.630231
v 1.959352 0.401080 1.599000
v 1.875571 0.454913 1.531793
v 1.920066 0.428226 1.566103
v 1.824225 0.477552 1.495953
v 1.858460 0.452071 1.505987
v 1.797602 0.473086 1.465806
v 1.826062 0.447358 1.474282
v 1.899578 0.425606 1.539189
v 1.870852 0.421587 1.511610
v 1.843379 0.417712 1.480655
v 1.940280 0.398276 1.572449
v 1.911229 0.394529 1.544464
v 1.885966 0.391280 1.517175
v 1.861452 0.388197 1.486617
v 1.973024 0.370322 1.603486
v 1.948323 0.367289 1.576436
v 1.927066 0.364478 1.549693
v 1.908347 0.362094 1.523561
v 1.882041 0.358672 1.492785
v 2.006472 0.342212 1.634391
v 1.986090 0.339653 1.608163
v 1.931325 0.333304 1.530034
v 1.902761 0.329498 1.498796
v 1.947056 0.334968 1.555521
v 1.965146 0.337126 1.581513
v 2.000474 0.309136 1.612785
v 2.025143 0.312294 1.640039
v 2.041034 0.314137 1.665569
v 2.068812 0.284856 1.694783
v 2.056724 0.283643 1.670304
v 2.080931 0.253979 1.698869
v 2.047834 0.282860 1.646623
v 2.069268 0.252788 1.674469
v 2.067466 0.222456 1.674898
v 2.054554 0.221443 1.650219
v 2.080531 0.223429 1.699699
v 2.092989 0.224686 1.724300
v 2.051220 0.197206 1.692927
v 2.038295 0.196092 1.668213
v 1.988546 0.179537 1.655822
v 2.025772 0.194753 1.643552
v 1.976140 0.178036 1.631170
v 1.926577 0.168486 1.618604
v 2.013441 0.193239 1.618832
v 1.964062 0.176295 1.606567
v 1.914567 0.166591 1.593996
v -1.295943 -0.102688 0.675320
v -1.291577 -0.132530 0.696898
v -1.297169 -0.103930 0.695981
v -1.303458 -0.126659 0.715773
v -1.302732 -0.105002 0.716468
v -1.304138 -0.105852 0.732055
v -1.314422 -0.075424 0.712515
v -1.306603 -0.076513 0.737255
v -1.306208 -0.044980 0.736085
v -1.302492 -0.073729 0.694701
v -1.296300 -0.072414 0.676047
v -1.319786 -0.044691 0.710201
v -1.320453 -0.043292 0.688062
v -1.301667 -0.041244 0.675127
v -1.331481 -0.013519 0.707094
v -1.317075 -0.014396 0.734164
v -1.332858 -0.012490 0.683775
v -1.323704 0.017345 0.710493
v -1.324483 0.016576 0.733699
v -1.320670 0.047497 0.735819
v -1.312341 -0.010825 0.671926
v -1.298491 -0.010266 0.655885
v -1.337070 0.019038 0.683163
v -1.317562 0.048350 0.713409
v -1.318428 0.078279 0.737526
v -1.329014 0.019546 0.665014
v -1.332596 0.050109 0.685406
v -1.315445 0.079245 0.715338
v -1.315473 0.109150 0.739554
v -1.330471 0.050866 0.665078
v -1.303317 0.020270 0.654976
v -1.290128 0.020155 0.638297
v -1.300122 -0.009842 0.633567
v -1.326677 0.080885 0.688311
v -1.308199 0.109653 0.718695
v -1.304530 0.140453 0.721148
v -1.312864 0.140072 0.741481
v -1.316679 0.111101 0.692513
v -1.308649 0.170179 0.737651
v -1.324168 0.081539 0.668102
v -1.303531 0.170470 0.722479
v -1.300692 0.192390 0.724036
v -1.310290 0.141699 0.695549
v -1.297318 0.171040 0.701328
v -1.290688 0.200757 0.704591
v -1.279023 0.200766 0.688219
v -1.286031 0.171031 0.685056
v -1.315072 0.112176 0.672055
v -1.301821 0.142259 0.677777
v -1.227832 0.178437 0.516880
v -1.229296 0.200600 0.516827
v -1.225174 0.179233 0.500677
v -1.235990 0.148699 0.512833
v -1.225162 0.149310 0.493642
v -1.235045 0.177884 0.537692
v -1.234782 0.207922 0.538788
v -1.228946 0.118447 0.491738
v -1.243757 0.118050 0.509333
v -1.231520 0.087326 0.490432
v -1.241442 0.148031 0.534346
v -1.234144 0.176985 0.559162
v -1.235695 0.207070 0.560243
v -1.234863 0.175642 0.580116
v -1.235309 0.205783 0.581701
v -1.234507 0.202858 0.602561
v -1.243170 0.146999 0.554721
v -1.242110 0.174160 0.597887
v -1.233165 0.200820 0.623073
v -1.249005 0.145774 0.573415
v -1.247504 0.117126 0.531480
v -1.242170 0.115935 0.554366
v -1.239904 0.172208 0.619657
v -1.229514 0.196859 0.646371
v -1.255333 0.144655 0.591915
v -1.251596 0.114730 0.571805
v -1.250909 0.086011 0.529952
v -1.247117 0.085043 0.552189
v -1.249294 0.086964 0.506802
v -1.232107 0.056374 0.489495
v -1.249533 0.055494 0.506116
v -1.230848 0.025386 0.489201
v -1.246567 0.054766 0.530923
v -1.240463 0.024441 0.509074
v -1.225841 -0.005175 0.490713
v -1.236387 0.024149 0.533740
v -1.228501 -0.006084 0.512675
v -1.223413 -0.035727 0.490861
v -1.229057 -0.006908 0.535462
v -1.222253 -0.036781 0.514543
v -1.225989 -0.066437 0.488738
v -1.226507 -0.067559 0.512593
v -1.229278 -0.096625 0.492940
v -1.231147 -0.037991 0.534105
v -1.234615 -0.097203 0.508358
v -1.235895 -0.119172 0.507007
v -1.245609 -0.067692 0.527855
v -1.245563 -0.097691 0.527578
v -1.244147 -0.127575 0.526981
v -1.249527 -0.127638 0.545632
v -1.248942 -0.037526 0.547682
v -1.259015 -0.067996 0.543148
v -1.253855 -0.097888 0.544969
v -1.254786 -0.127938 0.564487
v -1.262857 -0.068116 0.562683
v -1.260364 -0.098044 0.563208
v -1.260545 -0.128221 0.583321
v -1.256675 -0.098141 0.585503
v -1.265754 -0.128261 0.602021
v -1.259519 -0.098495 0.605547
v -1.273281 -0.128724 0.619554
v -1.266537 -0.068041 0.582219
v -1.266629 -0.099302 0.623883
v -1.276895 -0.129974 0.639663
v -1.267633 -0.068042 0.602952
v -1.275705 -0.068916 0.621061
v -1.280699 -0.036809 0.576873
v -1.289049 -0.037961 0.594658
v -1.295606 -0.039200 0.613209
v -1.292947 -0.070451 0.635045
v -1.303102 -0.040101 0.631826
v -1.274972 -0.100047 0.641645
v -1.296597 -0.040430 0.655677
v -1.287150 -0.101400 0.657819
v -1.300600 -0.071440 0.653382
v -1.283338 -0.130931 0.658336
v -1.288337 -0.131668 0.677375
v -1.275167 0.171481 0.668446
v -1.265363 0.200703 0.672823
v -1.243357 0.197634 0.661472
v -1.308915 0.081436 0.652933
v -1.303179 0.112411 0.655627
v -1.288029 0.142267 0.662514
v -1.262234 0.171707 0.652760
v -1.275019 0.142313 0.646848
v -1.244243 0.171102 0.639274
v -1.285728 0.112041 0.641679
v -1.266237 0.142879 0.629390
v -1.258408 0.143320 0.611608
v -1.259742 0.113540 0.589478
v -1.265576 0.112456 0.607915
v -1.274014 0.111913 0.625369
v -1.293852 0.081174 0.637612
v -1.253711 0.083989 0.570619
v -1.270589 0.083244 0.584408
v -1.277640 0.082333 0.602393
v -1.281754 0.081461 0.621503
v -1.245207 0.054782 0.552615
v -1.256449 0.054234 0.569226
v -1.267308 0.053597 0.585374
v -1.246776 0.024825 0.572698
v -1.237267 0.024567 0.555044
v -1.270968 0.052398 0.604601
v -1.262181 0.024337 0.586912
v -1.239080 -0.006561 0.553097
v -1.254917 -0.005577 0.567972
v -1.268955 -0.036573 0.560486
v -1.273741 -0.005336 0.580781
v -1.292042 -0.006429 0.593835
v -1.282832 0.023046 0.598661
v -1.301126 -0.008274 0.611594
v -1.290867 0.021468 0.616539
v -1.275946 0.051140 0.623357
v -1.291797 0.050731 0.638271
v -1.316308 0.050726 0.649122
v 1.840224 0.145488 1.704258
v 1.890131 0.155620 1.716795
v 1.898021 0.165409 1.742242
v 1.949231 0.175107 1.755026
v 1.779279 0.132522 1.667387
v 1.828230 0.143518 1.679552
v 1.717095 0.121043 1.629849
v 1.768006 0.129354 1.642720
v 1.655382 0.109257 1.592537
v 1.705684 0.118110 1.605053
v 1.940685 0.165391 1.729555
v 2.000435 0.184093 1.768023
v 1.876998 0.154610 1.691713
v 1.818337 0.138524 1.655495
v 1.754151 0.129488 1.617111
v 1.991338 0.174944 1.742343
v 2.052172 0.192302 1.781517
v 1.928976 0.162202 1.705199
v 1.867718 0.149077 1.668138
v 1.805575 0.137140 1.630302
v 2.043305 0.182450 1.755794
v 2.099335 0.207408 1.792429
v 1.980609 0.170255 1.718473
v 1.918224 0.158325 1.681119
v 2.091990 0.199867 1.767791
v 2.117715 0.227508 1.796542
v 2.029417 0.181735 1.730712
v 1.967958 0.168913 1.693716
v 2.118533 0.226933 1.773905
v 2.109580 0.256652 1.793955
v 2.077997 0.198995 1.742672
v 2.015031 0.181600 1.705574
v 1.906101 0.156135 1.656413
v 1.953157 0.169579 1.668442
v 1.855965 0.146297 1.643365
v 1.892649 0.155733 1.631299
v 1.841152 0.147889 1.617825
v 2.000978 0.181095 1.680446
v 1.939461 0.169429 1.643433
v 2.064363 0.198188 1.717736
v 2.106083 0.225747 1.749166
v 2.104897 0.256690 1.747908
v 2.113529 0.257969 1.771493
v 2.093447 0.255525 1.723483
v 2.080700 0.284978 1.760608
v 2.085266 0.285261 1.786213
v 2.082381 0.285926 1.740766
v 2.078936 0.285885 1.718839
v 2.057438 0.313829 1.753452
v 2.060613 0.313507 1.778397
v 2.063414 0.315525 1.735039
v 2.062209 0.315929 1.713859
v 2.050115 0.346744 1.710365
v -1.283338 -0.130931 0.658336
v -1.267667 -0.148329 0.664342
v -1.288337 -0.131668 0.677375
v -1.211597 -0.151316 0.666061
v -1.151202 -0.144064 0.708306
v -1.218340 -0.151661 0.684597
v -1.260996 -0.147391 0.645713
v -1.276895 -0.129974 0.639663
v -1.144226 -0.147793 0.691323
v -1.074462 -0.142884 0.721299
v -1.070044 -0.145459 0.702359
v -1.204719 -0.151865 0.647500
v -1.255044 -0.146334 0.626529
v -1.273281 -0.128724 0.619554
v -1.265754 -0.128261 0.602021
v -1.139133 -0.149538 0.673688
v -1.065349 -0.147058 0.683354
v -1.001015 -0.146263 0.709453
v -1.133778 -0.148765 0.656071
v -1.197770 -0.151674 0.629113
v -1.247931 -0.145758 0.608696
v -1.260545 -0.128221 0.583321
v -1.127771 -0.145578 0.638856
v -1.190770 -0.150224 0.610808
v -1.241236 -0.145222 0.590404
v -1.254786 -0.127938 0.564487
v -1.234361 -0.144208 0.572118
v -1.249527 -0.127638 0.545632
v -1.122652 -0.139643 0.621677
v -1.227119 -0.143666 0.554009
v -1.183519 -0.148590 0.592646
v -1.244147 -0.127575 0.526981
v -1.059479 -0.143718 0.664708
v -1.219409 -0.143384 0.534601
v -1.235895 -0.119172 0.507007
v -1.176089 -0.145983 0.574722
v -1.116489 -0.136793 0.604433
v -1.053502 -0.138438 0.646505
v -1.209590 -0.132924 0.510807
v -1.229278 -0.096625 0.492940
v -1.168237 -0.143648 0.555438
v -1.110976 -0.131555 0.585776
v -1.047499 -0.133997 0.628130
v -1.102369 -0.120975 0.563396
v -1.158559 -0.133026 0.531656
v -1.202429 -0.104688 0.492508
v -1.151488 -0.105207 0.512984
v -1.199677 -0.068680 0.486309
v -1.225989 -0.066437 0.488738
v -1.148723 -0.069360 0.506298
v -1.094274 -0.096393 0.545619
v -0.508067 0.166192 1.061494
v -0.557688 0.165977 1.042438
v -0.557844 0.136380 1.049890
v -0.608069 0.136039 1.030135
v -0.557018 0.105410 1.051894
v -0.607087 0.104852 1.030059
v -0.556856 0.074193 1.053742
v -0.506148 0.186659 1.043934
v -0.456513 0.187145 1.063306
v -0.607174 0.165725 1.023279
v -0.554688 0.186051 1.025064
v -0.453253 0.193942 1.040883
v -0.658363 0.135668 1.011084
v -0.656379 0.165353 1.004491
v -0.722563 0.135756 0.985677
v -0.657989 0.104416 1.009702
v -0.607456 0.073883 1.032054
v -0.555995 0.043164 1.051437
v -0.504363 0.043328 1.072400
v -0.502655 0.012515 1.070019
v -0.554808 0.012229 1.049147
v -0.553793 -0.018776 1.051376
v -0.607539 0.042816 1.031585
v -0.607437 0.011688 1.031584
v -0.605974 -0.019045 1.029037
v -0.658963 0.073518 1.012379
v -0.659381 0.042520 1.011513
v -0.659451 0.011414 1.010438
v -0.722266 0.104467 0.983496
v -0.723851 0.073823 0.988269
v -0.724438 0.042562 0.987565
v -0.657691 -0.018968 1.005559
v -0.605215 -0.050013 1.028844
v -0.658359 -0.050119 1.006095
v -0.722635 -0.018562 0.979237
v -0.722205 -0.049478 0.977396
v -0.723499 0.012193 0.982153
v -0.788204 -0.018253 0.953280
v -0.787736 -0.049255 0.951078
v -0.789318 0.011740 0.958972
v -0.789070 0.042599 0.961189
v -0.787697 0.073655 0.960421
v -0.854069 -0.018833 0.929568
v -0.853501 -0.049319 0.926505
v -0.853886 0.011597 0.933309
v -0.850960 0.042425 0.932152
v -0.851072 0.073603 0.932786
v -0.918460 -0.018387 0.901057
v -0.918324 -0.049042 0.898162
v -0.917635 0.012220 0.903189
v -0.916883 0.043081 0.904406
v -0.917085 0.073893 0.908025
v 1.789953 0.430615 1.730071
v 1.809234 0.400428 1.736779
v 1.859096 0.408864 1.748606
v 2.005373 0.401875 1.762951
v 1.961682 0.426485 1.770204
v 1.979307 0.396476 1.775128
v 1.910294 0.417620 1.763583
v 2.021201 0.371627 1.767062
v 1.929929 0.387817 1.770637
v 1.997406 0.366619 1.780105
v 2.038528 0.342126 1.771694
v 1.878677 0.378913 1.756658
v 1.950612 0.358430 1.778039
v 1.830316 0.371053 1.747378
v 2.016296 0.337304 1.785589
v 2.060613 0.313507 1.778397
v 1.900557 0.349903 1.766713
v 1.970985 0.329263 1.784583
v 2.038018 0.308543 1.792344
v 2.085266 0.285261 1.786213
v 1.851292 0.341543 1.756699
v 1.921584 0.320735 1.774384
v 1.990947 0.300081 1.789750
v 2.060799 0.279801 1.799164
v 2.109580 0.256652 1.793955
v 1.779223 0.362548 1.734054
v 1.758169 0.392074 1.723033
v 1.726887 0.353992 1.716359
v 2.081293 0.250760 1.804364
v 2.117715 0.227508 1.796542
v 2.012720 0.271105 1.795619
v 2.095781 0.223390 1.803592
v 2.099335 0.207408 1.792429
v 2.052172 0.192302 1.781517
v 2.032549 0.241951 1.799799
v 2.048029 0.214019 1.797042
v 2.000435 0.184093 1.768023
v 1.941873 0.291668 1.779659
v 1.961929 0.262567 1.783551
v 1.981625 0.233507 1.786992
v 1.997159 0.205209 1.784469
v 1.949231 0.175107 1.755026
v 1.870506 0.312236 1.761006
v 1.889880 0.283060 1.765516
v 1.908898 0.254286 1.766475
v 1.817899 0.303907 1.742939
v 1.798470 0.333100 1.738378
v 1.747145 0.324428 1.724488
v 1.675240 0.345267 1.702909
v 1.694016 0.316213 1.703785
v 1.766935 0.295083 1.729266
v 1.713588 0.286760 1.709224
v 1.837452 0.274460 1.748378
v 1.784125 0.266327 1.728288
v 1.855322 0.245890 1.747507
v 1.876398 0.216136 1.757668
v 1.732863 0.257001 1.715513
v 1.803243 0.236585 1.733807
v 1.824122 0.207571 1.743284
v 1.756347 0.228338 1.727628
v 1.688657 0.249632 1.711779
v 1.664222 0.278212 1.698937
v 1.638795 0.240882 1.700026
v 1.707159 0.219545 1.717588
v 1.773879 0.198413 1.732141
v 1.657773 0.211149 1.706422
v 1.721120 0.190083 1.716584
v 1.591434 0.232999 1.691472
v 1.568340 0.261954 1.680636
v 1.674586 0.181202 1.709127
v 1.610445 0.203131 1.697808
v 1.544384 0.225213 1.683454
v 1.626233 0.173293 1.698512
v 1.521045 0.254039 1.671767
v 1.502405 0.283856 1.667726
v 1.561214 0.195136 1.686180
v 1.494619 0.217131 1.671483
v 1.474943 0.246544 1.665385
v 1.450576 0.274420 1.650401
v 1.429104 0.303079 1.639676
v 1.424378 0.238069 1.651347
v 1.403330 0.267208 1.642637
v 1.381022 0.295717 1.631141
v 1.353378 0.258631 1.628782
v 1.330907 0.287141 1.617180
v 1.303408 0.250570 1.616399
v 1.374710 0.229702 1.638239
v 1.324474 0.221373 1.624805
v 1.273038 0.213037 1.609789
v 1.444156 0.208938 1.658294
v 1.394474 0.200457 1.645092
v 1.344258 0.191964 1.631009
v 1.511878 0.187538 1.674868
v 1.461401 0.179348 1.661585
v 1.411783 0.171016 1.648539
v 1.578625 0.165614 1.688992
v 1.529560 0.157750 1.677680
v 1.480332 0.149544 1.666227
v 1.362375 0.162556 1.635862
v 1.430183 0.141227 1.653344
v 1.293665 0.183771 1.618227
v 1.379855 0.133033 1.639248
v 1.241189 0.175239 1.601718
v 1.312418 0.154193 1.622990
v 1.441960 0.112996 1.647259
v 1.491860 0.121500 1.659656
v 1.540893 0.129959 1.671172
v 1.440842 0.094817 1.626921
v 1.491391 0.102788 1.640102
v 1.391399 0.086103 1.614226
v 1.541771 0.110359 1.652733
v 1.391414 0.105102 1.633597
v 1.342358 0.076802 1.602028
v 1.590288 0.137722 1.682736
v 1.591787 0.118030 1.664874
v 1.639070 0.145251 1.694186
v 1.642476 0.124268 1.677686
v 1.688466 0.152796 1.705736
v 1.693031 0.131250 1.690343
v 1.744417 0.138443 1.703345
v 1.737579 0.161314 1.717047
v 1.794661 0.147875 1.715574
v 1.788377 0.170044 1.729575
v 1.846635 0.156222 1.729098
v 1.840616 0.178505 1.743513
v 1.898021 0.165409 1.742242
v 1.892924 0.187450 1.757255
v 1.945473 0.196440 1.771052
v 1.929624 0.224868 1.772989
v -1.174943 0.163418 0.793445
v -1.236429 0.176212 0.778425
v -1.244461 0.140820 0.784075
v -1.308649 0.170179 0.737651
v -1.312864 0.140072 0.741481
v -1.295267 0.141715 0.761422
v -1.297285 0.108657 0.759552
v -1.315473 0.109150 0.739554
v -1.318428 0.078279 0.737526
v -1.247480 0.107605 0.782069
v -1.298666 0.077531 0.757802
v -1.320670 0.047497 0.735819
v -1.247666 0.076758 0.779363
v -1.179394 0.131956 0.803234
v -1.181720 0.101631 0.807716
v -1.300076 0.046633 0.756238
v -1.324483 0.016576 0.733699
v -1.248693 0.045807 0.777570
v -1.300974 0.015810 0.754578
v -1.184051 0.072525 0.808676
v -1.249070 0.015073 0.774054
v -1.299346 -0.014829 0.753253
v -1.317075 -0.014396 0.734164
v -1.296546 -0.045264 0.753921
v -1.306208 -0.044980 0.736085
v -1.306603 -0.076513 0.737255
v -1.248247 -0.015664 0.769824
v -1.297552 -0.079154 0.754575
v -1.304138 -0.105852 0.732055
v -1.248692 -0.046856 0.768578
v -1.294828 -0.115353 0.747713
v -1.303458 -0.126659 0.715773
v -1.290375 -0.142318 0.727368
v -1.248926 -0.079652 0.773867
v -1.247149 -0.116309 0.767498
v -1.241094 -0.144252 0.747878
v -1.176418 -0.134992 0.766813
v -1.183413 -0.107516 0.783632
v -1.107275 -0.131968 0.796044
v -1.185330 -0.075032 0.789198
v -1.112511 -0.108501 0.810212
v -1.041411 -0.132113 0.822454
v -1.114414 -0.079608 0.815547
v -1.046945 -0.108876 0.836914
v -0.975997 -0.131899 0.848842
v -1.182683 -0.044766 0.792682
v -0.981530 -0.109678 0.864179
v -0.916040 -0.109780 0.890978
v -0.910819 -0.130895 0.874602
v -0.847997 -0.130486 0.899513
v -0.983166 -0.079468 0.869577
v -0.851690 -0.109619 0.916560
v -0.784500 -0.130820 0.925026
v -0.918289 -0.079834 0.897027
v -0.787118 -0.109886 0.942537
v -0.718770 -0.131213 0.951728
v -0.853152 -0.080176 0.924083
v -0.787712 -0.080159 0.950045
v -0.721543 -0.109977 0.968786
v -0.651278 -0.131894 0.979685
v -0.655283 -0.110362 0.996004
v -0.595378 -0.131707 1.001584
v -0.722591 -0.080368 0.976203
v -0.600242 -0.109680 1.017083
v -0.540549 -0.131645 1.022918
v -0.657453 -0.080849 1.003081
v -0.545624 -0.109377 1.038315
v -0.602968 -0.080318 1.023673
v -0.485899 -0.131085 1.044194
v -0.548738 -0.079535 1.043490
v -0.494644 -0.079484 1.065158
v -0.551442 -0.049571 1.048887
v -0.491020 -0.109242 1.059888
v -0.436199 -0.109115 1.081679
v -0.431151 -0.130378 1.065563
v -0.440468 -0.079458 1.087475
v -0.381421 -0.109065 1.103566
v -0.376341 -0.129729 1.087003
v -0.386227 -0.079244 1.109195
v -0.326820 -0.108721 1.124827
v -0.321930 -0.129337 1.108127
v -0.331759 -0.078995 1.130637
v -0.275402 -0.106172 1.143311
v -0.270636 -0.126526 1.126319
v -0.224077 -0.103564 1.161584
v -0.219500 -0.123546 1.144522
v -0.280595 -0.076745 1.149666
v -0.336122 -0.048212 1.131137
v -0.389786 -0.048312 1.108451
v -0.172605 -0.101165 1.180242
v -0.168271 -0.120872 1.162888
v -0.229535 -0.074431 1.168418
v -0.285712 -0.046018 1.151070
v -0.340381 -0.017436 1.131880
v -0.121144 -0.098926 1.198862
v -0.116858 -0.118873 1.181478
v -0.178569 -0.072040 1.186786
v -0.235079 -0.043773 1.169829
v -0.290745 -0.015306 1.152200
v -0.069281 -0.096512 1.217077
v -0.064997 -0.117064 1.200270
v -0.127723 -0.069458 1.204219
v -0.184743 -0.041287 1.187052
v -0.240573 -0.012933 1.170340
v -0.017803 -0.093906 1.235510
v -0.013341 -0.114757 1.218923
v -0.076372 -0.067051 1.222575
v 0.033539 -0.091663 1.254264
v 0.038087 -0.112865 1.238219
v -0.025550 -0.064523 1.240507
v 0.090400 -0.109102 1.256890
v -0.034143 -0.033836 1.238595
v 0.085466 -0.086902 1.272141
v 0.141538 -0.104194 1.274987
v 0.025280 -0.062152 1.258705
v 0.015982 -0.031536 1.257098
v 0.076906 -0.057390 1.275789
v 0.137481 -0.082341 1.290783
v 0.188830 -0.077597 1.308763
v 0.192992 -0.099095 1.292683
v 0.128258 -0.052701 1.293361
v 0.241214 -0.072928 1.326253
v 0.245355 -0.094344 1.310513
v 0.179368 -0.048128 1.311756
v 0.298123 -0.089743 1.327671
v 0.066897 -0.026849 1.274450
v 0.117687 -0.022375 1.292214
v 0.006392 -0.000912 1.252918
v 0.056446 0.003680 1.269462
v 0.167952 -0.017714 1.308428
v 0.106408 0.008140 1.290033
v 0.218241 -0.012944 1.323698
v -0.043057 -0.003196 1.235082
v -0.003127 0.029776 1.250548
v -0.084310 -0.036198 1.219959
v -0.134758 -0.038744 1.203202
v -0.092479 -0.005548 1.216251
v -0.051848 0.027467 1.230676
v -0.191081 -0.010464 1.185437
v -0.142071 -0.007903 1.199536
v -0.100590 0.025259 1.213592
v -0.012965 0.060346 1.247726
v -0.246221 0.017941 1.168245
v -0.197105 0.020312 1.185521
v -0.149211 0.022876 1.197976
v -0.251467 0.048637 1.165950
v -0.295397 0.015527 1.152291
v -0.299599 0.046425 1.149898
v -0.344642 0.013304 1.133073
v -0.348212 0.043999 1.134756
v -0.393999 -0.017748 1.110920
v -0.397177 0.013141 1.110918
v -0.443737 -0.048634 1.087646
v -0.447434 -0.017968 1.089067
v -0.497766 -0.048894 1.066883
v -0.450283 0.012918 1.089953
v -0.500603 -0.018444 1.070781
v -0.400976 0.043724 1.114486
v -0.350738 0.074873 1.135017
v -0.452230 0.043871 1.090295
v -0.401685 0.074650 1.112027
v -0.302959 0.076997 1.148746
v -0.352376 0.105689 1.131485
v -0.453421 0.074587 1.090044
v -0.402971 0.105322 1.109809
v -0.505290 0.074445 1.073076
v -0.454625 0.105492 1.089117
v -0.355968 0.136492 1.128603
v -0.405440 0.136171 1.107943
v -0.505635 0.105321 1.070063
v -0.455670 0.136315 1.088364
v -0.407445 0.165870 1.099965
v -0.507532 0.136459 1.068902
v -0.358569 0.166112 1.119591
v -0.457327 0.166123 1.080902
v -0.359273 0.186508 1.100728
v -0.407591 0.186968 1.082213
v -0.314522 0.167626 1.134422
v 1.514818 0.416224 1.650646
v 1.564811 0.424742 1.663828
v 1.541693 0.446274 1.640512
v 1.591838 0.454578 1.653426
v 1.465323 0.407175 1.637081
v 1.486707 0.379190 1.650055
v 1.436932 0.369925 1.635364
v 1.535603 0.387360 1.661852
v 1.615101 0.432764 1.676405
v 1.642271 0.462483 1.666272
v 1.585146 0.395735 1.674036
v 1.552242 0.357629 1.664028
v 1.506441 0.349883 1.657426
v 1.458023 0.341115 1.645345
v 1.409184 0.332701 1.633145
v 1.480574 0.312918 1.658872
v 1.529764 0.321368 1.669808
v 1.549619 0.291831 1.675861
v 1.570994 0.327793 1.670576
v 1.621477 0.336638 1.681976
v 1.596964 0.299900 1.684618
v 1.619979 0.270917 1.695165
v 1.602519 0.366105 1.676163
v 1.641963 0.307129 1.689406
v 1.655874 0.374955 1.696378
v 1.635990 0.404309 1.687533
v 1.706998 0.383376 1.709157
v 1.665822 0.441530 1.689882
v 1.692877 0.470681 1.679224
v 1.687521 0.413189 1.702451
v 1.716442 0.450354 1.703206
v 1.743484 0.479551 1.692602
v 1.738760 0.422057 1.716726
v 1.767577 0.459089 1.716769
v 1.793768 0.488678 1.706057
v 1.774712 0.494367 1.676588
v 1.825178 0.501721 1.689503
v 1.843973 0.496657 1.719031
v 1.885502 0.503371 1.705575
v 1.818042 0.467922 1.730323
v 1.901124 0.497284 1.733040
v 1.939528 0.486969 1.743550
v 1.868306 0.476522 1.743701
v 1.918254 0.483437 1.750469
v 1.972326 0.461862 1.753917
v 1.840099 0.438853 1.742196
v 1.890778 0.447793 1.756904
v 1.942379 0.456480 1.763987
v 1.990131 0.431915 1.759073
v 0.231014 -0.043509 1.329041
v 0.269083 -0.008538 1.340945
v 0.293933 -0.068161 1.343292
v 0.355927 -0.082659 1.344068
v 0.282780 -0.038712 1.345703
v 0.351266 -0.060480 1.359356
v 0.413304 -0.075282 1.360311
v 0.339566 -0.031317 1.361899
v 0.408859 -0.053235 1.376037
v 0.465998 -0.045847 1.392861
v 0.469738 -0.067194 1.376217
v 0.396013 -0.023800 1.377879
v 0.325907 -0.001186 1.359526
v 0.522663 -0.038343 1.409072
v 0.525817 -0.059007 1.391948
v 0.452554 -0.016483 1.395030
v 0.380386 0.006186 1.373254
v 0.579104 -0.030678 1.424812
v 0.581942 -0.051370 1.407625
v 0.509219 -0.009292 1.412118
v 0.635432 -0.023240 1.440628
v 0.638310 -0.044416 1.423663
v 0.565834 -0.002075 1.428578
v 0.491844 0.020576 1.405958
v 0.685267 -0.014432 1.452598
v 0.688072 -0.035490 1.435488
v 0.621730 0.005247 1.444193
v 0.548160 0.027754 1.424419
v 0.604089 0.034872 1.441029
v 0.671967 0.014102 1.456665
v -0.645293 -0.140209 0.958532
v -0.718770 -0.131213 0.951728
v -0.713262 -0.140301 0.930676
v -0.651278 -0.131894 0.979685
v -0.595378 -0.131707 1.001584
v -0.784500 -0.130820 0.925026
v -0.589393 -0.139877 0.980336
v -0.540549 -0.131645 1.022918
v -0.639262 -0.139780 0.939987
v -0.706120 -0.143932 0.912650
v -0.778796 -0.137463 0.903572
v -0.847997 -0.130486 0.899513
v -0.841249 -0.136420 0.878537
v -0.904223 -0.137031 0.853399
v -0.834745 -0.138193 0.860326
v -0.897886 -0.140434 0.834997
v -0.584494 -0.139414 0.961273
v -0.632569 -0.141452 0.922137
v -0.579179 -0.141324 0.942733
v -0.535013 -0.139623 1.001445
v -0.530633 -0.138864 0.982104
v -0.525940 -0.143242 0.963172
v -0.485899 -0.131085 1.044194
v -0.477066 -0.137957 1.002889
v -0.472700 -0.142147 0.983779
v -0.480757 -0.138566 1.022499
v -0.431151 -0.130378 1.065563
v -0.423757 -0.134663 1.023571
v -0.426617 -0.136856 1.043432
v -0.372548 -0.134540 1.064371
v -0.376341 -0.129729 1.087003
v -0.370543 -0.131493 1.044217
v -0.420408 -0.136392 1.003957
v -0.468596 -0.142436 0.964347
v -0.367116 -0.135179 1.024684
v -0.416167 -0.139250 0.984793
v -0.412592 -0.138326 0.965313
v -0.363880 -0.136929 1.005062
v -0.314163 -0.133936 1.045242
v -0.311306 -0.136699 1.025442
v -0.360848 -0.136035 0.985223
v -0.308718 -0.137837 1.005529
v -0.316933 -0.129351 1.064952
v -0.264512 -0.130779 1.062754
v -0.318909 -0.133907 1.085124
v -0.321930 -0.129337 1.108127
v -0.270636 -0.126526 1.126319
v -0.267953 -0.132157 1.103356
v -0.219500 -0.123546 1.144522
v -0.266271 -0.130527 1.083126
v -0.216997 -0.130027 1.121696
v -0.168271 -0.120872 1.162888
v -0.166434 -0.126524 1.139772
v -0.215790 -0.130295 1.101196
v -0.165545 -0.127969 1.119182
v -0.214312 -0.133350 1.080928
v -0.262013 -0.136533 1.043020
v -0.164258 -0.133269 1.098901
v -0.115370 -0.125159 1.137205
v -0.115218 -0.128070 1.116416
v -0.212826 -0.133724 1.060468
v -0.163360 -0.134560 1.078247
v -0.114397 -0.131318 1.095803
v -0.162572 -0.135221 1.057517
v -0.211559 -0.135018 1.040051
v -0.209988 -0.137734 1.019624
v -0.259950 -0.136829 1.022807
v -0.258191 -0.138003 1.002559
v -0.256709 -0.137379 0.982178
v -0.305980 -0.139675 0.985645
v -0.303933 -0.138857 0.965559
v -0.302360 -0.135271 0.945375
v -0.357804 -0.141158 0.965690
v -0.354680 -0.142701 0.945902
v -0.352197 -0.138695 0.926053
v -0.408826 -0.136872 0.945803
v -0.460453 -0.135282 0.925919
v -0.405424 -0.142035 0.926410
v -0.402145 -0.141582 0.906617
v -0.456657 -0.138626 0.906567
v -0.592178 -0.140106 0.792001
v -0.662304 -0.145538 0.783861
v -0.656786 -0.138533 0.765938
v -0.586671 -0.127507 0.772195
v -0.597474 -0.146233 0.810322
v -0.726975 -0.143766 0.757661
v -0.547708 -0.144979 0.829740
v -0.667994 -0.146915 0.802824
v -0.542927 -0.140011 0.810993
v -0.553169 -0.145399 0.848624
v -0.732316 -0.146372 0.776510
v -0.603591 -0.146735 0.829146
v -0.738215 -0.143599 0.795066
v -0.673916 -0.141368 0.821163
v -0.796717 -0.146420 0.750210
v -0.802593 -0.145676 0.769026
v -0.744204 -0.137899 0.813233
v -0.808600 -0.138325 0.787099
v -0.866795 -0.145884 0.742980
v -0.814817 -0.135404 0.805668
v -0.790610 -0.140816 0.732014
v -0.679869 -0.136367 0.839563
v -0.721083 -0.138030 0.739593
v -0.854626 -0.136078 0.706734
v -0.650641 -0.126571 0.746195
v -0.784809 -0.136253 0.713750
v -0.714575 -0.126074 0.719989
v -0.778265 -0.125254 0.694153
v -0.582878 -0.103152 0.758928
v -0.646310 -0.102795 0.732608
v -0.709968 -0.102325 0.706589
v -0.581542 -0.073026 0.754919
v -0.849398 -0.133839 0.687977
v -0.535540 -0.103146 0.777135
v -0.538273 -0.127385 0.790843
v -0.488026 -0.103269 0.795155
v -0.493769 -0.139571 0.829933
v -0.490009 -0.127246 0.809329
v -0.440168 -0.103496 0.813111
v -0.498056 -0.144312 0.848921
v -0.441717 -0.127122 0.827723
v -0.448192 -0.144092 0.868009
v -0.502865 -0.143998 0.868060
v -0.444572 -0.139322 0.848703
v -0.452615 -0.142159 0.887294
v -0.507347 -0.142141 0.887287
v -0.558408 -0.142931 0.867525
v -0.609360 -0.140939 0.847448
v -0.512054 -0.134769 0.905898
v -0.563549 -0.135039 0.886018
v -0.615141 -0.135436 0.866028
v -0.685612 -0.136481 0.858642
v -0.516643 -0.135018 0.925522
v -0.568859 -0.134644 0.905481
v -0.620832 -0.136095 0.885305
v -0.750373 -0.136812 0.831855
v -0.464787 -0.138125 0.945178
v -0.521306 -0.142366 0.944101
v -0.573811 -0.139561 0.924398
v -0.626463 -0.140097 0.904041
v -0.691464 -0.140743 0.877218
v -0.756397 -0.140732 0.850249
v -0.698468 -0.141314 0.895144
v -0.763522 -0.143557 0.868158
v -0.821130 -0.137861 0.824069
v -0.827722 -0.141506 0.842188
v -0.885838 -0.134078 0.798058
v -0.771617 -0.142589 0.885863
v -0.891686 -0.138962 0.816519
v -0.879726 -0.134702 0.779283
v -0.872639 -0.141380 0.761581
v -0.937036 -0.142081 0.735442
v -0.944032 -0.138575 0.753570
v -0.950447 -0.136443 0.771965
v -0.956908 -0.135577 0.790447
v -1.011003 -0.144690 0.747326
v -1.006090 -0.146013 0.728450
v -1.018404 -0.140815 0.765389
v -0.962919 -0.136443 0.809088
v -1.026295 -0.141082 0.783562
v -1.081328 -0.141945 0.739791
v -0.968795 -0.138760 0.827727
v -0.910819 -0.130895 0.874602
v -0.975997 -0.131899 0.848842
v -1.033948 -0.140806 0.801848
v -1.041411 -0.132113 0.822454
v -1.090524 -0.141477 0.757656
v -1.099665 -0.141356 0.775565
v -1.107275 -0.131968 0.796044
v -1.176418 -0.134992 0.766813
v -1.167612 -0.144647 0.743773
v -1.159475 -0.143176 0.725238
v -1.232290 -0.153807 0.722939
v -1.241094 -0.144252 0.747878
v -1.290375 -0.142318 0.727368
v -1.224746 -0.152559 0.703176
v -1.279113 -0.150642 0.703435
v -1.303458 -0.126659 0.715773
v -1.291577 -0.132530 0.696898
v -1.271939 -0.149009 0.683702
v 0.822115 0.040256 1.492808
v 0.885103 0.020369 1.500854
v 0.871420 0.049052 1.503940
v 0.835100 0.011694 1.488738
v 0.837557 -0.009015 1.471522
v 0.888324 -0.000982 1.484335
v 0.934980 0.028978 1.513002
v 0.938777 0.007333 1.496987
v 0.854066 0.078679 1.501096
v 0.921070 0.057732 1.515672
v 0.984461 0.037795 1.525169
v 0.988639 0.015849 1.509713
v 1.039178 0.023681 1.523323
v 1.034091 0.046388 1.538063
v 1.088625 0.032449 1.536356
v 0.970966 0.066532 1.528168
v 1.083837 0.054903 1.551392
v 0.904221 0.087284 1.513474
v 1.019204 0.075646 1.539118
v 1.138762 0.041499 1.549315
v 0.953997 0.096202 1.525866
v 0.839093 0.107980 1.501631
v 0.789547 0.099257 1.490299
v 0.771196 0.128943 1.485966
v 0.890036 0.116572 1.515239
v 0.822236 0.137663 1.499423
v 0.752489 0.158515 1.479583
v 0.700343 0.149574 1.463016
v 0.872365 0.146370 1.510918
v 0.937353 0.125908 1.523380
v 1.004042 0.105031 1.539266
v 0.803855 0.167197 1.493029
v 1.069875 0.083786 1.553622
v 1.135213 0.062851 1.565676
v 1.187483 0.070758 1.579835
v 1.190058 0.050130 1.562685
v 1.122615 0.091099 1.570116
v 1.056706 0.112805 1.557163
v 1.239356 0.079072 1.593770
v 0.990360 0.134508 1.541424
v 1.241259 0.058927 1.575842
v 1.174295 0.099393 1.583714
v 1.106583 0.121309 1.568702
v 1.039991 0.143310 1.553141
v 0.923212 0.155492 1.524184
v 0.972939 0.164648 1.535830
v 0.854003 0.175796 1.504598
v 1.085505 0.150370 1.558620
v 0.905238 0.185009 1.518219
v 1.017531 0.171824 1.540603
v 1.064984 0.179462 1.549134
v 0.998119 0.200938 1.532819
v 0.949362 0.192429 1.521842
v 1.135070 0.158252 1.568521
v 1.155777 0.129195 1.578453
v 1.187932 0.166702 1.583703
v 1.116473 0.187837 1.562939
v 1.046478 0.208830 1.542999
v 1.226229 0.107765 1.597415
v 1.207629 0.137364 1.591274
v 1.290380 0.088225 1.606892
v 1.291633 0.068104 1.588804
v 1.278147 0.116275 1.611595
v 1.341019 0.096814 1.620201
v 1.329282 0.124752 1.625366
v 1.260750 0.145800 1.608673
v 0.735030 -0.005445 1.464382
v 0.737522 -0.025937 1.447057
v 0.785003 0.003281 1.476472
v 0.787447 -0.017316 1.459112
v 0.722172 0.022925 1.468976
v 0.654735 0.043613 1.453995
v 0.585776 0.064674 1.436725
v 0.529957 0.057512 1.418215
v 0.771819 0.031766 1.480464
v 0.705098 0.052460 1.466707
v 0.637377 0.073420 1.451581
v 0.754579 0.061246 1.478010
v 0.688856 0.082071 1.465903
v 0.565850 0.094066 1.427072
v 0.617598 0.102876 1.443294
v 0.739788 0.090679 1.479227
v 0.511392 0.087139 1.411329
v 0.669311 0.111709 1.458853
v 0.546896 0.123626 1.420952
v 0.804417 0.069916 1.489525
v 0.720626 0.120408 1.473063
v 1.168848 0.196155 1.579042
v 1.221200 0.204677 1.594577
v 1.201609 0.234040 1.589661
v 1.148590 0.225396 1.570343
v 1.098111 0.217106 1.558432
v 1.027612 0.238101 1.537384
v 1.078165 0.246398 1.550591
v 1.008611 0.267485 1.531132
v 0.978778 0.229901 1.526157
v 0.960353 0.259297 1.521184
v 0.938521 0.288234 1.510353
v 0.929260 0.221437 1.513903
v 0.912721 0.251186 1.511311
v 0.885053 0.213849 1.509351
v 0.865579 0.243213 1.502638
v 0.890159 0.279927 1.499531
v 0.916387 0.315967 1.496626
v 0.965659 0.324448 1.508384
v 0.834877 0.204988 1.496815
v 0.815746 0.234455 1.489937
v 0.842669 0.271726 1.489906
v 0.867400 0.307516 1.485164
v 0.782994 0.196003 1.481612
v 0.765576 0.225877 1.477766
v 0.793740 0.263102 1.478333
v 0.818766 0.298537 1.473495
v 0.733561 0.187943 1.472135
v 0.715834 0.217723 1.467257
v 0.744536 0.255035 1.467638
v 0.770349 0.290103 1.462390
v 0.681889 0.179311 1.457681
v 0.664173 0.209004 1.453165
v 0.694024 0.246650 1.455258
v 0.720924 0.281869 1.450667
v 0.747113 0.306519 1.435374
v 0.643728 0.238276 1.443014
v 0.671209 0.273115 1.438189
v 0.698404 0.297562 1.423501
v 1.757813 0.483685 1.454599
v 1.797602 0.473086 1.465806
v 1.760660 0.467681 1.443076
v 1.700758 0.481375 1.438863
v 1.770673 0.491619 1.481159
v 1.824225 0.477552 1.495953
v 1.654572 0.451744 1.409816
v 1.652069 0.473002 1.426347
v 1.605475 0.443660 1.396858
v 1.710693 0.491547 1.465155
v 1.784252 0.492193 1.506499
v 1.837637 0.478145 1.521157
v 1.724339 0.493173 1.490585
v 1.661824 0.482829 1.452514
v 1.602952 0.464322 1.413517
v 1.555712 0.435195 1.384248
v 1.552645 0.456212 1.400378
v 1.612289 0.473837 1.439579
v 1.562215 0.465663 1.426621
v 1.673565 0.486593 1.477294
v 1.624246 0.477701 1.464533
v 1.574701 0.469200 1.451722
v 1.686950 0.486906 1.502499
v 1.637080 0.478919 1.489582
v 1.589500 0.467851 1.477464
v 1.539188 0.460074 1.464412
v 1.699904 0.487643 1.527596
v 1.737672 0.493994 1.515865
v 1.750916 0.492897 1.540887
v 1.797763 0.493999 1.531734
v 1.851214 0.479075 1.546338
v 1.810684 0.495154 1.556689
v 1.865522 0.480674 1.571924
v 1.764385 0.491811 1.566051
v 1.823976 0.495463 1.581883
v 1.880140 0.482615 1.597446
v 1.836953 0.496257 1.606805
v 1.893809 0.484318 1.622369
v 1.777536 0.491441 1.591122
v 1.849535 0.497479 1.631620
v 1.906537 0.485882 1.647033
v 1.713018 0.487679 1.552663
v 1.861876 0.499574 1.656334
v 1.918689 0.487325 1.671846
v 1.790186 0.492095 1.616053
v 1.726668 0.486131 1.577901
v 1.674641 0.482351 1.564279
v 1.738298 0.489278 1.602494
v 1.802218 0.494957 1.640719
v 1.873734 0.501572 1.680905
v 1.929590 0.488184 1.696388
v 1.940991 0.489661 1.720933
v 1.813429 0.498800 1.665003
v 1.750544 0.490757 1.627223
v 1.687033 0.483150 1.589158
v 1.764199 0.489358 1.652484
v 1.700997 0.481500 1.614388
v 1.711582 0.485698 1.638607
v 1.637681 0.474917 1.576430
v 1.651311 0.473299 1.601574
v 1.625606 0.473279 1.551658
v 1.587307 0.467610 1.563435
v 1.574927 0.466529 1.538592
v 1.611446 0.474909 1.526276
v 1.562200 0.465581 1.513586
v 1.661776 0.481860 1.539280
v 1.647349 0.483648 1.513846
v 1.599344 0.472764 1.501456
v 1.552037 0.460972 1.489501
v 1.486992 0.456367 1.451097
v 1.501756 0.453372 1.476464
v 1.436110 0.450630 1.437948
v 1.514372 0.454628 1.501495
v 1.447583 0.452401 1.462671
v 1.388805 0.439531 1.425868
v 1.463105 0.448750 1.488180
v 1.523714 0.460142 1.525340
v 1.403191 0.436931 1.451205
v 1.351931 0.431429 1.438053
v 1.415046 0.438301 1.476019
v 1.475017 0.449974 1.512914
v 1.537724 0.458791 1.550724
v 1.599230 0.469143 1.588157
v 1.486477 0.452210 1.537478
v 1.660460 0.479015 1.625328
v 1.549308 0.460841 1.575282
v 1.610362 0.471261 1.612541
v 1.724005 0.486830 1.663436
v 1.673500 0.478649 1.650365
v 1.560046 0.463554 1.599597
v 1.623253 0.470455 1.637457
v 1.498731 0.453161 1.562265
v -0.060679 0.058200 1.228566
v -0.108625 0.055971 1.212047
v -0.069647 0.088540 1.229796
v -0.116679 0.086640 1.211163
v -0.162594 0.084109 1.198201
v -0.169647 0.114766 1.197128
v -0.214761 0.112288 1.178009
v -0.022735 0.090871 1.246211
v 0.035011 0.064837 1.262952
v -0.078649 0.119218 1.227736
v -0.032357 0.121418 1.244895
v 0.024093 0.095270 1.262034
v -0.042867 0.152129 1.241720
v -0.124291 0.117032 1.213378
v -0.087656 0.150025 1.225450
v -0.132283 0.147880 1.209254
v -0.177502 0.145429 1.192792
v -0.221679 0.143107 1.176496
v -0.265874 0.140704 1.159535
v -0.227678 0.172861 1.166681
v -0.184371 0.174488 1.181858
v -0.188750 0.193470 1.161078
v -0.139908 0.176659 1.197864
v -0.144830 0.195130 1.176678
v -0.146169 0.199301 1.152404
v -0.095896 0.179073 1.213722
v -0.101973 0.196963 1.192137
v -0.104224 0.201605 1.167600
v -0.105717 0.205553 1.146639
v -0.145632 0.198890 1.131742
v -0.106109 0.208267 1.125885
v -0.052296 0.181076 1.229437
v -0.059300 0.199066 1.207505
v -0.062218 0.204207 1.182923
v -0.017670 0.203622 1.221147
v -0.009064 0.184766 1.242959
v -0.064670 0.210325 1.161700
v -0.021355 0.209052 1.196368
v 0.024780 0.207279 1.234846
v -0.064344 0.209859 1.140954
v 0.574471 -0.059669 1.381845
v 0.630096 -0.053052 1.397417
v 0.638310 -0.044416 1.423663
v 0.581942 -0.051370 1.407625
v 0.518667 -0.066895 1.366193
v 0.688072 -0.035490 1.435488
v 0.509789 -0.069698 1.342488
v 0.455056 -0.077357 1.326984
v 0.446242 -0.078792 1.303227
v 0.565101 -0.062877 1.357989
v 0.501024 -0.072220 1.318807
v 0.438913 -0.082404 1.280046
v 0.491336 -0.072906 1.294777
v 0.554030 -0.062994 1.333525
v 0.545539 -0.067135 1.310039
v 0.619420 -0.054286 1.373160
v 0.609339 -0.057241 1.349164
v 0.599905 -0.061258 1.325327
v 0.661531 -0.052544 1.362103
v 0.670659 -0.047736 1.385749
v 0.722242 -0.041350 1.398497
v 0.729808 -0.035173 1.421380
v 0.679975 -0.044393 1.409459
v 0.737522 -0.025937 1.447057
v 1.415120 0.081029 1.466184
v 1.350904 0.074444 1.427992
v 1.401216 0.082577 1.440910
v 1.427158 0.081326 1.490950
v 1.484949 0.096127 1.527279
v 1.437908 0.083033 1.515407
v 1.496292 0.098189 1.551834
v 1.447439 0.087074 1.539399
v 1.363442 0.075130 1.452938
v 1.375802 0.074946 1.477726
v 1.387384 0.075062 1.502446
v 1.397271 0.078501 1.526508
v 1.334713 0.071703 1.488484
v 1.344793 0.075526 1.512602
v 1.326888 0.065316 1.465401
v 1.315591 0.063850 1.440904
v 1.303498 0.062781 1.416158
v 1.285156 0.062563 1.476115
v 1.295199 0.066717 1.500201
v 1.276021 0.057713 1.452496
v 1.265729 0.054268 1.428304
v 1.252964 0.055263 1.403384
v 1.237071 0.050632 1.464311
v 1.248810 0.053189 1.488903
v 1.226022 0.047572 1.439895
v 1.213792 0.047704 1.415052
v 1.203096 0.045579 1.390765
v 1.183951 0.045999 1.450553
v 1.196423 0.047242 1.475419
v 1.172153 0.044656 1.425923
v 1.161851 0.041845 1.401737
v 1.149453 0.043457 1.376879
v 1.122821 0.035054 1.413267
v 1.139309 0.040058 1.352762
v 1.135227 0.035922 1.438070
v 1.146683 0.037647 1.462609
v 1.161005 0.036444 1.488077
v 1.088337 0.023750 1.425873
v 1.101220 0.023715 1.451113
v 1.111272 0.026760 1.475365
v 1.051653 0.014424 1.438453
v 1.038031 0.016556 1.413233
v 0.990423 0.004668 1.401030
v 1.071846 0.029079 1.400354
v 0.978925 0.003930 1.376449
v 0.929586 -0.006024 1.363799
v 1.022864 0.019271 1.387804
v 0.917804 -0.006631 1.339130
v 0.868749 -0.016900 1.326593
v 0.966219 0.004352 1.351612
v 1.010453 0.019389 1.362941
v 1.059091 0.029743 1.375371
v 0.857108 -0.017626 1.301982
v 0.807853 -0.027680 1.289670
v 0.905337 -0.006534 1.314290
v 0.952793 0.005452 1.326570
v 0.999959 0.017618 1.338696
v 0.795112 -0.026510 1.264765
v 0.745314 -0.035479 1.252330
v 0.843547 -0.016093 1.276922
v 0.892096 -0.005716 1.289226
v 0.942672 0.002591 1.302402
v -0.114682 -0.130568 1.074676
v -0.068897 -0.122384 1.070318
v -0.067940 -0.123789 1.091677
v -0.021552 -0.118491 1.088033
v -0.020018 -0.119381 1.109591
v -0.066053 -0.126807 1.113205
v -0.017771 -0.121572 1.131258
v 0.027735 -0.114442 1.127535
v 0.029994 -0.114906 1.149419
v 0.076541 -0.113588 1.144179
v -0.065340 -0.126547 1.134508
v -0.015947 -0.122207 1.152821
v 0.079659 -0.113715 1.166260
v 0.125700 -0.113352 1.160969
v 0.032906 -0.116883 1.171374
v -0.064828 -0.125641 1.155731
v -0.013970 -0.124976 1.174183
v -0.115577 -0.124143 1.158124
v -0.064028 -0.124147 1.176938
v -0.012866 -0.122983 1.195625
v -0.064997 -0.117064 1.200270
v -0.116858 -0.118873 1.181478
v -0.013341 -0.114757 1.218923
v 0.038275 -0.120819 1.215034
v 0.038087 -0.112865 1.238219
v 0.090400 -0.109102 1.256890
v 0.035453 -0.118605 1.193160
v 0.082993 -0.113376 1.188421
v 0.085743 -0.114018 1.210560
v 0.089885 -0.116783 1.233091
v 0.139872 -0.110895 1.250718
v 0.141538 -0.104194 1.274987
v 0.192992 -0.099095 1.292683
v 0.136588 -0.111006 1.228176
v 0.191174 -0.107193 1.268267
v 0.245355 -0.094344 1.310513
v 0.188406 -0.112712 1.246033
v 0.133553 -0.114493 1.205724
v 0.184703 -0.116031 1.223136
v 0.242774 -0.103317 1.285855
v 0.298123 -0.089743 1.327671
v 0.238495 -0.105881 1.262863
v 0.233379 -0.107468 1.239515
v 0.294504 -0.098247 1.302879
v 0.355927 -0.082659 1.344068
v 0.287791 -0.098823 1.279020
v 0.352168 -0.092214 1.319383
v 0.413304 -0.075282 1.360311
v 0.284126 -0.105120 1.256503
v 0.345630 -0.094433 1.295899
v 0.408186 -0.083860 1.334997
v 0.469738 -0.067194 1.376217
v 0.462667 -0.074145 1.350233
v 0.525817 -0.059007 1.391948
v 0.399736 -0.084525 1.311134
v 0.336919 -0.093501 1.271617
v 0.277916 -0.106504 1.233086
v 0.392191 -0.086728 1.287748
v 0.330181 -0.095692 1.248442
v 0.384235 -0.088229 1.264196
v 0.324235 -0.098333 1.225552
v 0.271235 -0.106642 1.209836
v 0.263103 -0.103252 1.186341
v 0.229780 -0.112472 1.217018
v 0.223673 -0.111666 1.193866
v 0.216377 -0.106720 1.170831
v 0.180052 -0.115691 1.200145
v 0.174522 -0.112093 1.177544
v 0.168663 -0.109420 1.154703
v 0.129812 -0.114275 1.183281
v 1.951144 0.175058 1.581585
v 1.899435 0.168307 1.568327
v 1.866344 0.154848 1.581413
v 1.877587 0.157555 1.605889
v 1.937430 0.174344 1.556377
v 1.828024 0.147384 1.592840
v 1.816117 0.145501 1.568280
v 1.778170 0.137570 1.579732
v 1.850194 0.158002 1.555602
v 1.885292 0.168967 1.542949
v 1.767260 0.134648 1.555483
v 1.790591 0.138913 1.604580
v 1.717051 0.125600 1.542508
v 1.753839 0.134700 1.530510
v 1.741553 0.128172 1.591995
v 1.730019 0.125967 1.567380
v 1.666622 0.116933 1.529687
v 1.693365 0.116519 1.579951
v 1.680202 0.116313 1.554785
v 1.642214 0.109214 1.567232
v 1.629058 0.109880 1.542095
v 1.614712 0.112656 1.516918
v 1.590553 0.103903 1.554358
v 1.603416 0.103560 1.579474
v 1.577664 0.104465 1.529301
v 1.563903 0.106130 1.504113
v 1.537066 0.103216 1.540794
v 1.549835 0.102772 1.565786
v 1.524372 0.103157 1.515850
v 1.511375 0.102929 1.490836
v 1.550257 0.107451 1.479091
v 1.474984 0.093215 1.503161
v 1.463204 0.092399 1.478518
v 1.497477 0.104023 1.465647
v 1.451124 0.090982 1.453694
v 1.437784 0.090463 1.428520
v 0.233220 -0.097629 1.093008
v 0.196602 -0.103016 1.101522
v 0.190427 -0.102488 1.078743
v 0.154095 -0.109729 1.087026
v 0.239167 -0.096208 1.116067
v 0.291001 -0.091808 1.131305
v 0.158707 -0.109815 1.109618
v 0.115415 -0.116566 1.094793
v 0.203575 -0.105179 1.124610
v 0.299079 -0.093105 1.154796
v 0.347402 -0.082235 1.169250
v 0.248277 -0.101134 1.139570
v 0.308389 -0.096312 1.178515
v 0.357386 -0.084855 1.193188
v 0.316827 -0.098081 1.202128
v 0.255731 -0.102596 1.162889
v 0.209453 -0.105000 1.147561
v 0.163512 -0.109894 1.132037
v 0.377046 -0.090171 1.240977
v 0.119156 -0.118168 1.116985
v 0.071543 -0.121962 1.079800
v 0.121581 -0.112874 1.138575
v 0.072689 -0.121046 1.101114
v 0.026366 -0.122565 1.064140
v 0.074123 -0.116079 1.122361
v 0.026000 -0.123203 1.085155
v 0.026602 -0.118348 1.106247
v -0.021387 -0.119360 1.066844
v -0.019714 -0.125301 1.046623
v -0.068520 -0.123285 1.049332
v -0.066795 -0.124898 1.028860
v -0.113746 -0.128702 1.012184
v -0.111865 -0.130356 0.991617
v -0.159354 -0.131698 0.974882
v -0.115917 -0.125293 1.032378
v -0.161237 -0.130032 0.995205
v -0.206861 -0.131562 0.958116
v -0.163425 -0.128785 1.015666
v -0.208769 -0.131842 0.978497
v -0.253550 -0.133412 0.941651
v -0.255976 -0.132355 0.961873
v -0.299321 -0.136585 0.925462
v -0.209599 -0.134357 0.999026
v -0.116698 -0.126241 1.053333
v -0.162630 -0.132954 1.036630
v 0.621036 0.264649 1.425538
v 0.795626 0.315700 1.447173
v 0.648996 0.289354 1.411462
v 0.843837 0.325617 1.459024
v 0.892696 0.335002 1.471182
v 0.780255 0.318049 1.418531
v 0.593091 0.229711 1.430198
v 0.613021 0.200309 1.439059
v 0.570625 0.256388 1.413070
v 0.630445 0.170572 1.443058
v 0.542490 0.220993 1.417370
v 0.562157 0.191509 1.425724
v 0.649092 0.140887 1.448795
v 0.579566 0.161963 1.429718
v 0.597323 0.132161 1.433521
v 0.527215 0.153200 1.413687
v 0.512432 0.182853 1.414461
v 0.491942 0.212474 1.404675
v 0.459929 0.176238 1.399678
v 0.477641 0.146405 1.404803
v 0.493098 0.116821 1.405828
v 0.425369 0.139723 1.391284
v 0.440869 0.109959 1.393203
v 0.456908 0.080242 1.395461
v 0.407080 0.169395 1.382703
v 0.372556 0.132963 1.376730
v 0.389263 0.102937 1.381944
v 0.474353 0.050339 1.400104
v 0.404459 0.073165 1.383508
v 0.319063 0.126044 1.360672
v 0.419601 0.043371 1.385020
v 0.335272 0.096073 1.366241
v 0.351084 0.065958 1.369937
v 0.435226 0.013424 1.387470
v 0.365013 0.036248 1.369799
v 0.309845 0.028943 1.353227
v 0.295765 0.059018 1.351331
v 0.280096 0.089067 1.344948
v 0.256002 0.021649 1.339709
v 0.241762 0.051846 1.335730
v 0.206217 0.017079 1.324086
v 0.226868 0.082048 1.330395
v 0.193098 0.047294 1.321704
v 0.156495 0.012580 1.307691
v 0.143989 0.043112 1.302770
v 0.179602 0.077720 1.318131
v 0.210976 0.112125 1.323673
v 0.131209 0.073467 1.300172
v 0.165883 0.108073 1.313908
v 0.264714 0.119143 1.340024
v 0.198143 0.142399 1.322967
v 0.250524 0.149082 1.338341
v 0.303411 0.156086 1.354704
v 0.151762 0.138322 1.308696
v 0.118534 0.103697 1.299272
v 0.354223 0.162190 1.365908
v 0.071238 0.099491 1.280124
v 0.105628 0.134280 1.294315
v 0.388837 0.198780 1.373936
v 0.137271 0.168050 1.299364
v 0.337336 0.192055 1.359174
v 0.285989 0.185520 1.344823
v 0.440247 0.205384 1.388834
v 0.234374 0.179104 1.330326
v 0.182355 0.172422 1.314791
v 0.469958 0.239040 1.387723
v 0.267945 0.212874 1.329496
v 0.217244 0.206437 1.314812
v 0.166492 0.199508 1.299469
v 0.318345 0.219638 1.343924
v 0.300874 0.236465 1.318799
v 0.251653 0.231753 1.304566
v 0.202196 0.223706 1.290594
v 0.369110 0.225918 1.358136
v 0.350479 0.243097 1.333159
v 0.419486 0.232118 1.372617
v 0.399646 0.249806 1.347530
v 0.449027 0.255903 1.361809
v 0.499100 0.264359 1.374405
v 0.433955 0.259303 1.333435
v 0.385276 0.253942 1.319335
v 0.520118 0.247764 1.400444
v 0.549124 0.272934 1.386800
v 0.483967 0.267664 1.345869
v 0.421264 0.262212 1.308921
v 0.599241 0.281089 1.399166
v 0.533287 0.276573 1.358066
v 0.583406 0.284326 1.370338
v 0.468734 0.273757 1.320918
v 0.518827 0.281563 1.333144
v 0.633973 0.290247 1.382595
v 0.569498 0.286945 1.345243
v 0.683972 0.297723 1.394913
v 0.618813 0.295831 1.357553
v 0.732894 0.306857 1.406884
v 0.670647 0.297973 1.369831
v 0.721239 0.305594 1.382389
v 0.604587 0.298690 1.332377
v 0.555111 0.291505 1.320265
v 0.655579 0.303357 1.344759
v 0.505485 0.284563 1.308214
v 0.732135 -0.033215 1.227387
v 0.682122 -0.041665 1.214980
v 0.781919 -0.024436 1.239811
v 0.831819 -0.016156 1.252214
v 0.881509 -0.007629 1.264782
v 0.712707 -0.022319 1.199010
v 0.662769 -0.030692 1.186509
v 0.762302 -0.013740 1.211348
v 0.811811 -0.005124 1.223602
v 0.861844 0.002411 1.235735
v 0.690945 0.000464 1.177415
v 0.641416 -0.007698 1.165427
v 0.740480 0.008733 1.189438
v 0.790083 0.017248 1.202012
v 0.839558 0.025513 1.214308
v 0.671378 0.029283 1.166329
v 0.621351 0.020564 1.153136
v 0.720363 0.037277 1.177388
v 0.769250 0.044977 1.187681
v 0.819692 0.054770 1.203887
v 0.649642 0.056786 1.150781
v 0.699339 0.065222 1.163269
v 0.599701 0.048172 1.137370
v 0.748621 0.073557 1.174727
v 0.631791 0.086486 1.144446
v 0.582442 0.078111 1.132781
v 0.798886 0.082318 1.188164
v 0.680950 0.094987 1.155473
v 0.730741 0.103552 1.167605
v 0.850005 0.091989 1.206169
v 0.778964 0.111562 1.176603
v 0.869370 0.062674 1.215764
v 0.831099 0.121326 1.195913
v 0.888770 0.033507 1.225964
v 0.897663 0.099235 1.214017
v 0.917182 0.070139 1.225104
v 0.911519 0.011117 1.248515
v 0.938161 0.041725 1.238018
v 0.930564 0.002332 1.277582
v 0.960599 0.020448 1.261311
v 0.990860 0.013674 1.315047
v 0.979090 0.012722 1.290347
v 1.049595 0.026715 1.351475
v 1.038851 0.024731 1.327253
v 1.110397 0.035840 1.388553
v 1.099686 0.034338 1.364174
v 1.090420 0.030577 1.340519
v 1.028326 0.021914 1.303164
v 1.078354 0.029576 1.315847
v 1.010157 0.028857 1.274016
v 1.060050 0.036995 1.287039
v 1.128749 0.036891 1.328638
v 1.109668 0.044724 1.299509
v 1.189800 0.047643 1.365700
v 1.239988 0.055476 1.378458
v 1.178766 0.044842 1.341284
v 1.159615 0.052290 1.312069
v 1.289616 0.063963 1.390932
v 1.228302 0.053526 1.353800
v 1.209178 0.060730 1.324507
v 1.339376 0.072006 1.403441
v 1.276968 0.063147 1.366019
v 1.257864 0.070105 1.336703
v 1.385987 0.085022 1.415370
v 1.324821 0.073748 1.378203
v 1.306376 0.079834 1.349274
v 1.374209 0.082280 1.390593
v 1.400307 0.247776 1.339016
v 1.335183 0.269586 1.323987
v 1.383013 0.277603 1.335055
v 1.317101 0.299596 1.317972
v 1.184191 0.343190 1.282613
v 1.249628 0.321190 1.298116
v 1.202316 0.313305 1.287684
v 1.135782 0.334935 1.270504
v 1.299425 0.329367 1.314307
v 1.121329 0.363564 1.273193
v 1.071997 0.355180 1.260086
v 1.232469 0.351056 1.295346
v 1.170382 0.371516 1.286310
v 1.366512 0.307583 1.333155
v 1.280673 0.358969 1.308803
v 1.218901 0.379234 1.299330
v 1.344971 0.337130 1.322808
v 1.266141 0.387645 1.311106
v 1.430803 0.285760 1.346115
v 1.327871 0.366923 1.320385
v 1.411038 0.315451 1.338999
v 1.392967 0.345179 1.335160
v 1.447941 0.255932 1.349277
v 1.478543 0.293813 1.356960
v 1.459068 0.323523 1.350782
v 1.466003 0.226235 1.353702
v 1.417564 0.218021 1.342786
v 1.496335 0.264080 1.360752
v 1.514213 0.234369 1.364531
v 1.485699 0.196740 1.360804
v 1.534854 0.204952 1.372936
v 1.435254 0.188379 1.346556
v 1.367312 0.209999 1.328722
v 1.385611 0.180256 1.333749
v 1.317270 0.202041 1.315444
v 1.456238 0.159189 1.356481
v 1.336359 0.172075 1.321429
v 1.271846 0.193902 1.308536
v 1.407162 0.151404 1.345128
v 1.358624 0.143837 1.334625
v 1.288506 0.164230 1.311481
v 1.227147 0.186084 1.302345
v 1.309061 0.134800 1.320816
v 1.331887 0.107561 1.336455
v 1.241343 0.156298 1.302259
v 1.177188 0.177961 1.290705
v 1.260301 0.126530 1.309298
v 1.196337 0.148413 1.296150
v 1.145666 0.140548 1.282285
v 1.212074 0.118591 1.298923
v 1.380627 0.116046 1.348397
v 1.355243 0.088323 1.361212
v 1.429921 0.124311 1.360503
v 1.404743 0.096503 1.373513
v 1.423841 0.091046 1.403183
v 1.454103 0.105555 1.386234
v 1.479709 0.132355 1.372913
v 1.506217 0.167465 1.369663
v 1.484080 0.103963 1.440542
v 1.471780 0.101618 1.415671
v 1.536145 0.108581 1.453861
v 1.503147 0.114979 1.399189
v 1.520920 0.111233 1.428429
v 1.585680 0.117474 1.466601
v 1.529552 0.140510 1.385881
v 1.571777 0.117974 1.441348
v 1.553175 0.122596 1.411847
v 1.556220 0.175933 1.382993
v 1.579734 0.148956 1.399166
v 1.603374 0.130863 1.424934
v 1.584219 0.213104 1.384974
v 1.606120 0.184208 1.395996
v 1.629322 0.157540 1.412376
v 1.563822 0.242585 1.377418
v 1.634011 0.221332 1.398245
v 1.656066 0.192459 1.409096
v 1.544769 0.272157 1.372165
v 1.613305 0.250765 1.390323
v 1.684398 0.229627 1.411810
v 1.526060 0.301824 1.367182
v 1.594603 0.280369 1.386040
v 1.664080 0.259107 1.404586
v 1.734995 0.237988 1.425952
v 1.706353 0.200702 1.422363
v 1.679549 0.165705 1.425234
v 1.653023 0.139288 1.437785
v 1.621878 0.125424 1.454136
v 1.636031 0.124850 1.479501
v 1.672382 0.132755 1.466896
v 1.703263 0.147438 1.450521
v 1.729753 0.173697 1.437929
v 1.722682 0.141008 1.479657
v 1.600184 0.115542 1.491868
v 1.652133 0.119188 1.504722
v 1.687731 0.130062 1.492332
v 1.702216 0.128385 1.517459
v 1.738797 0.137232 1.505139
v 1.772189 0.150258 1.492250
v 1.787549 0.147954 1.517729
v 1.802319 0.146089 1.543097
v 1.835246 0.159927 1.530121
v 1.753502 0.155535 1.463261
v 1.822887 0.158300 1.505147
v 1.804167 0.162928 1.475861
v 1.779895 0.181539 1.450410
v 1.756548 0.208990 1.435741
v 1.873672 0.165278 1.518295
v 1.854566 0.170492 1.488773
v 1.830366 0.189643 1.463858
v 1.807026 0.217196 1.449431
v 1.785661 0.246182 1.439897
v 1.857697 0.225156 1.463432
v 1.836819 0.254405 1.456032
v 1.880923 0.197411 1.477323
v 1.905179 0.177973 1.502116
v 1.916635 0.234455 1.485998
v 1.936990 0.207470 1.498235
v 1.924694 0.172323 1.531533
v 1.954729 0.193335 1.515663
v 1.973399 0.212545 1.519945
v 1.967894 0.241707 1.516789
v 1.945093 0.270683 1.510708
v 1.895469 0.263586 1.479625
v 1.923723 0.300082 1.504915
v 1.874461 0.292964 1.473916
v 1.902761 0.329498 1.498796
v 1.816523 0.283829 1.449558
v 1.853920 0.322307 1.467865
v 1.882041 0.358672 1.492785
v 1.834412 0.351743 1.461420
v 1.861452 0.388197 1.486617
v 1.796127 0.313227 1.443365
v 1.764901 0.275568 1.431892
v 1.814851 0.381345 1.455144
v 1.843379 0.417712 1.480655
v 1.776181 0.342742 1.437032
v 1.714330 0.267363 1.418045
v 1.744693 0.305080 1.424861
v 1.725202 0.334634 1.419990
v 1.644222 0.288655 1.398089
v 1.693751 0.296798 1.410360
v 1.674287 0.326428 1.404715
v 1.623960 0.318241 1.390750
v 1.574388 0.309893 1.378767
v 1.508218 0.331534 1.363674
v 1.557114 0.339485 1.376493
v 1.605490 0.347812 1.386777
v 1.656736 0.355890 1.402594
v 1.442043 0.353153 1.348848
v 1.493177 0.360787 1.365162
v 1.540626 0.368886 1.375506
v 1.588556 0.377297 1.385595
v 1.375246 0.374845 1.331896
v 1.423915 0.382764 1.344802
v 1.473878 0.390425 1.359543
v 1.521608 0.398556 1.370438
v 1.314145 0.395155 1.323680
v 1.361923 0.403134 1.335770
v 1.409908 0.411446 1.347870
v 1.459063 0.419287 1.360794
v 1.406890 0.433156 1.364018
v 1.261986 0.409145 1.326926
v 1.309707 0.417244 1.338910
v 1.358204 0.424975 1.351468
v 1.214540 0.400484 1.314959
v 1.316255 0.428047 1.363882
v 1.165943 0.392662 1.302045
v 1.268059 0.419494 1.351601
v 1.219352 0.412050 1.338986
v 1.365222 0.436011 1.376494
v 1.327519 0.430126 1.388393
v 1.277447 0.423811 1.375504
v 1.414703 0.443496 1.389375
v 1.376261 0.439084 1.400933
v 1.426152 0.446291 1.413909
v 1.463431 0.452138 1.401759
v 1.474896 0.454914 1.426254
v 1.455378 0.441510 1.376259
v 1.507060 0.426975 1.372665
v 1.524386 0.462835 1.438908
v 1.512161 0.459350 1.413869
v 1.503598 0.448689 1.388281
v 1.569747 0.407016 1.381009
v 1.639229 0.385493 1.399912
v 1.619793 0.415261 1.393826
v 1.705991 0.364165 1.414810
v 1.686853 0.393832 1.409567
v 1.756696 0.372293 1.430706
v 1.795578 0.410778 1.449362
v 1.826062 0.447358 1.474282
v 1.737441 0.401933 1.424822
v 1.776623 0.440338 1.443139
v 1.668704 0.423443 1.406714
v 1.717698 0.431548 1.419461
v 1.703921 0.459906 1.422755
v 0.330835 -0.081929 1.121979
v 0.388260 -0.072817 1.159915
v 0.339806 -0.082698 1.145764
v 0.298141 0.034553 1.056981
v 0.358986 0.010307 1.072530
v 0.312839 0.004419 1.059604
v 0.252976 0.028843 1.044708
v 0.398464 -0.074661 1.184051
v 0.280563 0.064023 1.047246
v 0.237348 0.058800 1.037978
v 0.343408 0.040458 1.069681
v 0.324525 0.069561 1.058364
v 0.405595 0.016605 1.087695
v 0.376486 -0.019340 1.081491
v 0.264188 0.093743 1.040347
v 0.423768 -0.012957 1.096329
v 0.395916 -0.046915 1.096542
v 0.388323 0.046385 1.081857
v 0.451969 0.022865 1.102024
v 0.370202 0.075852 1.073981
v 0.443796 -0.040716 1.110849
v 0.415283 -0.064076 1.122347
v 0.470720 -0.006302 1.111110
v 0.463910 -0.059200 1.135886
v 0.428085 -0.065346 1.150385
v 0.491427 -0.034011 1.125913
v 0.520561 0.002268 1.123944
v 0.479102 -0.061778 1.164843
v 0.512523 -0.053975 1.149796
v 0.439709 -0.067888 1.174744
v 0.491857 -0.070940 1.188375
v 0.451677 -0.075998 1.198410
v 0.530091 -0.063711 1.177658
v 0.541624 -0.025065 1.139290
v 0.562431 -0.046206 1.161931
v 0.570793 0.010983 1.137341
v 0.591508 -0.016326 1.152426
v 0.612544 -0.038346 1.174226
v 0.581191 -0.056844 1.190234
v 0.592789 -0.056918 1.214815
v 0.543917 -0.066642 1.202993
v 0.551587 -0.060367 1.226378
v 0.601975 -0.052810 1.238667
v 0.504447 -0.073141 1.213315
v 0.513611 -0.068789 1.237109
v 0.614662 -0.054332 1.263405
v 0.565555 -0.063174 1.251666
v 0.525729 -0.070802 1.261894
v 0.463453 -0.078734 1.222972
v 0.410020 -0.079901 1.208138
v 0.472561 -0.075004 1.246953
v 0.577432 -0.063114 1.276274
v 0.419885 -0.081003 1.232177
v 0.627748 -0.056480 1.288312
v 0.368786 -0.089981 1.217314
v 0.482010 -0.074054 1.270871
v 0.429411 -0.081858 1.256039
v 0.536091 -0.069789 1.286119
v 0.587689 -0.060333 1.300472
v 0.639472 -0.055833 1.313068
v 0.649799 -0.052689 1.337337
v 0.688678 -0.046934 1.324871
v 0.699595 -0.044412 1.349378
v 0.676137 -0.046601 1.299848
v 0.712514 -0.045108 1.374557
v 0.666976 -0.051433 1.276097
v 0.738354 -0.038232 1.336964
v 0.655606 -0.052304 1.251801
v 0.727610 -0.040848 1.312526
v 0.716330 -0.041779 1.288150
v 0.642999 -0.049015 1.227162
v 0.704680 -0.041255 1.263749
v 0.631475 -0.049050 1.202587
v 0.693745 -0.041851 1.239557
v 0.756377 -0.034935 1.276663
v 0.765508 -0.031474 1.300327
v 0.776756 -0.030374 1.324688
v 0.817199 -0.024106 1.313427
v 0.787713 -0.028329 1.349117
v 0.827520 -0.021624 1.337506
v 0.839255 -0.020810 1.362193
v 0.799449 -0.026799 1.373908
v 0.848336 -0.016062 1.385998
v 0.749048 -0.035224 1.361406
v 0.762691 -0.036667 1.386757
v 0.812159 -0.027052 1.398920
v 0.861967 -0.017844 1.411281
v 0.911530 -0.008593 1.423643
v 0.772644 -0.033226 1.410848
v 0.822574 -0.024633 1.423115
v 0.871393 -0.014056 1.435104
v 0.922311 -0.006360 1.447987
v 0.829804 -0.017979 1.445863
v 0.779309 -0.025897 1.433219
v 0.837557 -0.009015 1.471522
v 0.888324 -0.000982 1.484335
v 0.787447 -0.017316 1.459112
v 0.880586 -0.010035 1.458677
v 0.938777 0.007333 1.496987
v 0.931694 -0.002495 1.471698
v 0.988639 0.015849 1.509713
v 0.982506 0.004990 1.485058
v 1.039178 0.023681 1.523323
v 0.973369 0.000792 1.461334
v 1.032683 0.012979 1.498357
v 1.088625 0.032449 1.536356
v 1.081701 0.022424 1.511081
v 1.138762 0.041499 1.549315
v 1.021606 0.011324 1.473881
v 0.960702 0.001346 1.436361
v 1.130999 0.032504 1.523670
v 0.898876 -0.007949 1.398765
v 1.190058 0.050130 1.562685
v 0.888843 -0.010996 1.374709
v 0.949859 -0.000410 1.411992
v 0.878479 -0.013536 1.350535
v 1.010352 0.010277 1.449285
v 0.939577 -0.002997 1.387846
v 0.999831 0.008380 1.424928
v 1.060461 0.018786 1.462301
v 1.070828 0.020792 1.486615
v 1.121279 0.029497 1.499615
v 1.181764 0.041690 1.536697
v 1.241259 0.058927 1.575842
v 1.171187 0.039486 1.512387
v 1.231857 0.051730 1.549329
v 1.291633 0.068104 1.588804
v 1.282881 0.060246 1.562558
v 1.221742 0.048790 1.525322
v 1.342358 0.076802 1.602028
v 1.332074 0.070303 1.574842
v 1.391399 0.086103 1.614226
v 1.272808 0.057278 1.538393
v 1.210895 0.046004 1.500821
v 1.380601 0.080151 1.587032
v 1.440842 0.094817 1.626921
v 1.317599 0.072491 1.549360
v 1.258698 0.058151 1.512926
v 1.429151 0.090587 1.599318
v 1.491391 0.102788 1.640102
v 1.368532 0.079279 1.562225
v 1.306612 0.069501 1.524818
v 1.480875 0.096379 1.613093
v 1.541771 0.110359 1.652733
v 1.419890 0.084936 1.575673
v 1.355408 0.078942 1.537004
v 1.408709 0.080901 1.551143
v 1.469653 0.093974 1.588473
v 1.532840 0.101920 1.626528
v 1.591787 0.118030 1.664874
v 1.584673 0.107175 1.639750
v 1.642476 0.124268 1.677686
v 1.521296 0.100710 1.601836
v 1.457024 0.092229 1.563340
v 1.635350 0.114455 1.652417
v 1.693031 0.131250 1.690343
v 1.575298 0.101910 1.615925
v 1.508705 0.099536 1.576836
v 1.687164 0.120233 1.665702
v 1.744417 0.138443 1.703345
v 1.626532 0.108904 1.628886
v 1.563003 0.100457 1.590906
v 1.738875 0.127060 1.678843
v 1.794661 0.147875 1.715574
v 1.676470 0.117518 1.641240
v 1.615790 0.104417 1.604500
v 1.790090 0.135530 1.691782
v 1.846635 0.156222 1.729098
v 1.727921 0.124746 1.654351
v 1.666646 0.112466 1.617281
v 0.822694 0.332552 1.320750
v 0.760470 0.325422 1.283382
v 0.773776 0.322814 1.308604
v 0.709069 0.322135 1.271154
v 0.881220 0.344946 1.357258
v 0.832613 0.334781 1.344984
v 0.940613 0.356160 1.394178
v 0.892125 0.345672 1.381747
v 0.951810 0.356682 1.418660
v 0.999816 0.367839 1.431129
v 0.842886 0.336304 1.369247
v 0.785155 0.323416 1.333247
v 0.722613 0.316990 1.296008
v 0.902715 0.346875 1.406026
v 1.010143 0.369909 1.455316
v 0.961666 0.359471 1.442674
v 1.058876 0.380240 1.468156
v 1.047616 0.379002 1.443692
v 1.023337 0.368487 1.480222
v 1.107841 0.390333 1.481162
v 1.097170 0.388489 1.456849
v 1.073050 0.377338 1.493208
v 1.157095 0.400378 1.494266
v 1.147101 0.397385 1.470181
v 1.206847 0.409450 1.507484
v 1.122783 0.386388 1.506309
v 1.172215 0.396271 1.519540
v 1.221871 0.405419 1.532718
v 1.257177 0.417693 1.520723
v 1.141586 0.378110 1.534796
v 1.271693 0.414358 1.545928
v 1.307415 0.425661 1.533910
v 1.191717 0.386690 1.547861
v 1.241648 0.395068 1.560927
v 1.321783 0.422460 1.559132
v 1.358223 0.432920 1.547219
v 1.291749 0.403406 1.574093
v 1.372513 0.429898 1.572431
v 1.409102 0.439620 1.560517
v 1.341650 0.411703 1.587303
v 1.265354 0.373105 1.583605
v 1.315447 0.381301 1.596539
v 1.215447 0.365038 1.570922
v 1.287397 0.344669 1.595698
v 1.165347 0.357031 1.558432
v 1.237222 0.336540 1.582873
v 1.187247 0.328649 1.570867
v 1.115250 0.348880 1.545735
v 1.137676 0.320991 1.559791
v 1.091754 0.369282 1.521790
v 1.041738 0.361497 1.508986
v 1.065439 0.341228 1.533388
v 1.087305 0.312807 1.545954
v 1.107088 0.283453 1.552951
v 1.015627 0.332880 1.520874
v 0.991539 0.353545 1.496270
v 1.036282 0.304099 1.531169
v 1.059452 0.276041 1.545115
v 0.988857 0.296905 1.523500
v 1.158787 0.291887 1.569201
v 1.209004 0.299882 1.581820
v 1.129961 0.254996 1.566957
v 1.180811 0.263401 1.581415
v 1.259066 0.307891 1.594001
v 1.230311 0.270974 1.591946
v 1.309221 0.315983 1.606571
v 1.281115 0.279255 1.605387
v 1.252884 0.242373 1.603570
v 1.337470 0.352885 1.608834
v 1.359032 0.324093 1.619288
v 1.365474 0.389634 1.609863
v 1.387452 0.361233 1.622067
v 1.392153 0.419946 1.600721
v 1.415418 0.398133 1.623287
v 1.422323 0.438373 1.585517
v 1.442057 0.428589 1.614137
v 1.472794 0.446187 1.598644
v 1.459136 0.447796 1.573501
v 1.523066 0.454155 1.611668
v 1.491930 0.437345 1.627281
v -0.020434 -0.123637 1.003870
v 0.017534 -0.110748 0.996359
v 0.024383 -0.121701 1.021315
v -0.019344 -0.124788 1.025320
v 0.046253 -0.085348 0.989957
v 0.006858 -0.088848 0.976620
v 0.057630 -0.106101 1.010930
v 0.034462 -0.056034 0.978882
v -0.004038 -0.059531 0.965966
v -0.046249 -0.061308 0.950787
v -0.014040 -0.028787 0.962427
v -0.055092 -0.030692 0.948044
v -0.023050 0.001864 0.959276
v 0.024062 -0.025459 0.976228
v 0.014061 0.005021 0.971414
v 0.073241 -0.052650 0.992225
v 0.062161 -0.022153 0.989402
v 0.051040 0.008177 0.984236
v 0.085713 -0.081895 1.003263
v 0.111471 -0.049412 1.004660
v 0.088062 0.011368 0.995449
v 0.075349 0.041491 0.988933
v 0.111203 0.044681 0.999599
v 0.100111 -0.018955 1.000987
v 0.124172 0.014263 1.004551
v 0.147175 0.047831 1.011578
v 0.137243 -0.015955 1.010603
v 0.161189 0.017490 1.016437
v 0.207349 0.023214 1.031771
v 0.150441 -0.046135 1.016915
v 0.174759 -0.012820 1.021230
v 0.220670 -0.007163 1.033572
v 0.189437 -0.042775 1.028939
v 0.125123 -0.078366 1.016330
v 0.164925 -0.074719 1.029400
v 0.098208 -0.102683 1.024703
v 0.138819 -0.099049 1.038299
v 0.065271 -0.115115 1.036088
v 0.106820 -0.111225 1.050377
v 0.026573 -0.124874 1.043123
v 0.070185 -0.121818 1.058256
v 0.112341 -0.115388 1.072853
v 0.148079 -0.106776 1.064429
v 0.179898 -0.094738 1.051957
v 0.205229 -0.070884 1.042533
v 0.220942 -0.090678 1.065569
v 0.236076 -0.037135 1.041352
v 0.253092 -0.064888 1.055957
v 0.266769 -0.001287 1.046731
v 0.269540 -0.083482 1.079995
v 0.282845 -0.031306 1.054323
v 0.300752 -0.058739 1.069723
v 0.329821 -0.025307 1.067926
v 0.317900 -0.076707 1.094192
v 0.348503 -0.052616 1.083538
v 0.281275 -0.088894 1.107446
v 0.366453 -0.070513 1.108129
v 0.380386 -0.075507 1.136407
v 0.542471 0.293157 1.295480
v 0.592020 0.299726 1.307532
v 0.457236 0.274689 1.296302
v 0.494982 0.283491 1.283946
v 0.449615 0.271509 1.273072
v 0.410224 0.263373 1.284714
v 0.403043 0.259572 1.261376
v 0.441650 0.267940 1.249513
v 0.390500 0.263089 1.236559
v 0.356360 0.254649 1.247804
v 0.376816 0.251863 1.295904
v 0.367660 0.251685 1.272246
v 0.344151 0.264231 1.224359
v 0.320664 0.245271 1.258316
v 0.377943 0.271091 1.212560
v 0.332698 0.267174 1.199616
v 0.330542 0.243499 1.282392
v 0.282774 0.237494 1.268479
v 0.337453 0.246921 1.305353
v 0.289775 0.239293 1.291541
v 0.233974 0.234028 1.254583
v 0.242677 0.232724 1.277984
v 0.184280 0.235352 1.241446
v 0.193234 0.225747 1.263713
v 0.135124 0.229786 1.227143
v 0.142674 0.225742 1.250132
v 0.101770 0.221005 1.236625
v 0.152447 0.217800 1.276126
v 0.110213 0.214625 1.262711
v 0.122993 0.195451 1.285119
v 0.067670 0.211065 1.248961
v 0.061090 0.216848 1.223337
v 0.079099 0.191807 1.271006
v 0.034606 0.188017 1.256501
v 0.092263 0.163936 1.284518
v 0.046596 0.160072 1.270005
v 0.001705 0.156134 1.255558
v 0.013177 0.125650 1.260704
v 0.059280 0.129913 1.278257
v 0.083077 0.069118 1.282699
v 0.095017 0.038686 1.284707
v 0.045815 0.034238 1.266170
v 1.283174 0.098873 1.324342
v 1.234262 0.090146 1.312337
v 1.185171 0.082315 1.300918
v 1.135998 0.074511 1.289192
v 1.165255 0.111225 1.290898
v 1.086783 0.066417 1.276553
v 1.115851 0.103582 1.278926
v 1.037323 0.058076 1.263407
v 1.066071 0.094895 1.264361
v 1.094930 0.131581 1.264734
v 1.016520 0.086643 1.251298
v 0.987616 0.050112 1.250735
v 0.966532 0.078357 1.237507
v 1.044904 0.123312 1.251014
v 0.996944 0.115967 1.242054
v 0.945564 0.106736 1.223830
v 0.879742 0.129091 1.205997
v 0.926364 0.136363 1.213956
v 0.978191 0.145453 1.233530
v 0.859204 0.158257 1.193647
v 0.908250 0.166383 1.206051
v 1.026796 0.153326 1.244700
v 0.959254 0.175221 1.225443
v 0.842104 0.188563 1.188283
v 0.889349 0.196435 1.197915
v 0.941399 0.204850 1.218111
v 1.007770 0.182774 1.235815
v 1.074710 0.160735 1.254211
v 1.125599 0.169256 1.269517
v 1.056181 0.190564 1.247351
v 0.988393 0.212356 1.226664
v 0.921082 0.234257 1.207056
v 1.106792 0.199026 1.261729
v 1.038070 0.220583 1.240375
v 0.970861 0.242379 1.221772
v 1.089777 0.228965 1.258133
v 0.872768 0.226290 1.194854
v 1.022026 0.250354 1.239646
v 0.823836 0.218325 1.182076
v 0.854006 0.256080 1.189766
v 0.805377 0.248053 1.177777
v 0.903812 0.264041 1.205064
v 0.954229 0.271771 1.221225
v 1.005042 0.279841 1.237526
v 0.838859 0.284716 1.192703
v 0.887725 0.292875 1.205788
v 0.937052 0.301142 1.219004
v 1.073765 0.258293 1.258725
v 0.789346 0.277044 1.178736
v 0.824026 0.312761 1.195596
v 0.774775 0.304689 1.182757
v 0.872606 0.321098 1.208137
v 0.768279 0.326443 1.197310
v 0.817277 0.335039 1.209742
v 0.921666 0.329632 1.220442
v 0.866633 0.343125 1.222701
v 0.719332 0.317959 1.185266
v 0.870759 0.355241 1.246003
v 0.820834 0.347008 1.233007
v 0.772404 0.337641 1.221088
v 0.878839 0.360334 1.269487
v 0.830669 0.349831 1.257096
v 0.782929 0.339226 1.245207
v 0.846303 0.344768 1.282686
v 0.724601 0.327850 1.209697
v 0.734345 0.330288 1.233477
v 0.725313 0.296690 1.169982
v 0.740911 0.268750 1.167417
v 0.675897 0.288069 1.157355
v 0.670046 0.309534 1.172767
v 0.676765 0.317886 1.198025
v 0.758598 0.239780 1.168978
v 0.691712 0.260090 1.155252
v 0.625914 0.279627 1.144391
v 0.620490 0.300958 1.159942
v 0.775972 0.210274 1.172126
v 0.707599 0.231247 1.154204
v 0.641466 0.251636 1.142088
v 0.575824 0.271157 1.131532
v 0.792809 0.180215 1.175510
v 0.725347 0.201561 1.157498
v 0.658219 0.222570 1.142638
v 0.812852 0.150811 1.186880
v 0.743027 0.171678 1.162802
v 0.760128 0.141463 1.168443
v 0.676107 0.193033 1.146490
v 0.692886 0.162955 1.150077
v 0.713453 0.133540 1.161232
v 0.665020 0.125238 1.152057
v 0.645439 0.154622 1.142432
v 0.626293 0.184265 1.134767
v 0.608876 0.213896 1.131637
v 0.613580 0.116207 1.137265
v 0.594441 0.145519 1.128186
v 0.575536 0.175364 1.121219
v 0.559601 0.204865 1.120534
v 0.563331 0.107365 1.124030
v 0.543079 0.136515 1.113077
v 0.525212 0.166410 1.108210
v 0.509201 0.195896 1.107036
v -0.445703 0.018450 0.802984
v -0.489328 -0.012214 0.785502
v -0.490753 0.018526 0.786652
v -0.447401 0.049431 0.804556
v -0.534515 -0.042681 0.768968
v -0.488154 -0.042765 0.787658
v -0.443971 -0.012305 0.803834
v -0.400359 0.018708 0.821555
v -0.534854 -0.073016 0.772792
v -0.488051 -0.073206 0.790197
v -0.442157 -0.042806 0.805635
v -0.440546 -0.073438 0.807597
v -0.398247 -0.012106 0.822072
v -0.395655 -0.042696 0.823622
v -0.393914 -0.073458 0.825461
v -0.392560 -0.103539 0.831215
v -0.349325 -0.042470 0.841622
v -0.393042 -0.127296 0.846194
v -0.346698 -0.073366 0.843300
v -0.344921 -0.103491 0.849083
v -0.395806 -0.139045 0.867388
v -0.344449 -0.127279 0.864507
v -0.398807 -0.143232 0.886997
v -0.345903 -0.138510 0.886483
v -0.348844 -0.140466 0.906295
v -0.295425 -0.127146 0.883024
v -0.296824 -0.103503 0.867117
v -0.299387 -0.073043 0.861466
v -0.296627 -0.137078 0.905498
v -0.302854 -0.042136 0.859782
v -0.253265 -0.101556 0.882317
v -0.257117 -0.071035 0.876770
v -0.306684 -0.011379 0.859207
v -0.261723 -0.040176 0.875892
v -0.352930 -0.011845 0.841584
v -0.209912 -0.099708 0.897529
v -0.356512 0.018823 0.842230
v -0.310311 0.019341 0.860474
v -0.265764 -0.009345 0.875371
v -0.214948 -0.068985 0.892654
v -0.220232 -0.038169 0.892219
v -0.172512 -0.066912 0.908215
v -0.225347 -0.007305 0.890518
v -0.270135 0.021468 0.873510
v -0.334884 0.206428 0.897934
v -0.380642 0.204913 0.901347
v -0.337144 0.207261 0.918136
v -0.377531 0.204633 0.881620
v -0.330822 0.196047 0.876474
v -0.299844 0.210165 0.931366
v -0.300523 0.208444 0.951837
v -0.298128 0.208283 0.911089
v -0.263905 0.213852 0.965024
v -0.262228 0.208219 0.985913
v -0.262656 0.213162 0.944463
v -0.226098 0.218551 0.978478
v -0.262599 0.203756 1.006667
v -0.226460 0.216382 0.999370
v -0.223322 0.207861 1.020441
v -0.224720 0.204603 1.040980
v -0.265505 0.208742 1.026799
v -0.187401 0.219608 1.013460
v -0.187657 0.214775 0.992443
v -0.187473 0.216539 1.034515
v -0.149324 0.213144 1.006388
v -0.226006 0.206230 1.061910
v -0.267624 0.207369 1.047341
v -0.148692 0.214980 1.027534
v -0.184408 0.205485 1.055190
v -0.228159 0.197906 1.081216
v -0.148123 0.218846 1.048802
v -0.269138 0.202843 1.067498
v -0.185695 0.201124 1.075575
v -0.148346 0.215330 1.069685
v -0.186410 0.198366 1.096066
v -0.146054 0.207304 1.090447
v -0.107060 0.214448 1.084119
v -0.187055 0.194322 1.116569
v -0.145403 0.201063 1.110930
v -0.106709 0.211877 1.105026
v -0.229333 0.193621 1.101502
v -0.271488 0.194878 1.086763
v -0.231105 0.195398 1.121942
v -0.273064 0.196949 1.107513
v -0.189165 0.197194 1.136846
v -0.231185 0.192213 1.146175
v -0.273601 0.191108 1.131334
v -0.270948 0.170467 1.150616
v -0.310734 0.138460 1.143805
v -0.305890 0.107834 1.149754
v -0.260272 0.109952 1.161611
v -0.256003 0.079322 1.163466
v -0.209124 0.081726 1.182152
v -0.203061 0.051141 1.183809
v -0.155492 0.053478 1.199250
v 1.146147 0.392624 1.362780
v 1.084881 0.385365 1.324957
v 1.094208 0.388012 1.348795
v 1.034421 0.377612 1.311791
v 1.154436 0.398334 1.386176
v 1.207035 0.401458 1.400527
v 1.216180 0.406311 1.424209
v 1.041995 0.383763 1.334640
v 0.982584 0.371981 1.297719
v 0.989385 0.379634 1.320382
v 1.103760 0.391423 1.372609
v 1.165148 0.400157 1.410536
v 1.225770 0.409845 1.448133
v 1.051155 0.388090 1.358409
v 1.114298 0.393701 1.396857
v 1.175622 0.402453 1.434808
v 1.000860 0.379579 1.345160
v 0.954550 0.366592 1.332737
v 1.063132 0.387311 1.383164
v 1.124448 0.396018 1.421052
v 1.236444 0.411847 1.472464
v 1.286358 0.420171 1.485602
v 1.184216 0.407313 1.458419
v 1.298001 0.421226 1.510195
v 1.348149 0.429340 1.523316
v 1.246454 0.415363 1.496490
v 1.196023 0.407584 1.483143
v 1.135588 0.396886 1.445546
v 1.074970 0.386916 1.407843
v 1.086238 0.387442 1.432389
v 1.014349 0.377165 1.370183
v 1.025884 0.377111 1.394832
v 0.966896 0.365694 1.357687
v 0.907291 0.354271 1.320270
v 0.920141 0.353063 1.345538
v 0.859977 0.342181 1.308053
v 0.976756 0.367597 1.381874
v 1.036747 0.378002 1.419263
v 0.870963 0.343120 1.332852
v 0.811247 0.331922 1.295804
v 0.928960 0.356248 1.369468
v 0.989267 0.366486 1.406799
v -1.024243 -0.069488 0.568131
v -1.027873 -0.098715 0.574514
v -1.034118 -0.119045 0.589974
v -0.960862 -0.071073 0.595021
v -0.959423 -0.040246 0.594034
v -0.963980 -0.100037 0.601111
v -1.041574 -0.127617 0.610111
v -0.970035 -0.120739 0.616074
v -0.977374 -0.128880 0.636214
v -0.983423 -0.137804 0.653747
v -0.906328 -0.122949 0.641732
v -0.913295 -0.128942 0.662645
v -0.989313 -0.138685 0.672580
v -0.919170 -0.138923 0.679808
v -0.841848 -0.124589 0.667638
v -0.995691 -0.141947 0.690875
v -0.925042 -0.143748 0.698167
v -0.930478 -0.142020 0.717079
v -0.860890 -0.145423 0.724182
v -0.773311 -0.102257 0.680345
v -0.836637 -0.102274 0.653506
v -0.771806 -0.072501 0.676286
v -0.899936 -0.101734 0.626728
v -0.834896 -0.072715 0.649215
v -0.897755 -0.072303 0.622121
v -0.897150 -0.041577 0.621580
v -0.834338 -0.042043 0.648629
v -0.896799 -0.010108 0.622361
v -0.959045 -0.008894 0.594636
v -0.895344 0.021736 0.621627
v -0.958460 0.022701 0.595550
v -0.833758 -0.010615 0.648852
v -0.770900 -0.041847 0.674459
v -0.895138 0.053284 0.622660
v -0.957856 0.054085 0.595823
v -0.833016 0.021154 0.649114
v -0.770860 -0.010544 0.675744
v -0.708426 -0.072337 0.702509
v -0.707438 -0.041649 0.700299
v -0.644672 -0.072705 0.728137
v -0.643809 -0.042032 0.725580
v -0.580267 -0.042619 0.751313
v -0.580136 -0.011762 0.751017
v -0.643338 -0.011121 0.724501
v -0.707133 -0.010568 0.700615
v -0.579604 0.019099 0.749720
v -0.770326 0.020946 0.676120
v -0.643069 0.019823 0.724902
v -0.706628 0.020468 0.700904
v -0.832565 0.052649 0.649643
v -0.768924 0.052029 0.674131
v -0.642619 0.050772 0.725033
v -0.580611 0.050096 0.753053
v -0.705996 0.051349 0.700431
v -0.642412 0.081751 0.725884
v -0.705892 0.082377 0.701546
v 1.572787 0.462977 1.624590
v 1.509732 0.455413 1.586627
v 1.448612 0.444910 1.549305
v 1.436575 0.443926 1.524636
v 1.424894 0.442332 1.499993
v 1.364239 0.431760 1.462885
v 1.375488 0.433698 1.487394
v 1.386777 0.435695 1.511810
v 1.315391 0.422493 1.450362
v 1.399977 0.434502 1.536871
v 1.326136 0.424802 1.474629
v 1.337589 0.426453 1.499148
v 1.303335 0.421939 1.425554
v 1.266347 0.413513 1.437519
v 1.278451 0.413381 1.462459
v 1.253645 0.414133 1.412544
v 1.242109 0.413140 1.388023
v 1.195481 0.401597 1.375737
v 1.291007 0.421821 1.400636
v 1.228302 0.416095 1.362912
v 1.338120 0.433040 1.412828
v 1.170939 0.403675 1.326239
v 1.180700 0.406122 1.350492
v 1.116546 0.385027 1.288559
v 1.122042 0.395154 1.313317
v 1.066756 0.376905 1.275179
v 1.016698 0.368572 1.261880
v 1.072749 0.386365 1.300256
v 1.023807 0.376683 1.287411
v 1.133197 0.395545 1.337669
v 0.875745 0.339632 1.442245
v 0.864328 0.338841 1.417782
v 0.815047 0.329864 1.405419
v 0.803243 0.329244 1.380764
v 0.827799 0.328882 1.430245
v 0.767458 0.318446 1.393673
v 0.757732 0.315506 1.369744
v 0.746170 0.314750 1.345180
v 0.707696 0.306263 1.357306
v 0.694635 0.308278 1.332438
v 0.682247 0.311518 1.307852
v 0.642381 0.305728 1.319860
v 0.630842 0.306783 1.295301
v 0.620027 0.307548 1.270960
v 0.580513 0.300625 1.282960
v 0.570903 0.298982 1.258879
v 0.563559 0.294865 1.235602
v 0.518766 0.282339 1.225037
v 0.525639 0.287258 1.248095
v 0.469543 0.273368 1.212765
v 0.532786 0.291030 1.271307
v 0.480818 0.274240 1.237537
v -0.917386 0.104972 0.910583
v -0.984258 0.043245 0.881142
v -0.985261 0.012746 0.876500
v -0.985123 -0.018005 0.874102
v -0.983365 0.073878 0.885676
v -0.982803 0.105102 0.886543
v -0.983082 -0.048309 0.869592
v -1.050771 -0.018743 0.854077
v -1.050160 -0.049085 0.847601
v -1.048470 -0.078804 0.841708
v -1.114814 -0.051251 0.823608
v -1.114172 -0.019575 0.830133
v -1.181349 -0.014957 0.796931
v -1.116684 0.012471 0.832648
v -1.182821 0.015306 0.799830
v -1.184807 0.043316 0.806146
v -1.116876 0.043221 0.835676
v -1.051723 0.011912 0.857243
v -1.050823 0.042997 0.858474
v -1.114465 0.074505 0.836332
v -1.049178 0.074002 0.861179
v -1.112543 0.105542 0.834380
v -1.047506 0.105111 0.859751
v -1.109950 0.135457 0.828789
v -1.105522 0.165728 0.819735
v -1.044805 0.134885 0.854242
v -1.166979 0.186127 0.774573
v -0.980666 0.135373 0.881303
v -1.041600 0.165718 0.846255
v -1.098324 0.184283 0.803692
v -1.034893 0.185263 0.830228
v -1.090322 0.191243 0.783509
v -1.156931 0.197360 0.752693
v -1.025617 0.190569 0.810253
v -0.970485 0.185008 0.856664
v -1.081507 0.195493 0.767112
v -1.146094 0.205576 0.736812
v -1.073887 0.200085 0.749985
v -1.016569 0.192649 0.793311
v -0.961347 0.189450 0.836309
v -1.007685 0.197547 0.776302
v -1.002003 0.197733 0.757384
v -0.952918 0.187862 0.818709
v -0.945240 0.188011 0.800947
v -0.906498 0.184726 0.882716
v -0.897686 0.188315 0.862296
v -0.888802 0.188388 0.844841
v -0.842932 0.185367 0.908767
v -0.977152 0.165848 0.872850
v -0.913274 0.166730 0.899575
v -0.916573 0.136076 0.908367
v -0.852082 0.104899 0.934908
v -0.852283 0.136153 0.934210
v -0.787731 0.104947 0.960629
v -0.787129 0.135951 0.960400
v -0.849322 0.167378 0.925867
v -0.784889 0.165078 0.952351
v -0.720551 0.165549 0.978579
v -0.778739 0.183419 0.935099
v -0.715445 0.184346 0.961245
v -0.651958 0.184884 0.987337
v -0.603289 0.185585 1.006083
v -0.645097 0.189043 0.965899
v -0.708176 0.188286 0.939985
v -0.597185 0.190398 0.984540
v -0.638657 0.187479 0.947383
v -0.770816 0.187554 0.914193
v -0.701844 0.190284 0.921615
v -0.834435 0.189525 0.888193
v -0.764764 0.195946 0.896519
v -0.827929 0.193500 0.870388
v -0.758311 0.199104 0.878023
v -0.821411 0.197395 0.852152
v -0.881319 0.187564 0.826875
v -0.752279 0.201142 0.859540
v -0.815334 0.199560 0.833643
v -0.875314 0.190480 0.808368
v -0.938918 0.190966 0.782526
v -0.933472 0.194913 0.763885
v -0.996120 0.194552 0.738361
v -0.929020 0.198427 0.744771
v -0.870415 0.194364 0.789493
v -0.865854 0.198121 0.770376
v -0.860503 0.197996 0.751358
v -0.809278 0.201425 0.814963
v -0.803232 0.201382 0.796138
v -0.797887 0.203343 0.777201
v -0.791912 0.200839 0.758401
v -0.855263 0.202740 0.732661
v -0.786664 0.202767 0.739457
v -0.746293 0.202591 0.840757
v -0.740443 0.203016 0.821892
v -0.723679 0.201922 0.765140
v -0.734591 0.202958 0.803043
v -0.729179 0.200735 0.784063
v -0.718024 0.202675 0.746337
v -0.672326 0.196274 0.828438
v -0.666128 0.198922 0.809790
v -0.660561 0.202551 0.791159
v -0.655068 0.202804 0.772169
v -0.648750 0.195393 0.750834
v -0.711675 0.195621 0.725041
v -0.643898 0.173520 0.735176
v -0.585983 0.194902 0.776542
v -0.580691 0.172711 0.761254
v -0.578957 0.142885 0.754992
v -0.642294 0.143620 0.729031
v -0.592546 0.202518 0.797802
v -0.597605 0.200760 0.816779
v -0.578370 0.112045 0.751645
v -0.642577 0.112651 0.727988
v -0.603054 0.196330 0.835430
v -0.553985 0.200598 0.833748
v -0.579015 0.081059 0.751404
v -0.559139 0.198729 0.852643
v -0.536265 0.049738 0.770781
v -0.535885 0.080909 0.770763
v -0.535732 0.111940 0.770972
v -0.491769 0.049496 0.787489
v -0.535216 0.018774 0.769440
v -0.492207 0.080757 0.788456
v -0.534601 -0.012014 0.768203
v -0.023688 0.211494 1.174869
v 0.019251 0.213956 1.209655
v -0.065945 0.214768 1.119987
v -0.024784 0.212565 1.153923
v 0.016906 0.215758 1.188149
v -0.067517 0.218500 1.098709
v -0.026372 0.212345 1.132451
v 0.015125 0.215089 1.166821
v 0.058228 0.215035 1.201762
v 0.013220 0.212681 1.145370
v -0.028713 0.215736 1.110942
v -0.068575 0.217580 1.077203
v 0.055484 0.214897 1.180072
v 0.098694 0.220105 1.215039
v -0.108464 0.214985 1.062768
v -0.109473 0.215268 1.041439
v -0.070632 0.219097 1.055538
v -0.031597 0.219923 1.089277
v -0.110838 0.216224 1.019934
v -0.073888 0.222300 1.033469
v -0.035303 0.223905 1.067189
v 0.009875 0.216256 1.123371
v 0.000728 0.227291 1.079080
v -0.038765 0.225494 1.044920
v 0.005272 0.223866 1.101550
v -0.075545 0.221626 1.011720
v -0.003324 0.227539 1.056488
v -0.113314 0.218967 0.998101
v 0.512048 0.098215 1.107723
v 0.493068 0.127711 1.099625
v 0.474686 0.157576 1.093601
v 0.460084 0.186969 1.094920
v 0.446728 0.215544 1.097735
v 0.493670 0.224910 1.107278
v 0.542261 0.234005 1.118240
v 0.591352 0.242999 1.129471
v 0.526483 0.262397 1.119572
v 0.478261 0.253395 1.108585
v 0.430227 0.244550 1.097341
v 0.473364 0.275770 1.123647
v 0.570909 0.292566 1.147275
v 0.521622 0.284379 1.134996
v 0.627962 0.309227 1.185857
v 0.579333 0.300317 1.173714
v 0.530691 0.292136 1.161803
v 0.686177 0.321022 1.221869
v 0.640277 0.309015 1.210771
v 0.593442 0.298231 1.199386
v 0.481360 0.285039 1.149700
v 0.696373 0.323421 1.246115
v 0.544851 0.289018 1.187312
v 0.648101 0.313951 1.234361
v 0.601965 0.302101 1.223218
v 0.746238 0.330576 1.258266
v 0.796990 0.335788 1.270368
v 0.893285 0.357117 1.294945
v 0.939235 0.370505 1.307197
v 0.928910 0.368925 1.282684
v 0.922052 0.361457 1.260138
v 0.916209 0.351549 1.235572
v 0.973718 0.367917 1.274214
v 0.966414 0.359836 1.248688
v 0.971218 0.338420 1.232807
v 0.986479 0.309591 1.231399
v 1.056072 0.288461 1.253047
v 1.036802 0.317899 1.245067
v 1.021361 0.347029 1.246111
v 1.105177 0.296795 1.264334
v 1.125202 0.267291 1.275227
v 1.086711 0.326444 1.258045
v 1.141430 0.237119 1.277833
v 1.174342 0.275772 1.286482
v 1.154819 0.305313 1.277422
v 1.191473 0.245664 1.291084
v 1.158650 0.207370 1.283941
v 1.209175 0.215749 1.297227
v 1.253786 0.223770 1.303007
v 1.240759 0.253890 1.304053
v 1.222650 0.284035 1.297490
v 1.304342 0.231619 1.317306
v 1.289022 0.261835 1.315287
v 1.268165 0.291384 1.304827
v 1.352918 0.239626 1.329454
v 0.303814 0.194268 1.055494
v 0.361703 0.169868 1.069681
v 0.320328 0.164342 1.059570
v 0.376301 0.140524 1.069056
v 0.261886 0.189005 1.043388
v 0.345898 0.199375 1.068407
v 0.334275 0.135096 1.058910
v 0.425029 0.149042 1.080789
v 0.277705 0.159108 1.047325
v 0.250424 0.217850 1.047683
v 0.409543 0.178763 1.080071
v 0.443751 0.119258 1.087683
v 0.397405 0.206926 1.084991
v 0.393822 0.110549 1.073861
v 0.463858 0.090286 1.098328
v 0.382136 0.235901 1.085847
v 0.333463 0.227423 1.073265
v 0.377436 0.258125 1.101325
v 0.292113 0.222744 1.060487
v 0.331149 0.248002 1.090820
v 0.291459 0.242055 1.079523
v 0.250626 0.237133 1.067386
v 0.383770 0.268734 1.126015
v 0.338308 0.257272 1.116012
v 0.300385 0.248206 1.105885
v 0.392267 0.275520 1.149697
v 0.343695 0.266318 1.137698
v 0.306986 0.254531 1.128185
v 0.444040 0.278491 1.162607
v 0.432742 0.276812 1.137903
v 0.424997 0.267429 1.112137
v 0.493943 0.284802 1.174908
v 0.556542 0.289824 1.212425
v 0.507599 0.280898 1.200233
v 0.456587 0.276477 1.187652
v 0.405483 0.273757 1.175066
v 0.609482 0.306912 1.246628
v 0.353887 0.271201 1.162340
v 0.658506 0.315817 1.258738
v 0.670181 0.314721 1.283357
v 0.734174 0.316195 1.320567
v 0.794865 0.325661 1.357269
v 0.852175 0.339237 1.393054
v 0.913396 0.348586 1.430285
v 0.973847 0.359288 1.467337
v 0.924206 0.350031 1.454593
v 0.942228 0.343768 1.483634
v -0.040677 0.221236 1.023233
v -0.076754 0.219338 0.990157
v -0.150148 0.214932 0.984976
v -0.114511 0.217542 0.976580
v -0.187885 0.212946 0.971490
v -0.151528 0.215160 0.963518
v -0.076809 0.208302 0.967185
v -0.225433 0.216008 0.957842
v -0.187732 0.214051 0.950428
v -0.261383 0.210348 0.924232
v -0.224692 0.212312 0.937281
v -0.294862 0.197874 0.889398
v -0.258618 0.199651 0.902358
v -0.222293 0.201655 0.915291
v -0.186045 0.203915 0.927791
v -0.290079 0.174865 0.874735
v -0.150231 0.205544 0.940614
v -0.253864 0.176503 0.887844
v -0.326243 0.173137 0.861717
v -0.217737 0.178357 0.900681
v -0.113881 0.206983 0.953736
v -0.181485 0.180499 0.913285
v -0.145687 0.182237 0.925844
v -0.109320 0.183709 0.939124
v -0.072578 0.185027 0.952591
v -0.065249 0.154984 0.949193
v -0.102137 0.153370 0.936426
v -0.138997 0.151798 0.923021
v -0.175386 0.150187 0.909891
v -0.169585 0.119336 0.911690
v -0.212197 0.148403 0.896597
v -0.132831 0.120806 0.926642
v -0.094682 0.122410 0.940434
v -0.248784 0.146706 0.883208
v -0.206608 0.117823 0.895162
v -0.285506 0.144898 0.870372
v -0.244275 0.116046 0.881057
v -0.164222 0.088488 0.912644
v -0.201671 0.086880 0.894570
v -0.125674 0.090127 0.926379
v -0.087560 0.091899 0.938859
v -0.080162 0.061542 0.937260
v -0.049805 0.093740 0.949974
v -0.119019 0.059803 0.923907
v -0.157832 0.057801 0.911580
v -0.111391 0.028881 0.927704
v -0.151114 0.027089 0.915251
v -0.196654 0.056006 0.897483
v -0.190929 0.025428 0.901589
v -0.184851 -0.005301 0.905464
v -0.230572 0.023315 0.885283
v -0.144228 -0.003440 0.919929
v -0.137488 -0.034321 0.922053
v -0.235700 0.054136 0.882427
v -0.274229 0.052319 0.872481
v -0.103506 -0.001591 0.933123
v -0.240005 0.085064 0.881898
v -0.278146 0.083228 0.869797
v -0.316497 0.081211 0.856002
v -0.281531 0.114250 0.869478
v -0.319078 0.112384 0.856336
v -0.360834 0.081028 0.842697
v -0.322233 0.143182 0.856842
v -0.362710 0.112085 0.840933
v -0.404983 0.080806 0.824553
v -0.364773 0.143062 0.839904
v -0.368494 0.173301 0.844567
v -0.407486 0.142967 0.822670
v -0.405924 0.112019 0.823302
v -0.448760 0.111947 0.804901
v 0.489292 0.277823 1.261286
v 0.429315 0.271005 1.224655
v 0.417816 0.273902 1.200179
v 0.367066 0.269821 1.187659
v 0.325125 0.262683 1.176021
v 0.281050 0.256865 1.163310
v 0.310990 0.265183 1.150026
v 0.269870 0.256740 1.138285
v 0.233208 0.244799 1.128552
v 0.263784 0.250018 1.115373
v 0.227472 0.237455 1.106139
v 0.183101 0.235302 1.092937
v 0.218837 0.234967 1.082542
v 0.262048 0.238855 1.095462
v 0.208679 0.232841 1.054991
v 0.208976 0.212832 1.035538
v 0.168368 0.207408 1.025060
v 0.220576 0.183602 1.032242
v 0.179300 0.178269 1.021488
v 0.235890 0.153543 1.036276
v 0.193434 0.148191 1.024296
v 0.247720 0.123836 1.033301
v 0.205416 0.118473 1.023067
v 0.290608 0.129408 1.045476
v 0.220418 0.088227 1.028260
v 0.307999 0.099468 1.053088
v 0.350925 0.104900 1.063255
v 0.191995 0.053112 1.023793
v 0.177219 0.083079 1.017758
v 0.413582 0.081347 1.083734
v 0.434217 0.052826 1.096621
v 0.483381 0.061035 1.107641
v 0.500880 0.031340 1.113210
v 0.550083 0.039586 1.124753
v 0.532966 0.069609 1.120301
v -0.424142 0.206615 0.884500
v -0.471512 0.204351 0.887056
v -0.427895 0.207812 0.904172
v -0.519617 0.199290 0.889112
v -0.476329 0.205723 0.906308
v -0.564765 0.199608 0.871591
v -0.524796 0.198681 0.908162
v -0.608740 0.194979 0.854193
v -0.569038 0.193661 0.890602
v -0.677139 0.200088 0.847622
v -0.614427 0.194474 0.873014
v -0.683058 0.199089 0.866370
v -0.689416 0.195792 0.884762
v -0.620671 0.191900 0.891466
v -0.574503 0.191579 0.909430
v -0.695075 0.196185 0.903640
v -0.626873 0.190043 0.910060
v -0.632452 0.189890 0.928876
v -0.580024 0.189394 0.928194
v -0.585358 0.188293 0.947092
v -0.591474 0.190444 0.965732
v -0.549330 0.190777 1.003189
v -0.543803 0.189805 0.984349
v -0.538276 0.189523 0.965444
v -0.501621 0.191811 1.021800
v -0.496606 0.190634 1.002750
v -0.533862 0.192503 0.946335
v -0.491559 0.191518 0.983661
v -0.529453 0.196054 0.927258
v -0.488220 0.196338 0.964347
v -0.484422 0.200486 0.945076
v -0.480384 0.203226 0.925694
v -0.431660 0.207379 0.923750
v -0.435319 0.205944 0.943336
v -0.439085 0.203985 0.962853
v -0.442207 0.199326 0.982346
v -0.383513 0.207085 0.921313
v -0.386548 0.203364 0.941002
v -0.389567 0.203627 0.960866
v -0.392831 0.204767 0.980755
v -0.446442 0.198586 1.001736
v -0.395794 0.201193 1.000470
v -0.448774 0.192306 1.021395
v -0.398790 0.197898 1.020120
v -0.402076 0.195319 1.039718
v -0.405531 0.194746 1.059473
v -0.355442 0.197798 1.057700
v -0.357593 0.192489 1.077626
v -0.316366 0.188823 1.116077
v -0.315239 0.196825 1.092983
v -0.351564 0.195673 1.038034
v -0.313386 0.196409 1.072446
v -0.348819 0.198176 1.018250
v -0.311176 0.202559 1.052748
v -0.346186 0.202316 0.998340
v -0.307761 0.202152 1.032899
v -0.343453 0.205086 0.978456
v -0.305563 0.203980 1.012648
v -0.341136 0.206038 0.958381
v -0.303045 0.202266 0.992418
v -0.338853 0.203294 0.938259
v -0.301142 0.203451 0.972177
v -0.057075 0.124172 0.951277
v -0.024916 0.127125 0.958957
v -0.015908 0.096572 0.960059
v -0.032593 0.157390 0.960504
v 0.017838 0.099418 0.969801
v -0.040586 0.187364 0.962899
v 0.009014 0.129802 0.970156
v -0.000249 0.160030 0.970202
v -0.044510 0.211026 0.977469
v -0.008807 0.189847 0.972737
v -0.043474 0.221529 1.001044
v -0.006261 0.222841 1.034541
v -0.010236 0.223272 1.011943
v -0.012421 0.213251 0.987795
v 0.032472 0.227670 1.068164
v 0.027927 0.225555 1.045614
v 0.037309 0.228976 1.091035
v 0.066760 0.232684 1.079303
v 0.022837 0.223957 1.022755
v 0.060745 0.230763 1.056020
v 0.019612 0.214942 0.998213
v 0.042234 0.226521 1.113745
v 0.073926 0.228633 1.102663
v 0.047206 0.222296 1.136153
v 0.080064 0.226481 1.125734
v 0.085732 0.223628 1.148530
v 0.052378 0.215883 1.158270
v 0.095487 0.219079 1.193340
v 0.091561 0.218996 1.171096
v 0.132140 0.227489 1.205411
v 0.129173 0.225399 1.183687
v 0.124054 0.225143 1.160922
v 0.116768 0.229554 1.137729
v 0.169804 0.238927 1.195340
v 0.175677 0.239092 1.218229
v 0.109986 0.229181 1.114198
v 0.169217 0.233628 1.174442
v 0.163347 0.231945 1.151345
v 0.101624 0.234709 1.090633
v 0.154913 0.234299 1.127540
v 0.094194 0.234502 1.066787
v 0.146416 0.236508 1.103600
v 0.207121 0.240217 1.164288
v 0.200102 0.237571 1.140742
v 0.208188 0.247038 1.185262
v 0.056289 0.225768 1.033682
v 0.214274 0.248813 1.208495
v 0.224667 0.243038 1.232252
v 0.261929 0.252817 1.222179
v 0.272635 0.241709 1.244605
v 0.251931 0.255993 1.197966
v 0.309004 0.253631 1.234865
v 0.245060 0.253275 1.174528
v 0.297863 0.260203 1.211066
v 0.288462 0.260774 1.186830
v 0.242254 0.246110 1.152886
v 0.191070 0.238095 1.116601
v 0.138952 0.236329 1.079971
v 0.089306 0.228419 1.044364
v 0.131640 0.233505 1.056398
v 0.051794 0.217060 1.008711
v 0.083722 0.219904 1.018872
v 0.175271 0.235934 1.069335
v 0.125384 0.224688 1.030781
v 0.127712 0.202048 1.014348
v 0.166892 0.228759 1.042601
v 0.086484 0.197130 1.002850
v 0.054593 0.194808 0.992462
v 0.022724 0.192301 0.982331
v 0.031064 0.162884 0.978321
v 0.063929 0.165163 0.988971
v 0.097055 0.167402 1.000580
v 0.040509 0.132640 0.977206
v 0.073780 0.135430 0.986923
v 0.106647 0.138335 0.996096
v 0.139235 0.172499 1.012730
v 0.149540 0.143402 1.009068
v 0.161803 0.113107 1.009672
v 0.119016 0.107930 0.998757
v 0.084398 0.105050 0.986843
v 0.096869 0.074617 0.990332
v 0.051768 0.102176 0.979584
v 0.132404 0.077654 1.003422
v 0.062385 0.071721 0.981073
v 0.028902 0.068852 0.973867
v 0.040319 0.038662 0.980747
v -0.005915 0.066021 0.963438
v 0.004073 0.035552 0.969167
v -0.041072 0.063030 0.951662
v -0.071993 0.030622 0.939805
v -0.032047 0.032452 0.954612
v -0.063358 0.000107 0.945383
v -0.096177 -0.032414 0.935170
v -0.130016 -0.064979 0.922913
v -0.088604 -0.063200 0.935526
v -0.165810 -0.097663 0.913073
v -0.121864 -0.095568 0.928500
v -0.205756 -0.123440 0.914423
v -0.078920 -0.093420 0.944144
v -0.160299 -0.121658 0.930451
v -0.114650 -0.119472 0.946435
v -0.250885 -0.125286 0.898589
v -0.205172 -0.132668 0.937743
v -0.251307 -0.134712 0.921587
v -0.158491 -0.130427 0.954132
v -0.111960 -0.128788 0.970532
v -0.070210 -0.116540 0.962460
v -0.065835 -0.128031 1.007921
v -0.036025 -0.091172 0.959729
v -0.066058 -0.127036 0.986669
v -0.025667 -0.113897 0.979247
v -1.198883 -0.035709 0.487215
v -1.223413 -0.035727 0.490861
v -1.198724 -0.004778 0.488398
v -1.225841 -0.005175 0.490713
v -1.147546 -0.036283 0.506438
v -1.148680 -0.005323 0.508524
v -1.198932 0.025838 0.490561
v -1.230848 0.025386 0.489201
v -1.232107 0.056374 0.489495
v -1.150770 0.025016 0.512780
v -1.198820 0.056165 0.492654
v -1.231520 0.087326 0.490432
v -1.150965 0.055729 0.515788
v -1.198285 0.087397 0.493542
v -1.228946 0.118447 0.491738
v -1.197822 0.118091 0.493304
v -1.225162 0.149310 0.493642
v -1.150610 0.086863 0.516579
v -1.197097 0.151165 0.492953
v -1.225174 0.179233 0.500677
v -1.148820 0.117583 0.514878
v -1.146989 0.150396 0.513056
v -1.198594 0.187097 0.500581
v -1.203740 0.214283 0.521067
v -1.229296 0.200600 0.516827
v -1.148398 0.186835 0.520393
v -1.090044 0.177180 0.551981
v -1.210874 0.223634 0.546834
v -1.234782 0.207922 0.538788
v -1.153429 0.213817 0.541160
v -1.214583 0.223457 0.568695
v -1.235695 0.207070 0.560243
v -1.160451 0.223340 0.566625
v -1.095795 0.201506 0.571509
v -1.164264 0.225732 0.587934
v -1.217413 0.222563 0.588762
v -1.235309 0.205783 0.581701
v -1.168162 0.228056 0.607604
v -1.102922 0.209785 0.595679
v -1.102917 0.217884 0.616694
v -1.172900 0.229516 0.626399
v -1.220708 0.220423 0.608300
v -1.234507 0.202858 0.602561
v -1.204315 0.211782 0.634396
v -1.233165 0.200820 0.623073
v -1.229514 0.196859 0.646371
v -1.202570 0.209917 0.658028
v -1.243357 0.197634 0.661472
v -1.168041 0.228225 0.649524
v -1.229504 0.213222 0.667536
v -1.265363 0.200703 0.672823
v -1.160962 0.227215 0.674503
v -1.187521 0.227777 0.684226
v -1.098354 0.218178 0.678016
v -1.108343 0.222062 0.653872
v -1.104190 0.222604 0.635978
v -1.050498 0.204092 0.674762
v -1.043965 0.204394 0.656608
v -1.040020 0.204555 0.637011
v -0.982359 0.200421 0.681160
v -1.035229 0.204090 0.617877
v -0.977238 0.200748 0.662253
v -0.971664 0.201858 0.643501
v -1.028872 0.197594 0.596572
v -0.965197 0.196570 0.622090
v -1.024038 0.177307 0.579886
v -0.901549 0.196043 0.647645
v -0.908092 0.200421 0.669146
v -0.913420 0.199269 0.687956
v -0.959806 0.176807 0.605115
v -1.021258 0.148056 0.572210
v -0.895987 0.176254 0.630672
v -1.087283 0.143756 0.543996
v -0.957157 0.147275 0.597725
v -1.020329 0.116839 0.569830
v -1.087900 0.112512 0.544842
v -1.088298 0.083448 0.545271
v -1.020616 0.085782 0.569447
v -0.957147 0.116188 0.596349
v -0.893459 0.146551 0.623403
v -0.957688 0.085091 0.596296
v -1.021430 0.054718 0.570462
v -1.087357 0.054400 0.542557
v -1.087660 0.025481 0.541157
v -1.021143 0.023702 0.568489
v -1.088787 -0.003808 0.540578
v -1.088869 -0.032546 0.538729
v -1.021326 -0.007487 0.567233
v -1.089634 -0.063525 0.538225
v -1.022895 -0.038565 0.567977
v -0.178881 -0.036207 0.907298
v -0.313532 0.050298 0.859959
v -0.359363 0.049792 0.843440
v -0.402730 0.049620 0.822783
v -0.448705 0.080661 0.806645
v -0.492589 0.111896 0.788961
v -0.536084 0.142832 0.771932
v -0.493279 0.142791 0.789015
v -0.538247 0.172732 0.777905
v -0.450431 0.142870 0.806034
v -0.495745 0.172879 0.794605
v -0.543217 0.194942 0.793269
v -0.453328 0.172777 0.811448
v -0.549452 0.202803 0.814638
v -0.506423 0.203347 0.831388
v -0.500661 0.194925 0.810084
v -0.458241 0.194998 0.826797
v -0.463556 0.203774 0.848160
v -0.510823 0.203741 0.850695
v -0.515088 0.201190 0.869950
v -0.467671 0.205787 0.867568
v -0.415613 0.195109 0.843506
v -0.410879 0.173096 0.827867
v -0.420191 0.203363 0.865190
v -0.373297 0.195866 0.859750
v -0.768815 0.083034 0.675359
v -0.706105 0.113241 0.703708
v -0.832352 0.083674 0.650383
v -0.768532 0.113976 0.676513
v -0.831423 0.114687 0.650176
v -0.894654 0.084366 0.622576
v -0.894365 0.115402 0.623453
v -0.830198 0.145773 0.649604
v -0.832487 0.175679 0.656662
v -0.767314 0.145045 0.676067
v -0.838024 0.195498 0.673504
v -0.769294 0.175033 0.682845
v -0.704961 0.144242 0.702744
v -0.844506 0.200858 0.694869
v -0.774728 0.195569 0.699314
v -0.706593 0.174365 0.708998
v -0.781256 0.201743 0.720570
v -0.849933 0.202049 0.713621
v -0.918490 0.203241 0.707042
v -0.987766 0.198155 0.699894
v -0.924041 0.198849 0.725682
v -1.052184 0.199366 0.694863
v -0.990141 0.195088 0.719514
v -1.059658 0.196347 0.712681
v -1.108809 0.210955 0.693680
v -1.126698 0.214700 0.706389
v -1.068824 0.199465 0.730588
v -1.137136 0.212540 0.722070
v -1.198701 0.224197 0.700685
v -1.249669 0.217916 0.679568
v -1.206547 0.219270 0.718420
v -1.258744 0.217155 0.696982
v -1.279023 0.200766 0.688219
v -1.290688 0.200757 0.704591
v -1.267033 0.215965 0.716285
v -1.300692 0.192390 0.724036
v -1.214738 0.214234 0.737435
v -1.277331 0.205348 0.739987
v -1.225175 0.202800 0.760815
v -1.288632 0.177620 0.756937
vn 0.7673 -0.2645 -0.5842
vn 0.5898 0.1574 -0.7921
vn 0.7388 0.2557 -0.6236
vn 0.5702 0.2710 -0.7755
vn 0.8366 -0.3444 -0.4260
vn 0.5023 -0.7829 -0.3672
vn 0.4962 -0.8451 -0.1990
vn 0.6846 0.3973 -0.6111
vn 0.5790 0.2605 -0.7726
vn 0.6909 0.3878 -0.6101
vn 0.8120 0.2448 -0.5298
vn 0.7226 0.4329 -0.5389
vn 0.7202 0.4626 -0.5170
vn 0.8370 -0.3806 -0.3931
vn 0.5056 -0.8404 -0.1952
vn 0.8294 -0.3964 -0.3937
vn 0.8450 0.1678 -0.5078
vn 0.7346 0.4509 -0.5069
vn 0.7190 0.4840 -0.4989
vn 0.7497 0.4218 -0.5099
vn 0.8699 0.1082 -0.4812
vn 0.8853 0.0913 -0.4561
vn 0.8082 0.5848 0.0696
vn 0.8447 0.5029 0.1832
vn 0.7979 0.5439 -0.2598
vn 0.8251 0.5111 0.2408
vn 0.8207 0.5268 0.2212
vn 0.6806 0.5350 0.5006
vn 0.6741 0.4728 0.5675
vn 0.8348 0.5432 0.0898
vn 0.6727 0.4657 0.5751
vn 0.8118 0.5823 -0.0430
vn 0.7931 0.5553 -0.2503
vn 0.7687 0.5396 -0.3435
vn 0.7992 0.4632 -0.3831
vn 0.8698 0.4915 -0.0435
vn 0.6582 0.4586 0.5970
vn 0.8206 0.5437 -0.1761
vn 0.7692 0.5738 -0.2811
vn 0.7399 0.5639 -0.3668
vn 0.7520 0.6498 -0.1111
vn 0.5203 0.6291 0.5775
vn 0.4291 0.8994 -0.0832
vn 0.2738 0.8581 0.4344
vn 0.4416 0.8628 -0.2461
vn 0.7132 0.6396 -0.2870
vn 0.4258 0.8719 -0.2417
vn 0.6803 0.6668 -0.3044
vn 0.4156 0.8729 -0.2556
vn 0.6647 0.6586 -0.3527
vn 0.4195 0.8646 -0.2766
vn 0.6595 0.6303 -0.4097
vn 0.4407 0.8436 -0.3068
vn 0.7159 0.5551 -0.4236
vn 0.6505 0.6354 -0.4159
vn 0.4602 0.8332 -0.3065
vn 0.7394 0.5492 -0.3895
vn 0.7014 0.6016 -0.3824
vn 0.6306 0.6760 -0.3813
vn 0.4531 0.8500 -0.2688
vn 0.8138 0.4139 -0.4080
vn 0.8053 0.3928 -0.4440
vn 0.7426 0.5338 -0.4046
vn 0.6891 0.6144 -0.3842
vn 0.6302 0.6893 -0.3574
vn 0.4435 0.8542 -0.2714
vn 0.8151 0.3828 -0.4349
vn 0.8154 0.3965 -0.4218
vn 0.7960 0.3483 -0.4951
vn 0.7593 0.4057 -0.5088
vn 0.6598 0.5958 -0.4578
vn 0.7021 0.5005 -0.5064
vn 0.4709 0.7705 -0.4295
vn 0.6634 0.4297 -0.6126
vn 0.4666 0.5545 -0.6890
vn 0.5732 0.2759 -0.7716
vn 0.7097 0.3199 -0.6276
vn 0.7033 0.2354 -0.6708
vn 0.6071 0.1920 -0.7711
vn 0.7323 0.2589 -0.6298
vn 0.7063 0.2320 -0.6688
vn 0.7050 0.2900 -0.6472
vn 0.6101 0.2416 -0.7546
vn 0.7515 0.2539 -0.6089
vn 0.7334 0.2381 -0.6367
vn 0.7272 0.3214 -0.6066
vn 0.7029 0.3783 -0.6024
vn 0.5978 0.2647 -0.7567
vn 0.7804 0.3127 -0.5416
vn 0.7395 0.2721 -0.6157
vn 0.6978 0.4009 -0.5936
vn 0.5856 0.2582 -0.7684
vn 0.7338 0.4286 -0.5271
vn 0.7441 0.3501 -0.5689
vn 0.7080 0.4303 -0.5600
vn 0.7408 0.4168 -0.5268
vn 0.7982 0.4370 -0.4146
vn 0.8405 0.3598 -0.4052
vn 0.8428 0.3515 -0.4075
vn 0.8869 0.1357 -0.4415
vn 0.7979 0.3666 -0.4784
vn 0.8918 0.1099 -0.4389
vn 0.8228 -0.3988 -0.4050
vn 0.8242 -0.3985 -0.4024
vn 0.8258 -0.3907 -0.4067
vn 0.8304 -0.3754 -0.4118
vn 0.5055 -0.8318 -0.2293
vn 0.5065 -0.8340 -0.2190
vn 0.2804 -0.9550 -0.0971
vn 0.5124 -0.8324 -0.2109
vn 0.2717 -0.9593 -0.0772
vn 0.2324 -0.9701 -0.0702
vn 0.5141 -0.8335 -0.2023
vn 0.2654 -0.9600 -0.0896
vn 0.2246 -0.9688 -0.1049
vn -0.9622 -0.1877 -0.1972
vn -0.8493 -0.4745 -0.2315
vn -0.9422 -0.1777 -0.2839
vn -0.9258 -0.3763 -0.0364
vn -0.9716 -0.1518 -0.1815
vn -0.9298 -0.2272 0.2897
vn -0.9720 -0.2351 -0.0032
vn -0.9180 -0.0887 0.3865
vn -0.8679 -0.1177 0.4826
vn -0.8802 -0.2837 -0.3803
vn -0.9510 -0.1839 -0.2485
vn -0.9438 -0.2739 0.1851
vn -0.8081 -0.3673 -0.4606
vn -0.8139 -0.2342 -0.5317
vn -0.9497 -0.1566 0.2711
vn -0.8269 -0.1431 0.5438
vn -0.9010 -0.2615 -0.3460
vn -0.9635 0.0783 0.2562
vn -0.8434 -0.0078 0.5372
vn -0.8730 0.0492 0.4853
vn -0.6382 -0.2795 -0.7174
vn -0.9141 -0.1106 -0.3902
vn -0.9998 -0.0173 0.0047
vn -0.9683 0.1122 0.2230
vn -0.8964 0.0532 0.4401
vn -0.6982 -0.2019 -0.6868
vn -0.9738 0.1185 0.1942
vn -0.9773 0.1456 0.1538
vn -0.9183 0.0668 0.3902
vn -0.8528 0.0715 -0.5173
vn -0.6640 -0.1709 -0.7280
vn -0.9179 0.1144 -0.3799
vn -0.9940 0.1005 -0.0434
vn -0.9615 0.2031 0.1848
vn -0.9837 0.1721 0.0525
vn -0.9855 0.1447 -0.0886
vn -0.9122 0.1190 0.3921
vn -0.9629 0.2489 0.1043
vn -0.8723 0.3341 0.3569
vn -0.8826 0.2596 -0.3920
vn -0.9552 0.1632 -0.2469
vn -0.7942 0.5936 0.1300
vn -0.9492 0.3010 -0.0921
vn -0.8912 0.3005 -0.3399
vn -0.7087 0.6684 -0.2259
vn -0.6642 0.6049 -0.4392
vn -0.7598 0.3766 -0.5299
vn -0.8526 0.3461 -0.3915
vn -0.7774 0.4387 -0.4507
vn -0.9589 0.0944 -0.2676
vn -0.5873 0.5549 -0.5893
vn -0.4105 0.3566 -0.8393
vn -0.9110 0.2232 -0.3468
vn -0.3097 0.1569 -0.9378
vn -0.9830 0.1216 -0.1379
vn -0.7762 0.5923 -0.2160
vn -0.2446 0.0743 -0.9668
vn -0.8961 0.1864 -0.4029
vn -0.1884 0.0448 -0.9811
vn -0.9738 0.2073 -0.0933
vn -0.9885 0.1469 -0.0363
vn -0.8660 0.4998 -0.0168
vn -0.9595 0.2404 -0.1468
vn -0.8842 0.4666 -0.0223
vn -0.8509 0.5050 0.1444
vn -0.9756 0.1944 -0.1020
vn -0.9390 0.3353 -0.0764
vn -0.7422 0.6364 0.2100
vn -0.9202 0.2606 -0.2923
vn -0.9896 0.1439 0.0043
vn -0.9898 0.0939 -0.1067
vn -0.9023 0.4306 -0.0210
vn -0.5833 0.7651 -0.2728
vn -0.9218 0.3292 -0.2046
vn -0.8878 0.1302 -0.4413
vn -0.9975 0.0255 0.0652
vn -0.9919 0.0420 -0.1196
vn -0.9125 0.0651 -0.4038
vn -0.2005 0.0030 -0.9797
vn -0.9423 -0.1351 -0.3063
vn -0.3088 -0.0647 -0.9489
vn -0.9797 -0.1870 0.0725
vn -0.9495 -0.2682 -0.1626
vn -0.4797 -0.0854 -0.8733
vn -0.9701 -0.2427 -0.0082
vn -0.9728 -0.2019 -0.1140
vn -0.5835 0.0192 -0.8119
vn -0.9569 -0.0653 -0.2829
vn -0.9751 0.0575 -0.2142
vn -0.5074 0.0188 -0.8615
vn -0.9115 0.1996 -0.3597
vn -0.4524 -0.2205 -0.8641
vn -0.7937 0.2257 -0.5648
vn -0.9115 0.1107 -0.3960
vn -0.5250 -0.5035 -0.6861
vn -0.7489 0.2005 -0.6316
vn -0.8629 -0.0034 -0.5054
vn -0.6826 -0.6104 -0.4017
vn -0.7564 -0.5958 -0.2700
vn -0.6817 0.2690 -0.6804
vn -0.8319 0.0700 -0.5504
vn -0.9218 -0.1195 -0.3688
vn -0.8030 -0.5560 -0.2146
vn -0.9366 -0.1552 -0.3142
vn -0.9793 -0.1337 -0.1519
vn -0.8646 -0.4606 -0.2008
vn -0.9921 -0.0895 -0.0875
vn -0.8750 -0.3812 -0.2985
vn -0.9629 -0.0448 -0.2663
vn -0.8755 -0.3636 -0.3183
vn -0.9220 -0.3455 -0.1747
vn -0.8979 -0.0825 -0.4324
vn -0.8532 -0.4052 -0.3284
vn -0.8592 -0.4400 -0.2609
vn -0.7604 -0.4453 -0.4728
vn -0.8428 -0.1138 -0.5261
vn -0.8492 -0.3290 -0.4131
vn -0.8614 -0.3373 -0.3797
vn -0.8167 -0.3789 -0.4351
vn -0.9750 -0.1596 -0.1544
vn -0.8524 -0.2083 -0.4796
vn -0.9938 -0.0776 -0.0792
vn -0.8998 -0.2419 -0.3631
vn -0.9605 -0.2207 -0.1693
vn -0.8214 -0.4640 -0.3317
vn -0.8412 -0.4896 -0.2295
vn -0.6754 0.4119 -0.6117
vn -0.5395 0.5572 -0.6313
vn -0.4088 0.6034 -0.6847
vn -0.6621 0.1969 -0.7230
vn -0.6837 0.3346 -0.6486
vn -0.6840 0.4369 -0.5842
vn -0.6030 0.4932 -0.6270
vn -0.6987 0.4273 -0.5738
vn -0.7538 0.5435 -0.3693
vn -0.7220 0.3098 -0.6187
vn -0.7845 0.4522 -0.4244
vn -0.8900 0.4085 -0.2023
vn -0.8962 0.2396 -0.3735
vn -0.9056 0.2990 -0.3009
vn -0.8456 0.3003 -0.4413
vn -0.6867 0.1189 -0.7172
vn -0.8349 0.0945 -0.5422
vn -0.8664 0.1185 -0.4850
vn -0.9535 0.0914 -0.2874
vn -0.8821 0.0727 -0.4654
vn -0.9631 -0.1738 -0.2056
vn -0.8037 -0.1310 -0.5804
vn -0.8204 -0.0753 -0.5668
vn -0.7558 0.0031 -0.6548
vn -0.9265 -0.1238 -0.3554
vn -0.9284 0.0579 -0.3669
vn -0.6747 0.1527 -0.7222
vn -0.7758 0.1881 -0.6023
vn -0.6430 0.3113 -0.6998
vn -0.7533 0.1382 -0.6430
vn -0.6289 0.2792 -0.7256
vn -0.7874 0.1747 -0.5912
vn -0.7723 0.3308 -0.5423
vn -0.9664 0.1296 -0.2218
vn -0.9092 0.3422 -0.2373
vn -0.9080 0.0985 -0.4073
vn -0.7117 -0.0072 -0.7025
vn -0.6024 -0.0290 -0.7977
vn 0.1466 -0.9715 0.1863
vn 0.1471 -0.9762 0.1591
vn -0.0138 -0.7837 0.6210
vn -0.0076 -0.7993 0.6008
vn 0.1663 -0.9847 0.0519
vn 0.1968 -0.9794 0.0443
vn 0.1554 -0.9865 0.0519
vn 0.1750 -0.9845 0.0111
vn 0.1448 -0.9894 -0.0143
vn 0.1949 -0.9804 -0.0297
vn 0.1269 -0.9744 0.1855
vn -0.0174 -0.8042 0.5941
vn 0.1738 -0.9831 0.0581
vn 0.1840 -0.9823 0.0345
vn 0.2108 -0.9745 -0.0774
vn 0.1202 -0.9741 0.1916
vn 0.0485 -0.8078 0.5875
vn 0.1540 -0.9860 0.0635
vn 0.1715 -0.9827 0.0696
vn 0.2026 -0.9741 -0.1005
vn 0.2184 -0.9702 0.1046
vn 0.3233 -0.7813 0.5339
vn 0.1934 -0.9811 0.0046
vn 0.1885 -0.9820 0.0149
vn 0.5113 -0.8567 -0.0689
vn 0.7446 -0.2556 0.6167
vn 0.2956 -0.9484 -0.1150
vn 0.2497 -0.9637 -0.0943
vn 0.9220 -0.3271 -0.2070
vn 0.6461 0.4675 0.6033
vn 0.5269 -0.8087 -0.2616
vn 0.3141 -0.9364 -0.1568
vn 0.2418 -0.9652 -0.0997
vn 0.2748 -0.9524 -0.1322
vn 0.2024 -0.9756 -0.0846
vn 0.2530 -0.9552 -0.1538
vn 0.2094 -0.9684 -0.1355
vn 0.2993 -0.9446 -0.1345
vn 0.2621 -0.9574 -0.1213
vn 0.5141 -0.8203 -0.2504
vn 0.8439 -0.3491 -0.4074
vn 0.8897 0.3165 -0.3291
vn 0.8749 0.4678 -0.1254
vn 0.8923 0.1917 -0.4087
vn 0.7490 0.6624 -0.0156
vn 0.6017 0.6472 0.4681
vn 0.8150 0.5733 -0.0846
vn 0.8506 0.4253 -0.3091
vn 0.8026 0.5865 0.1084
vn 0.6565 0.6194 0.4305
vn 0.8526 0.5057 0.1316
vn 0.8691 0.4075 -0.2803
vn 0.8459 0.4505 -0.2854
vn -0.8214 -0.4641 -0.3317
vn -0.3068 -0.9430 -0.1290
vn -0.8411 -0.4897 -0.2295
vn -0.0171 -0.9996 0.0220
vn 0.0357 -0.9957 0.0852
vn 0.0143 -0.9998 0.0102
vn -0.3082 -0.9432 -0.1244
vn -0.8532 -0.4053 -0.3283
vn 0.0165 -0.9942 0.1063
vn -0.0259 -0.9933 0.1126
vn -0.0074 -0.9973 0.0725
vn -0.0260 -0.9996 -0.0092
vn -0.3156 -0.9401 -0.1289
vn -0.8754 -0.3637 -0.3183
vn -0.8749 -0.3813 -0.2985
vn 0.0264 -0.9983 0.0518
vn 0.0480 -0.9968 -0.0645
vn 0.0476 -0.9985 -0.0284
vn 0.0640 -0.9964 -0.0551
vn -0.0045 -0.9981 -0.0614
vn -0.3042 -0.9418 -0.1433
vn -0.8645 -0.4607 -0.2008
vn 0.1185 -0.9793 -0.1640
vn 0.0371 -0.9938 -0.1050
vn -0.2863 -0.9472 -0.1446
vn -0.8029 -0.5561 -0.2146
vn -0.2592 -0.9544 -0.1484
vn -0.7563 -0.5960 -0.2699
vn 0.1422 -0.9750 -0.1706
vn -0.2303 -0.9642 -0.1315
vn 0.0695 -0.9922 -0.1034
vn -0.6826 -0.6105 -0.4017
vn 0.0973 -0.9752 -0.1988
vn -0.1325 -0.9518 -0.2767
vn -0.5249 -0.5036 -0.6861
vn 0.0990 -0.9910 -0.0904
vn 0.1577 -0.9754 -0.1540
vn 0.0801 -0.9785 -0.1901
vn 0.0541 -0.7529 -0.6559
vn -0.4523 -0.2205 -0.8642
vn 0.1809 -0.9605 -0.2114
vn 0.2172 -0.9446 -0.2461
vn 0.0917 -0.9671 -0.2372
vn 0.3331 -0.7864 -0.5203
vn 0.3293 -0.7634 -0.5557
vn 0.1794 -0.3704 -0.9114
vn 0.4147 -0.3962 -0.8192
vn 0.1987 -0.0791 -0.9769
vn -0.5072 0.0188 -0.8616
vn 0.4238 -0.1082 -0.8993
vn 0.4256 -0.4143 -0.8045
vn -0.3246 0.4278 0.8436
vn -0.3272 0.4355 0.8386
vn -0.3591 0.1250 0.9249
vn -0.3650 0.1088 0.9246
vn -0.3664 0.0446 0.9294
vn -0.3769 0.0310 0.9257
vn -0.3701 0.0067 0.9289
vn -0.2103 0.8339 0.5102
vn -0.2150 0.8158 0.5369
vn -0.3261 0.4410 0.8362
vn -0.2012 0.8453 0.4950
vn -0.0704 0.9916 0.1085
vn -0.3643 0.0907 0.9269
vn -0.3291 0.4443 0.8332
vn -0.3635 0.1001 0.9262
vn -0.3655 0.0296 0.9303
vn -0.3743 0.0182 0.9271
vn -0.3625 -0.0573 0.9302
vn -0.3485 -0.0554 0.9357
vn -0.3525 -0.0375 0.9351
vn -0.3560 -0.0303 0.9340
vn -0.3530 -0.0439 0.9346
vn -0.3603 -0.0303 0.9323
vn -0.3638 -0.0516 0.9300
vn -0.3808 -0.0515 0.9232
vn -0.3578 0.0417 0.9329
vn -0.3621 -0.0381 0.9313
vn -0.3807 -0.0963 0.9197
vn -0.3618 0.0303 0.9318
vn -0.3654 0.0496 0.9295
vn -0.3662 -0.0566 0.9288
vn -0.3945 -0.0692 0.9163
vn -0.3715 -0.0964 0.9234
vn -0.3908 -0.0556 0.9188
vn -0.3748 -0.0899 0.9228
vn -0.3827 -0.0450 0.9228
vn -0.3652 -0.1245 0.9226
vn -0.3523 -0.1111 0.9293
vn -0.3612 -0.0595 0.9306
vn -0.3624 -0.1008 0.9266
vn -0.3880 -0.0237 0.9213
vn -0.3879 0.0147 0.9216
vn -0.3778 -0.1021 0.9203
vn -0.3740 -0.0721 0.9246
vn -0.3930 -0.0514 0.9181
vn -0.3966 -0.0066 0.9180
vn -0.3793 -0.0429 0.9243
vn -0.3934 -0.0905 0.9149
vn -0.3945 -0.0727 0.9160
vn -0.3854 -0.0507 0.9214
vn -0.3618 -0.0601 0.9303
vn -0.3433 -0.0784 0.9360
vn -0.2660 0.1304 0.9551
vn -0.2532 0.0982 0.9624
vn -0.2600 0.0707 0.9630
vn 0.6725 0.4656 0.5753
vn 0.0246 0.1993 0.9796
vn 0.0612 0.2085 0.9761
vn -0.2170 0.0763 0.9732
vn 0.6740 0.4727 0.5676
vn -0.1985 0.1026 0.9747
vn 0.1005 0.2405 0.9654
vn 0.6805 0.5350 0.5008
vn -0.2470 0.1151 0.9622
vn -0.1679 0.1180 0.9787
vn -0.2561 0.1179 0.9594
vn 0.1151 0.2744 0.9547
vn 0.6564 0.6194 0.4306
vn -0.2332 0.0942 0.9679
vn -0.1478 0.1019 0.9838
vn 0.0954 0.2917 0.9517
vn 0.6015 0.6472 0.4683
vn -0.2681 0.0355 0.9627
vn -0.2307 0.0336 0.9724
vn -0.1522 0.0798 0.9851
vn 0.0689 0.2594 0.9633
vn 0.6460 0.4675 0.6034
vn -0.2922 0.0641 0.9542
vn -0.2784 0.0769 0.9574
vn -0.2887 0.0221 0.9572
vn 0.0546 0.1082 0.9926
vn 0.7445 -0.2556 0.6168
vn -0.1655 0.0488 0.9850
vn 0.0890 -0.2692 0.9590
vn 0.3232 -0.7813 0.5340
vn 0.0485 -0.8077 0.5876
vn -0.1640 -0.0666 0.9842
vn -0.1107 -0.3696 0.9226
vn -0.0174 -0.8041 0.5942
vn -0.2386 -0.0199 0.9709
vn -0.2502 -0.0389 0.9674
vn -0.2355 -0.1132 0.9653
vn -0.1633 -0.4004 0.9016
vn -0.0076 -0.7993 0.6009
vn -0.2806 -0.0222 0.9596
vn -0.2824 -0.0864 0.9554
vn -0.2890 -0.0663 0.9550
vn -0.2940 -0.0602 0.9539
vn -0.2905 -0.0148 0.9568
vn -0.3006 -0.0345 0.9531
vn -0.3055 -0.0264 0.9518
vn -0.3020 -0.0323 0.9528
vn -0.2955 -0.0726 0.9526
vn -0.2696 0.0175 0.9628
vn -0.2952 -0.1116 0.9489
vn -0.2712 -0.0468 0.9614
vn -0.2940 -0.0324 0.9553
vn -0.2680 -0.0334 0.9628
vn -0.2148 0.0981 0.9717
vn -0.2454 0.0635 0.9673
vn -0.2318 -0.0145 0.9726
vn -0.2037 0.0866 0.9752
vn -0.1932 0.1402 0.9711
vn -0.1875 0.1586 0.9694
vn -0.2142 0.0942 0.9723
vn -0.2069 0.0215 0.9781
vn -0.2191 -0.0717 0.9731
vn -0.1991 0.0074 0.9800
vn -0.2038 -0.1084 0.9730
vn -0.2111 0.1017 0.9722
vn -0.2182 0.1015 0.9706
vn -0.1800 -0.1173 0.9767
vn -0.1978 0.0018 0.9802
vn -0.2115 0.0865 0.9736
vn -0.1868 -0.1434 0.9719
vn -0.2136 0.1278 0.9685
vn -0.2511 0.0799 0.9647
vn -0.2131 -0.0238 0.9767
vn -0.2376 0.0279 0.9710
vn -0.2439 0.1255 0.9617
vn -0.2622 0.1501 0.9533
vn -0.2771 0.1252 0.9526
vn -0.2626 0.0956 0.9601
vn -0.2531 0.1677 0.9528
vn -0.2532 0.1662 0.9530
vn -0.2719 0.1319 0.9532
vn -0.2716 0.1634 0.9484
vn -0.2666 0.1219 0.9561
vn -0.2679 0.0709 0.9608
vn -0.2688 0.0596 0.9614
vn -0.2777 0.0373 0.9599
vn -0.2569 0.0042 0.9664
vn -0.2599 0.0072 0.9656
vn -0.2613 0.0177 0.9651
vn -0.2323 -0.0315 0.9721
vn -0.2463 -0.0245 0.9689
vn -0.2534 -0.0199 0.9672
vn -0.1926 -0.1564 0.9687
vn -0.2026 -0.1563 0.9667
vn -0.2155 -0.1475 0.9653
vn -0.2522 -0.0214 0.9674
vn -0.2302 -0.1464 0.9621
vn -0.2754 0.0277 0.9609
vn -0.2339 -0.1544 0.9599
vn -0.3007 0.0159 0.9536
vn -0.2592 -0.0252 0.9655
vn -0.1394 -0.5074 0.8504
vn -0.1267 -0.5039 0.8544
vn -0.1253 -0.4896 0.8629
vn 0.0337 -0.8967 0.4413
vn 0.0085 -0.8792 0.4764
vn 0.0448 -0.8868 0.4599
vn -0.0103 -0.8466 0.5322
vn -0.1476 -0.4911 0.8585
vn 0.0300 -0.8651 0.5007
vn -0.1317 -0.4688 0.8734
vn -0.0280 -0.8177 0.5750
vn -0.1422 -0.4330 0.8901
vn -0.0409 -0.7975 0.6019
vn -0.1450 -0.3846 0.9116
vn -0.0479 -0.7733 0.6322
vn -0.0411 -0.7516 0.6584
vn -0.1613 -0.3498 0.9229
vn -0.0386 -0.7455 0.6653
vn -0.1763 -0.3495 0.9202
vn -0.0317 -0.7629 0.6458
vn -0.1790 -0.3503 0.9194
vn -0.1804 -0.3607 0.9151
vn -0.1721 -0.3874 0.9057
vn -0.2640 -0.0852 0.9607
vn -0.2328 0.4550 0.8595
vn -0.2504 0.4164 0.8740
vn -0.3349 0.1280 0.9335
vn -0.8723 0.3342 0.3571
vn -0.9121 0.1190 0.3922
vn -0.5384 0.1001 0.8367
vn -0.5469 -0.0197 0.8370
vn -0.9183 0.0668 0.3903
vn -0.8963 0.0532 0.4402
vn -0.3794 -0.0053 0.9252
vn -0.5345 -0.0246 0.8448
vn -0.8729 0.0492 0.4854
vn -0.3983 -0.0379 0.9165
vn -0.3124 0.1965 0.9294
vn -0.3607 0.0719 0.9299
vn -0.5177 -0.0294 0.8551
vn -0.8433 -0.0078 0.5374
vn -0.3888 -0.0798 0.9178
vn -0.5014 -0.0720 0.8622
vn -0.3902 -0.0073 0.9207
vn -0.3616 -0.1130 0.9254
vn -0.5027 -0.0918 0.8596
vn -0.8269 -0.1431 0.5439
vn -0.5270 -0.0021 0.8499
vn -0.3391 -0.0785 0.9375
vn -0.5520 -0.0559 0.8320
vn -0.9297 -0.2272 0.2897
vn -0.3203 0.0112 0.9472
vn -0.5424 -0.3716 0.7534
vn -0.9257 -0.3764 -0.0362
vn -0.4805 -0.7588 0.4396
vn -0.3074 -0.0627 0.9495
vn -0.2792 -0.3869 0.8788
vn -0.1759 -0.7805 0.6000
vn -0.1460 -0.7737 0.6165
vn -0.2624 -0.3617 0.8946
vn -0.2397 -0.7484 0.6184
vn -0.3167 -0.1161 0.9414
vn -0.3411 -0.3655 0.8660
vn -0.2381 -0.7674 0.5953
vn -0.3619 -0.1890 0.9128
vn -0.3544 -0.3658 0.8606
vn -0.2196 -0.7950 0.5655
vn -0.3721 -0.0878 0.9240
vn -0.3529 -0.3864 0.8521
vn -0.3414 -0.4150 0.8433
vn -0.2059 -0.8176 0.5377
vn -0.2108 -0.8242 0.5255
vn -0.3783 -0.1221 0.9176
vn -0.3364 -0.4326 0.8365
vn -0.2262 -0.8127 0.5369
vn -0.3849 -0.1242 0.9145
vn -0.3368 -0.4342 0.8355
vn -0.2366 -0.7953 0.5581
vn -0.3711 -0.1452 0.9172
vn -0.3654 -0.1403 0.9202
vn -0.3427 -0.4289 0.8358
vn -0.2297 -0.7861 0.5739
vn -0.3346 -0.4222 0.8425
vn -0.2211 -0.7857 0.5778
vn -0.3770 -0.1430 0.9151
vn -0.3234 -0.4106 0.8526
vn -0.2188 -0.7881 0.5754
vn -0.3708 -0.1720 0.9126
vn -0.3305 -0.3987 0.8555
vn -0.3485 -0.1968 0.9164
vn -0.2097 -0.7994 0.5631
vn -0.3460 -0.1867 0.9195
vn -0.3602 -0.1562 0.9197
vn -0.3447 -0.1286 0.9299
vn -0.3360 -0.4046 0.8506
vn -0.3342 -0.4205 0.8435
vn -0.1979 -0.8186 0.5391
vn -0.3669 -0.1359 0.9203
vn -0.3288 -0.4313 0.8402
vn -0.1901 -0.8365 0.5139
vn -0.3664 -0.1337 0.9208
vn -0.3048 -0.4422 0.8435
vn -0.1670 -0.8430 0.5113
vn -0.3532 -0.1522 0.9231
vn -0.2821 -0.4516 0.8465
vn -0.1432 -0.8426 0.5192
vn -0.2795 -0.4635 0.8409
vn -0.1418 -0.8408 0.5225
vn -0.3349 -0.1726 0.9263
vn -0.3686 -0.0779 0.9263
vn -0.3712 -0.0707 0.9258
vn -0.2804 -0.4631 0.8408
vn -0.1441 -0.8458 0.5137
vn -0.3262 -0.1805 0.9279
vn -0.3506 -0.0882 0.9324
vn -0.3716 -0.0800 0.9249
vn -0.2814 -0.4533 0.8458
vn -0.1561 -0.8427 0.5153
vn -0.3183 -0.1665 0.9333
vn -0.3282 -0.0788 0.9413
vn -0.3502 -0.0660 0.9343
vn -0.2825 -0.4446 0.8500
vn -0.1660 -0.8254 0.5396
vn -0.3174 -0.1430 0.9374
vn -0.3100 -0.0424 0.9498
vn -0.3200 -0.0436 0.9464
vn -0.2888 -0.4341 0.8533
vn -0.1732 -0.8097 0.5607
vn -0.3252 -0.1324 0.9363
vn -0.2795 -0.4202 0.8633
vn -0.1617 -0.8004 0.5772
vn -0.3306 -0.1357 0.9340
vn -0.1343 -0.8015 0.5828
vn -0.3437 -0.0097 0.9390
vn -0.2701 -0.3974 0.8770
vn -0.1277 -0.8036 0.5813
vn -0.3187 -0.1378 0.9378
vn -0.3296 -0.0126 0.9440
vn -0.3104 -0.1311 0.9415
vn -0.2733 -0.3899 0.8794
vn -0.2662 -0.3925 0.8804
vn -0.1297 -0.8010 0.5844
vn -0.3164 -0.1234 0.9406
vn -0.2556 -0.3938 0.8829
vn -0.1272 -0.7933 0.5953
vn -0.3096 -0.1019 0.9454
vn -0.1015 -0.7886 0.6064
vn -0.3277 -0.0255 0.9444
vn -0.3271 -0.0507 0.9436
vn -0.3330 0.0089 0.9429
vn -0.3379 0.0010 0.9412
vn -0.3075 -0.0526 0.9501
vn -0.3440 -0.0162 0.9388
vn -0.3036 -0.0461 0.9517
vn -0.3499 0.0089 0.9367
vn -0.3361 -0.0162 0.9417
vn -0.3341 0.0003 0.9425
vn -0.3125 -0.0075 0.9499
vn -0.3320 0.0118 0.9432
vn -0.3510 -0.0154 0.9362
vn -0.2934 -0.0214 0.9558
vn -0.2971 0.0014 0.9548
vn -0.3168 -0.0235 0.9482
vn -0.3326 -0.0528 0.9416
vn -0.3215 -0.0069 0.9469
vn -0.2983 -0.0272 0.9541
vn -0.2837 -0.0384 0.9581
vn -0.3298 0.0104 0.9440
vn -0.3338 -0.0262 0.9423
vn -0.3094 -0.0010 0.9509
vn -0.3616 -0.0730 0.9295
vn -0.3446 -0.0397 0.9379
vn -0.3723 -0.0800 0.9247
vn -0.3783 -0.0828 0.9220
vn -0.3605 -0.0809 0.9293
vn -0.3550 -0.0760 0.9318
vn -0.3440 -0.1135 0.9321
vn -0.3619 -0.0588 0.9304
vn -0.3414 -0.0612 0.9379
vn -0.3906 -0.0450 0.9194
vn -0.3498 0.0196 0.9366
vn -0.3662 -0.0367 0.9298
vn -0.3946 0.0348 0.9182
vn -0.2988 0.0006 0.9543
vn -0.3648 0.0496 0.9298
vn -0.3600 0.0238 0.9326
vn -0.3853 0.0375 0.9220
vn -0.3388 0.0125 0.9408
vn -0.3574 0.0288 0.9335
vn -0.3579 0.1458 0.9223
vn -0.3717 0.1227 0.9202
vn -0.3414 0.0419 0.9390
vn -0.3556 0.1149 0.9275
vn -0.3314 0.4220 0.8438
vn -0.3483 0.1215 0.9295
vn -0.3234 0.4255 0.8452
vn -0.3251 0.4180 0.8483
vn -0.2205 0.8077 0.5468
vn -0.2053 0.8121 0.5463
vn -0.3185 0.4314 0.8441
vn -0.2942 0.3566 0.8867
vn -0.2887 0.3494 0.8914
vn -0.2870 0.7135 0.6392
vn -0.2804 0.7182 0.6368
vn -0.3030 0.3554 0.8842
vn -0.2649 0.1298 0.9555
vn -0.2842 0.1518 0.9467
vn -0.2448 0.0851 0.9658
vn -0.2921 0.3522 0.8892
vn -0.2797 0.7247 0.6298
vn -0.2703 0.0616 0.9608
vn -0.1985 0.0598 0.9783
vn -0.2186 0.1429 0.9653
vn -0.2812 0.1385 0.9496
vn -0.2775 0.1298 0.9519
vn -0.2844 0.1177 0.9514
vn -0.1874 0.1917 0.9634
vn -0.1957 0.1071 0.9748
vn -0.1758 0.1745 0.9688
vn -0.2774 0.0321 0.9602
vn -0.1799 0.1820 0.9667
vn -0.2024 0.1361 0.9698
vn -0.2831 -0.0148 0.9590
vn -0.2259 0.1022 0.9688
vn -0.2976 0.0182 0.9545
vn -0.2853 0.0973 0.9535
vn -0.2754 0.0614 0.9594
vn -0.2979 0.3689 0.8804
vn -0.2849 0.7295 0.6218
vn -0.2810 0.1218 0.9519
vn -0.2972 0.3863 0.8732
vn -0.2883 0.7348 0.6140
vn -0.2772 0.1252 0.9526
vn -0.2961 0.3829 0.8750
vn -0.2805 0.7526 0.5958
vn -0.1790 0.9749 0.1325
vn -0.1168 0.9886 0.0949
vn -0.2096 0.8112 0.5458
vn 0.0962 0.9952 0.0154
vn -0.2980 0.3764 0.8772
vn -0.0167 0.8977 0.4403
vn 0.2737 0.8581 0.4344
vn -0.2470 0.4270 0.8699
vn -0.0662 0.5769 0.8141
vn 0.5203 0.6291 0.5776
vn -0.2744 0.1165 0.9545
vn -0.2313 0.1535 0.9607
vn -0.0180 0.3116 0.9500
vn 0.6580 0.4586 0.5972
vn -0.3024 -0.0855 0.9493
vn -0.2962 -0.0302 0.9547
vn -0.2287 -0.3875 0.8930
vn -0.0729 -0.7898 0.6090
vn -0.2859 -0.0907 0.9540
vn -0.2077 -0.3788 0.9019
vn -0.0555 -0.8032 0.5931
vn -0.2621 -0.0951 0.9603
vn -0.2104 -0.3853 0.8985
vn -0.2064 -0.4008 0.8926
vn -0.0424 -0.8236 0.5655
vn -0.2622 -0.0816 0.9616
vn -0.2732 -0.0072 0.9619
vn -0.1962 -0.4217 0.8853
vn -0.0440 -0.8287 0.5579
vn -0.2755 -0.0727 0.9585
vn -0.2645 0.0026 0.9644
vn -0.1915 -0.4310 0.8818
vn -0.0519 -0.8247 0.5631
vn -0.2752 -0.0950 0.9567
vn -0.1671 -0.4291 0.8877
vn -0.0265 -0.8197 0.5721
vn -0.2619 -0.1246 0.9570
vn -0.2992 0.0042 0.9542
vn -0.1374 -0.4277 0.8934
vn 0.0156 -0.8229 0.5680
vn -0.2360 -0.1348 0.9624
vn -0.2940 -0.0148 0.9557
vn -0.2658 -0.0364 0.9633
vn -0.2145 -0.1358 0.9672
vn -0.0684 -0.9788 0.1932
vn -0.2366 -0.7954 0.5580
vn -0.1038 -0.9663 0.2356
vn -0.2297 -0.7861 0.5738
vn -0.2211 -0.7857 0.5777
vn -0.2262 -0.8128 0.5369
vn -0.0561 -0.9860 0.1572
vn -0.2188 -0.7881 0.5753
vn 0.0041 -0.9994 0.0351
vn -0.0152 -0.9981 0.0590
vn -0.1190 -0.9667 0.2267
vn -0.2108 -0.8243 0.5254
vn -0.0838 -0.9772 0.1951
vn -0.0584 -0.9841 0.1677
vn -0.0591 -0.9931 0.1015
vn -0.0254 -0.9992 0.0302
vn -0.0166 -0.9988 0.0469
vn 0.0152 -0.9998 -0.0098
vn -0.0202 -0.9995 0.0222
vn -0.0474 -0.9876 0.1494
vn -0.0213 -0.9969 0.0752
vn -0.0334 -0.9972 0.0674
vn -0.2097 -0.7994 0.5630
vn 0.0153 -0.9975 0.0691
vn 0.0062 -0.9939 0.1104
vn -0.0258 -0.9910 0.1314
vn -0.1979 -0.8187 0.5391
vn 0.0445 -0.9986 0.0287
vn 0.0024 -0.9961 0.0883
vn 0.0150 -0.9993 0.0338
vn -0.1901 -0.8366 0.5138
vn 0.0334 -0.9994 0.0109
vn 0.0122 -0.9921 0.1249
vn 0.0547 -0.9951 -0.0820
vn -0.0241 -0.9900 0.1393
vn 0.0428 -0.9990 0.0134
vn 0.0263 -0.9987 -0.0440
vn 0.0002 -0.9988 0.0481
vn -0.0343 -0.9868 0.1580
vn -0.0219 -0.9956 0.0911
vn -0.0192 -0.9983 0.0545
vn -0.0205 -0.9974 0.0685
vn 0.0226 -0.9997 -0.0052
vn -0.0407 -0.9898 0.1365
vn 0.0125 -0.9996 0.0255
vn -0.1669 -0.8431 0.5112
vn -0.1432 -0.8426 0.5191
vn 0.0052 -0.9974 0.0721
vn -0.1418 -0.8408 0.5224
vn 0.0051 -1.0000 0.0050
vn 0.0005 -0.9913 0.1313
vn -0.1441 -0.8458 0.5136
vn -0.0005 -0.9891 0.1470
vn -0.0061 -0.9973 0.0730
vn 0.0078 -0.9920 0.1259
vn -0.0429 -0.9922 0.1168
vn -0.0148 -0.9941 0.1072
vn -0.0042 -0.9906 0.1366
vn -0.0028 -0.9948 0.1021
vn 0.0156 -0.9926 0.1205
vn -0.0161 -0.9976 0.0674
vn 0.0192 -0.9986 0.0488
vn 0.0775 -0.9967 0.0250
vn 0.0685 -0.9973 -0.0257
vn 0.0088 -0.9988 0.0488
vn 0.0680 -0.9968 -0.0419
vn 0.0054 -0.9981 0.0618
vn 0.0250 -0.9996 0.0118
vn 0.0825 -0.9885 -0.1268
vn 0.0042 -0.9982 0.0599
vn 0.0846 -0.9921 -0.0931
vn 0.0863 -0.9944 -0.0607
vn -0.0452 -0.9934 0.1058
vn 0.0334 -0.9992 -0.0241
vn 0.0658 -0.9975 -0.0254
vn -0.0644 -0.9947 0.0808
vn -0.0441 -0.9968 0.0674
vn -0.0551 -0.9955 0.0773
vn 0.0022 -0.9993 0.0373
vn -0.0620 -0.9844 0.1646
vn 0.1484 -0.9102 -0.3868
vn 0.0644 -0.9792 -0.1924
vn 0.1458 -0.9080 -0.3929
vn 0.2636 -0.6877 -0.6764
vn 0.0674 -0.9853 -0.1571
vn 0.0641 -0.9745 -0.2152
vn 0.0660 -0.9900 -0.1249
vn -0.0347 -0.9960 0.0827
vn 0.1506 -0.9166 -0.3702
vn -0.0130 -0.9972 0.0731
vn -0.0018 -1.0000 -0.0021
vn -0.0365 -0.9939 0.1037
vn -0.0680 -0.9743 0.2147
vn -0.0848 -0.9665 0.2424
vn 0.0342 -0.9923 -0.1192
vn -0.0561 -0.9834 0.1728
vn -0.0571 -0.9831 0.1739
vn -0.0790 -0.9701 0.2295
vn -0.0531 -0.9935 0.1011
vn -0.0258 -0.9993 0.0286
vn 0.0609 -0.9670 -0.2475
vn -0.0373 -0.9907 0.1307
vn 0.1326 -0.9183 -0.3729
vn 0.0907 -0.9535 -0.2875
vn 0.2659 -0.6935 -0.6695
vn 0.1005 -0.9393 -0.3282
vn 0.2621 -0.7036 -0.6605
vn 0.2525 -0.7259 -0.6398
vn 0.3506 -0.3204 -0.8800
vn 0.3574 -0.3251 -0.8756
vn 0.3561 -0.3294 -0.8745
vn 0.3684 -0.1294 -0.9206
vn 0.0869 -0.9495 -0.3015
vn 0.3377 -0.3172 -0.8862
vn 0.2632 -0.6830 -0.6814
vn 0.3323 -0.3260 -0.8850
vn 0.1435 -0.9223 -0.3589
vn 0.2593 -0.6893 -0.6764
vn 0.3324 -0.3335 -0.8822
vn 0.0523 -0.9937 -0.0988
vn 0.2554 -0.6956 -0.6715
vn 0.0408 -0.9965 -0.0732
vn -0.0007 -0.9971 0.0767
vn 0.1391 -0.9257 -0.3517
vn -0.0187 -0.9959 0.0881
vn -0.0554 -0.9748 0.2160
vn -0.0911 -0.9662 0.2412
vn -0.1022 -0.9624 0.2517
vn -0.0523 -0.9891 0.1373
vn -0.0628 -0.9837 0.1687
vn -0.0474 -0.9899 0.1337
vn 0.0472 -0.9945 -0.0936
vn 0.0386 -0.9858 -0.1632
vn 0.0496 -0.9908 -0.1258
vn 0.0562 -0.9928 -0.1059
vn 0.0178 -0.9982 -0.0580
vn 0.0432 -0.9882 -0.1471
vn 0.0402 -0.9851 -0.1670
vn 0.0497 -0.9856 -0.1616
vn 0.0596 -0.9901 -0.1274
vn 0.0600 -0.9902 -0.1258
vn 0.0480 -0.9878 -0.1480
vn 0.0319 -0.9986 -0.0421
vn 0.0048 -0.9987 -0.0503
vn 0.0218 -0.9886 -0.1489
vn -0.0091 -0.9979 -0.0647
vn 0.0183 -0.9972 -0.0723
vn -0.0697 -0.9927 0.0987
vn 0.0058 -0.9963 -0.0862
vn -0.0346 -0.9912 0.1277
vn -0.0735 -0.9739 0.2149
vn -0.0039 -0.9957 0.0930
vn 0.0182 -0.9899 0.1409
vn 0.0439 -0.9972 0.0608
vn 0.0332 -0.9994 -0.0067
vn 0.0058 -0.9932 0.1162
vn 0.0122 -0.9958 0.0911
vn 0.0211 -0.9975 0.0672
vn 0.0224 -0.9995 -0.0213
vn 0.0386 -0.9993 -0.0030
vn -0.0103 -0.9974 0.0713
vn -0.0405 -0.9884 0.1467
vn -0.2059 -0.8177 0.5376
vn -0.2196 -0.7951 0.5654
vn -0.0483 -0.9844 0.1691
vn -0.2380 -0.7675 0.5952
vn 0.0160 -0.9998 0.0110
vn -0.0597 -0.9789 0.1956
vn -0.2397 -0.7485 0.6183
vn 0.0291 -0.9861 0.1638
vn 0.0748 -0.9970 0.0179
vn -0.0179 -0.9875 0.1566
vn -0.1759 -0.7805 0.5999
vn -0.4805 -0.7589 0.4395
vn 0.0437 -0.9986 -0.0286
vn -0.3396 -0.9406 -0.0051
vn -0.9257 -0.3765 -0.0363
vn -0.8492 -0.4745 -0.2315
vn -0.3056 -0.9430 -0.1319
vn -0.2083 -0.1239 0.9702
vn -0.1483 -0.4076 0.9010
vn -0.2088 -0.1174 0.9709
vn -0.1451 -0.4255 0.8932
vn -0.0083 -0.8213 0.5705
vn -0.0156 -0.8097 0.5867
vn -0.1551 -0.3943 0.9058
vn -0.0227 -0.7939 0.6076
vn -0.2178 -0.0874 0.9721
vn -0.2157 -0.1214 0.9689
vn -0.1634 -0.3797 0.9106
vn -0.0371 -0.7761 0.6296
vn -0.0380 -0.7697 0.6373
vn -0.1775 -0.3653 0.9138
vn -0.0237 -0.7815 0.6235
vn -0.2169 -0.1253 0.9681
vn -0.1884 -0.3815 0.9050
vn -0.2187 -0.0858 0.9720
vn -0.2339 -0.1536 0.9600
vn -0.0155 -0.8062 0.5915
vn -0.2293 -0.0913 0.9691
vn -0.2244 -0.0839 0.9709
vn -0.2183 -0.0654 0.9737
vn -0.2552 0.0285 0.9665
vn -0.2137 -0.0790 0.9737
vn -0.2417 0.0115 0.9703
vn -0.2709 0.0714 0.9599
vn -0.2839 0.0593 0.9570
vn -0.2338 0.0056 0.9723
vn -0.2338 -0.0848 0.9686
vn -0.2563 -0.1289 0.9580
vn -0.2526 0.0951 0.9629
vn -0.2474 -0.1850 0.9511
vn -0.1795 -0.4152 0.8918
vn -0.1650 -0.4342 0.8856
vn -0.0035 -0.8298 0.5581
vn -0.2319 -0.1594 0.9596
vn -0.2424 -0.0881 0.9662
vn -0.1571 -0.4420 0.8832
vn -0.2515 -0.0389 0.9671
vn 0.0118 -0.8463 0.5326
vn -0.2289 -0.1123 0.9670
vn -0.2197 0.0272 0.9752
vn -0.2103 0.0986 0.9727
vn -0.2347 0.0264 0.9717
vn -0.2150 0.1275 0.9683
vn -0.2587 0.0823 0.9624
vn -0.2090 0.1502 0.9663
vn -0.2149 0.1298 0.9680
vn -0.1956 0.1783 0.9643
vn -0.2273 0.1019 0.9685
vn -0.2183 0.1111 0.9695
vn -0.1906 0.1711 0.9666
vn -0.2551 0.0849 0.9632
vn -0.2423 0.0707 0.9676
vn -0.2944 0.0241 0.9554
vn -0.2668 0.0280 0.9633
vn -0.2459 0.0481 0.9681
vn -0.2434 -0.1117 0.9635
vn -0.2825 0.0305 0.9588
vn -0.1523 -0.4534 0.8782
vn 0.0175 -0.8529 0.5217
vn -0.2420 -0.1418 0.9598
vn -0.1499 -0.4697 0.8700
vn -0.2319 -0.1578 0.9598
vn -0.2860 -0.0148 0.9581
vn -0.1344 -0.4345 0.8906
vn 0.0162 -0.8248 0.5652
vn -0.1414 -0.4341 0.8897
vn 0.0034 -0.8265 0.5629
vn -0.2070 -0.1391 0.9684
vn -0.2419 -0.0567 0.9686
vn -0.2898 0.0235 0.9568
vn -0.3024 0.0166 0.9530
vn -0.2070 -0.1336 0.9692
vn -0.2269 -0.0767 0.9709
vn -0.2724 0.0054 0.9622
vn -0.2143 -0.0848 0.9731
vn -0.2542 -0.0253 0.9668
vn -0.2908 0.0612 0.9548
vn -0.2924 0.0819 0.9528
vn -0.2305 -0.0455 0.9720
vn -0.2831 0.0171 0.9589
vn -0.2852 0.0854 0.9547
vn -0.2646 0.0251 0.9640
vn -0.2113 -0.0807 0.9741
vn -0.2692 0.0678 0.9607
vn -0.2922 0.0058 0.9563
vn -0.2966 0.0109 0.9549
vn -0.2879 0.0310 0.9572
vn -0.2900 0.0088 0.9570
vn -0.2713 0.0227 0.9622
vn -0.2462 0.0411 0.9683
vn -0.2657 0.0515 0.9627
vn -0.2431 0.0938 0.9654
vn -0.2270 0.0440 0.9729
vn -0.2322 0.0903 0.9685
vn -0.2552 0.2099 0.9438
vn -0.1887 0.0803 0.9787
vn -0.2111 0.1201 0.9701
vn -0.2033 0.1011 0.9739
vn -0.2265 0.1367 0.9644
vn -0.2443 0.2456 0.9381
vn -0.2835 0.4434 0.8503
vn -0.2787 0.4273 0.8601
vn -0.2634 0.0735 0.9619
vn -0.2580 0.1091 0.9600
vn -0.2538 0.2588 0.9320
vn -0.2810 0.4644 0.8399
vn -0.2455 0.0790 0.9662
vn -0.2412 0.0979 0.9655
vn -0.2612 0.2522 0.9318
vn -0.2818 0.4890 0.8255
vn -0.2512 0.0470 0.9668
vn -0.2480 0.0918 0.9644
vn -0.2598 0.2535 0.9318
vn -0.2794 0.5087 0.8143
vn -0.2735 0.0017 0.9619
vn -0.2701 0.0647 0.9607
vn -0.2708 0.2558 0.9280
vn -0.2823 0.5199 0.8062
vn -0.2682 0.8541 0.4455
vn -0.2781 0.2441 0.9290
vn -0.2875 0.5207 0.8039
vn -0.2532 0.8695 0.4242
vn 0.2423 0.7708 -0.5892
vn 0.3475 0.4068 -0.8448
vn 0.0791 0.8015 -0.5927
vn 0.1829 0.9490 -0.2567
vn 0.4708 0.7706 -0.4295
vn 0.1653 0.4119 -0.8961
vn 0.0133 0.8072 -0.5902
vn 0.1632 0.4133 -0.8959
vn -0.0300 0.9805 -0.1943
vn 0.1630 0.9781 -0.1296
vn 0.4434 0.8542 -0.2714
vn -0.0595 0.9979 -0.0249
vn -0.1180 0.9746 -0.1905
vn 0.0149 0.8102 -0.5860
vn 0.1551 0.4021 -0.9024
vn 0.0249 0.8010 -0.5982
vn -0.1160 0.9731 -0.1992
vn -0.0909 0.9734 -0.2103
vn -0.1585 0.9874 0.0042
vn -0.1798 0.9836 0.0110
vn -0.1658 0.9855 0.0371
vn -0.1434 0.9890 0.0353
vn -0.1766 0.9843 0.0047
vn -0.1999 0.9788 0.0454
vn -0.1624 0.9823 0.0939
vn -0.1181 0.9918 0.0494
vn -0.0705 0.9973 0.0203
vn -0.0839 0.9950 0.0542
vn 0.1560 0.9802 -0.1223
vn 0.4531 0.8500 -0.2687
vn 0.1277 0.9878 -0.0896
vn -0.0925 0.9936 0.0653
vn 0.1015 0.9919 -0.0767
vn 0.4406 0.8436 -0.3068
vn 0.0856 0.9929 -0.0828
vn -0.0881 0.9958 0.0249
vn 0.0870 0.9902 -0.1092
vn -0.1151 0.9893 0.0896
vn 0.1044 0.9851 -0.1365
vn 0.4257 0.8720 -0.2417
vn -0.0678 0.9968 -0.0417
vn -0.0961 0.9951 0.0245
vn -0.1426 0.9884 0.0517
vn -0.0946 0.9954 -0.0131
vn -0.0720 0.9959 -0.0540
vn 0.1248 0.9818 -0.1430
vn 0.4290 0.8994 -0.0833
vn -0.0812 0.9945 -0.0669
vn -0.1230 0.9923 0.0153
vn -0.1630 0.9842 0.0690
vn -0.1233 0.9916 -0.0385
vn -0.1541 0.9876 0.0298
vn -0.1199 0.9919 -0.0431
vn -0.1651 0.9834 0.0755
vn -0.1313 0.9913 -0.0103
vn -0.1751 0.9818 0.0735
vn -0.1532 0.9870 0.0477
vn -0.1650 0.9854 0.0419
vn -0.1955 0.9778 0.0750
vn -0.1815 0.9834 -0.0047
vn -0.1555 0.9827 0.1006
vn -0.1541 0.9880 0.0074
vn -0.1979 0.9800 -0.0203
vn -0.1770 0.9842 0.0045
vn -0.1211 0.9911 0.0555
vn -0.1211 0.9906 0.0629
vn -0.1752 0.9836 0.0426
vn -0.1404 0.9900 -0.0170
vn -0.1986 0.9702 0.1388
vn -0.2036 0.9752 0.0869
vn -0.1799 0.9823 0.0527
vn -0.1636 0.9865 0.0098
vn -0.2270 0.9627 0.1470
vn -0.1842 0.9768 0.1094
vn -0.1863 0.9819 0.0355
vn -0.1640 0.9864 -0.0069
vn -0.1676 0.9847 0.0483
vn -0.1332 0.9909 -0.0201
vn -0.1637 0.9860 0.0320
vn -0.1343 0.9906 -0.0250
vn -0.1526 0.9882 -0.0115
vn -0.1499 0.9885 0.0210
vn -0.1921 0.9618 0.1952
vn -0.2160 0.9420 0.2568
vn -0.1695 0.9843 0.0490
vn -0.2158 0.9379 0.2715
vn -0.1519 0.9884 -0.0051
vn -0.3470 -0.0690 0.9353
vn -0.3047 -0.0585 0.9506
vn -0.3386 -0.0863 0.9370
vn -0.3097 -0.0794 0.9475
vn -0.3108 -0.0365 0.9498
vn -0.3428 -0.0104 0.9394
vn -0.3578 0.0053 0.9338
vn -0.3265 -0.0716 0.9425
vn -0.3332 -0.0528 0.9414
vn -0.3331 -0.0399 0.9420
vn -0.3280 -0.0320 0.9441
vn -0.3338 -0.0743 0.9397
vn -0.3298 0.1305 0.9350
vn -0.3237 -0.0321 0.9456
vn -0.3389 0.1300 0.9318
vn -0.3382 0.1456 0.9297
vn -0.3496 0.1364 0.9269
vn -0.3551 0.1119 0.9281
vn -0.3372 0.1272 0.9328
vn -0.3215 0.4485 0.8339
vn -0.3151 0.4679 0.8257
vn -0.1956 0.8683 0.4558
vn -0.3183 0.4769 0.8193
vn -0.2043 0.8654 0.4575
vn -0.1017 0.9908 0.0891
vn -0.3181 0.4839 0.8152
vn -0.2103 0.8615 0.4621
vn -0.1397 0.9732 0.1824
vn -0.1561 0.9797 0.1261
vn -0.1353 0.9886 0.0661
vn -0.1665 0.9742 0.1521
vn -0.3114 0.4756 0.8227
vn -0.2310 0.8445 0.4831
vn -0.1568 0.9624 0.2219
vn -0.2426 0.8324 0.4982
vn -0.3018 0.4812 0.8230
vn -0.1183 0.9837 0.1357
vn -0.1638 0.9648 0.2059
vn -0.2397 0.8209 0.5183
vn -0.0797 0.9922 0.0963
vn 0.0766 -0.9807 0.1798
vn 0.0988 -0.9803 0.1709
vn -0.0265 -0.8198 0.5720
vn -0.0519 -0.8248 0.5630
vn 0.0788 -0.9801 0.1824
vn 0.0156 -0.8229 0.5679
vn 0.1192 -0.9915 0.0516
vn 0.1241 -0.9911 0.0477
vn 0.1213 -0.9915 0.0465
vn 0.1258 -0.9915 0.0318
vn 0.1319 -0.9908 0.0313
vn 0.1389 -0.9903 0.0103
vn 0.1296 -0.9913 0.0213
vn 0.1160 -0.9920 0.0502
vn 0.1046 -0.9930 0.0544
vn 0.1178 -0.9916 0.0525
vn 0.0968 -0.9921 0.0796
vn 0.1168 -0.9926 0.0341
vn 0.1182 -0.9916 0.0527
vn 0.1061 -0.9874 0.1173
vn 0.1141 -0.9802 0.1616
vn 0.1070 -0.9619 0.2515
vn 0.1165 -0.9740 0.1943
vn 0.0162 -0.8249 0.5651
vn 0.1948 -0.9760 -0.0974
vn 0.2187 -0.9704 -0.1026
vn 0.1991 -0.9726 -0.1204
vn 0.1985 -0.9786 -0.0536
vn 0.1952 -0.9807 -0.0115
vn 0.1947 -0.9807 0.0172
vn 0.1448 -0.9895 -0.0009
vn 0.1797 -0.9817 0.0622
vn 0.1946 -0.9771 -0.0858
vn 0.1546 -0.9877 -0.0224
vn 0.1022 -0.9919 0.0759
vn 0.0871 -0.9905 0.1069
vn 0.0964 -0.9865 0.1326
vn 0.0893 -0.9909 0.1004
vn 0.1521 -0.9866 0.0582
vn 0.2095 -0.9759 -0.0616
vn 0.2126 -0.9720 -0.1002
vn 0.1810 -0.9787 0.0973
vn 0.2053 -0.9772 0.0541
vn 0.1602 -0.9844 0.0724
vn 0.1723 -0.9845 -0.0335
vn 0.1897 -0.9758 -0.1092
vn 0.1476 -0.9878 0.0486
vn 0.1909 -0.9814 0.0204
vn 0.1227 -0.9917 0.0380
vn 0.1238 -0.9921 -0.0195
vn 0.1402 -0.9880 -0.0645
vn 0.1399 -0.9902 0.0001
vn 0.1777 -0.9828 -0.0508
vn 0.1249 -0.9922 -0.0014
vn 0.1221 -0.9920 -0.0306
vn 0.1277 -0.9917 -0.0121
vn 0.1871 -0.9768 -0.1043
vn 0.1408 -0.9896 0.0310
vn 0.2364 -0.9656 -0.1085
vn 0.2484 -0.9628 -0.1063
vn 0.2130 -0.9759 -0.0469
vn 0.2395 -0.9514 -0.1937
vn 0.2256 -0.9721 -0.0651
vn 0.1860 -0.9824 0.0200
vn 0.1647 -0.9863 -0.0080
vn 0.2382 -0.9546 -0.1790
vn 0.2099 -0.9765 -0.0496
vn 0.2110 -0.9595 -0.1868
vn 0.2759 -0.9523 -0.1304
vn 0.1800 -0.9836 -0.0126
vn 0.2887 -0.9341 -0.2100
vn 0.2302 -0.9685 -0.0945
vn 0.1775 -0.9841 -0.0046
vn 0.2960 -0.9430 -0.1524
vn 0.2755 -0.9548 -0.1118
vn 0.1721 -0.9841 -0.0439
vn 0.2278 -0.9670 -0.1142
vn 0.1779 -0.9832 -0.0418
vn 0.2460 -0.9607 -0.1287
vn 0.2578 -0.9629 -0.0799
vn 0.2307 -0.9730 -0.0074
vn 0.2175 -0.9631 -0.1585
vn 0.1780 -0.9768 -0.1188
vn 0.2314 -0.9625 -0.1417
vn 0.2174 -0.9723 -0.0854
vn 0.2182 -0.9752 -0.0378
vn 0.1425 -0.9848 -0.0998
vn 0.0994 -0.9943 -0.0395
vn 0.1422 -0.9840 -0.1070
vn 0.0277 -0.9985 0.0465
vn 0.1076 -0.9930 -0.0494
vn 0.1088 -0.9932 -0.0402
vn 0.1368 -0.9879 -0.0731
vn 0.0471 -0.9984 0.0298
vn 0.0970 -0.9938 -0.0536
vn 0.0087 -0.9993 0.0371
vn 0.1205 -0.9906 -0.0648
vn 0.0188 -0.9996 -0.0198
vn 0.0346 -0.9984 -0.0439
vn 0.1192 -0.9899 -0.0768
vn 0.0017 -0.9990 0.0458
vn 0.0772 -0.9967 -0.0250
vn -0.0282 -0.9882 0.1505
vn -0.0488 -0.9829 0.1776
vn -0.0219 -0.9838 0.1780
vn -0.1660 -0.8255 0.5394
vn -0.1732 -0.8098 0.5606
vn 0.0199 -0.9907 0.1343
vn -0.1617 -0.8005 0.5772
vn -0.1342 -0.8015 0.5827
vn 0.1199 -0.9895 -0.0809
vn 0.0355 -0.9993 -0.0101
vn 0.0854 -0.9950 -0.0524
vn 0.0515 -0.9934 0.1027
vn 0.0173 -0.9865 0.1626
vn -0.1276 -0.8037 0.5812
vn -0.1297 -0.8011 0.5843
vn -0.0003 -0.9976 0.0697
vn -0.0076 -0.9728 0.2315
vn -0.1272 -0.7934 0.5953
vn 0.0151 -0.9907 0.1351
vn -0.0335 -0.9979 0.0558
vn 0.0237 -0.9964 0.0814
vn 0.0231 -0.9744 0.2235
vn -0.1015 -0.7887 0.6064
vn 0.0783 -0.9903 0.1150
vn 0.0742 -0.9906 0.1147
vn 0.0412 -0.9793 0.1982
vn -0.0729 -0.7899 0.6089
vn 0.0858 -0.9932 0.0792
vn 0.0712 -0.9802 0.1847
vn -0.0554 -0.8033 0.5930
vn 0.0991 -0.9900 0.1003
vn 0.1294 -0.9913 0.0258
vn 0.1059 -0.9808 0.1637
vn -0.0423 -0.8237 0.5655
vn 0.0977 -0.9816 0.1642
vn -0.0440 -0.8288 0.5578
vn 0.1481 -0.9889 0.0108
vn 0.1498 -0.9883 0.0282
vn 0.1358 -0.9903 0.0300
vn 0.1267 -0.9915 0.0307
vn 0.1555 -0.9873 0.0336
vn 0.1211 -0.9918 0.0404
vn 0.1590 -0.9868 -0.0310
vn 0.1581 -0.9825 -0.0985
vn 0.1379 -0.9813 -0.1341
vn 0.0854 -0.9963 0.0121
vn 0.1160 -0.9824 -0.1467
vn 0.1106 -0.9843 -0.1372
vn 0.0429 -0.9984 -0.0376
vn 0.0708 -0.9895 -0.1258
vn 0.0905 -0.9943 -0.0561
vn -0.0010 -0.9994 -0.0339
vn 0.2426 -0.9646 -0.1037
vn 0.2088 -0.9653 -0.1569
vn 0.2425 -0.9618 -0.1269
vn 0.2309 -0.9692 -0.0856
vn 0.2126 -0.9758 -0.0517
vn 0.2019 -0.9780 -0.0524
vn 0.2140 -0.9761 -0.0377
vn 0.2659 -0.9374 -0.2249
vn 0.1556 -0.9870 -0.0397
vn 0.2170 -0.9720 -0.0900
vn 0.2170 -0.9703 -0.1073
vn 0.2090 -0.9682 -0.1371
vn 0.2228 -0.9572 -0.1846
vn 0.2298 -0.9703 -0.0756
vn 0.2208 -0.9730 -0.0666
vn 0.1713 -0.9716 -0.1634
vn 0.1992 -0.9775 -0.0696
vn 0.1808 -0.9781 -0.1034
vn 0.1430 -0.9869 -0.0752
vn 0.1435 -0.9819 -0.1238
vn 0.1497 -0.9744 -0.1680
vn 0.0730 -0.9960 -0.0515
vn 0.0821 -0.9961 -0.0333
vn 0.0912 -0.9921 -0.0861
vn 0.1222 -0.9841 -0.1288
vn 0.0820 -0.9964 -0.0231
vn 0.0649 -0.9971 -0.0403
vn 0.1183 -0.9918 -0.0482
vn 0.1590 -0.9827 -0.0954
vn 0.1447 -0.9805 -0.1333
vn 0.2283 -0.9719 -0.0583
vn 0.2457 -0.9627 -0.1129
vn 0.1882 -0.9755 -0.1139
vn 0.2426 -0.9606 -0.1355
vn 0.2221 -0.9693 -0.1058
vn 0.1890 -0.9638 -0.1882
vn 0.1641 -0.9805 -0.1079
vn 0.1850 -0.9597 -0.2115
vn 0.1685 -0.9788 -0.1163
vn 0.1665 -0.9775 -0.1297
vn 0.1896 -0.9731 -0.1306
vn 0.1569 -0.9857 -0.0613
vn 0.1513 -0.9872 -0.0502
vn 0.1382 -0.9858 -0.0956
vn 0.2165 -0.9614 -0.1699
vn 0.2238 -0.9601 -0.1677
vn 0.1582 -0.9756 -0.1525
vn 0.2133 -0.9599 -0.1820
vn 0.2264 -0.9468 -0.2287
vn 0.1801 -0.9747 -0.1322
vn 0.1234 -0.9876 -0.0969
vn 0.0969 -0.9939 -0.0521
vn 0.1228 -0.9924 -0.0081
vn 0.1565 -0.9873 -0.0289
vn 0.0903 -0.9938 0.0647
vn 0.0755 -0.9971 -0.0038
vn 0.0429 -0.9961 0.0766
vn 0.0196 -0.9935 0.1120
vn 0.0005 -0.9984 0.0569
vn -0.0115 -0.9864 0.1639
vn -0.0396 -0.9913 0.1254
vn -0.0270 -0.9892 0.1440
vn -0.0277 -0.9923 0.1203
vn -0.0175 -0.9945 0.1030
vn 0.0281 -0.9957 0.0879
vn 0.0043 -0.9928 0.1198
vn 0.0124 -0.9940 0.1088
vn 0.0360 -0.9992 0.0178
vn 0.0202 -0.9997 0.0127
vn 0.0588 -0.9978 0.0319
vn 0.0247 -0.9983 0.0526
vn 0.0166 -0.9994 0.0287
vn 0.1060 -0.9930 -0.0530
vn 0.0528 -0.9979 -0.0364
vn 0.0306 -0.9983 0.0492
vn 0.0698 -0.9949 -0.0731
vn 0.0476 -0.9979 0.0433
vn 0.1071 -0.9870 -0.1202
vn 0.1378 -0.9848 -0.1059
vn 0.1357 -0.9844 -0.1123
vn -0.2864 0.5223 0.8032
vn -0.2846 0.8261 0.4864
vn -0.2454 0.8653 0.4370
vn -0.2888 0.8038 0.5200
vn -0.2855 0.7846 0.5504
vn -0.2608 0.9499 0.1726
vn -0.2777 0.2262 0.9337
vn -0.2644 0.0470 0.9633
vn -0.2882 0.5180 0.8054
vn -0.2642 -0.0087 0.9644
vn -0.2727 0.2246 0.9355
vn -0.2535 0.0332 0.9668
vn -0.2820 0.0610 0.9575
vn -0.2581 -0.0245 0.9658
vn -0.2803 0.0469 0.9588
vn -0.2406 -0.0284 0.9702
vn -0.2540 0.0309 0.9667
vn -0.2875 0.2221 0.9317
vn -0.2778 0.0649 0.9584
vn -0.2415 -0.0176 0.9702
vn -0.2480 -0.0192 0.9686
vn -0.2646 0.0244 0.9641
vn -0.2348 -0.0392 0.9712
vn -0.2516 -0.0230 0.9676
vn -0.2961 0.0921 0.9507
vn -0.2727 0.0631 0.9600
vn -0.2488 -0.0230 0.9683
vn -0.2842 -0.0111 0.9587
vn -0.2386 -0.0561 0.9695
vn -0.3082 0.0165 0.9512
vn -0.2568 -0.0471 0.9653
vn -0.3099 -0.0184 0.9506
vn -0.2832 -0.0672 0.9567
vn -0.2808 0.0060 0.9597
vn -0.2647 -0.0567 0.9627
vn -0.2733 -0.0326 0.9614
vn -0.2912 -0.0265 0.9563
vn -0.3137 0.0099 0.9495
vn -0.2804 -0.0458 0.9588
vn -0.2717 0.0017 0.9624
vn -0.3028 -0.0687 0.9506
vn -0.2657 0.0401 0.9632
vn -0.3095 -0.0242 0.9506
vn -0.3207 -0.0451 0.9461
vn -0.3408 -0.0312 0.9396
vn -0.2941 -0.0104 0.9557
vn -0.2623 -0.0004 0.9650
vn -0.3385 -0.0670 0.9386
vn -0.2776 0.0009 0.9607
vn -0.3095 -0.0278 0.9505
vn -0.2854 0.0274 0.9580
vn -0.2978 0.0233 0.9543
vn -0.2855 0.0794 0.9551
vn -0.2968 0.0705 0.9523
vn -0.3292 -0.0392 0.9434
vn -0.2792 0.1099 0.9539
vn -0.3526 -0.0724 0.9330
vn -0.3227 0.0707 0.9438
vn -0.3011 0.2016 0.9320
vn -0.3208 0.2170 0.9219
vn -0.2879 0.2012 0.9363
vn -0.2871 0.2159 0.9333
vn -0.3047 0.2165 0.9275
vn -0.3013 0.2131 0.9294
vn -0.3145 0.2064 0.9266
vn -0.3006 0.4927 0.8166
vn -0.2968 0.4953 0.8164
vn -0.3041 0.4955 0.8136
vn -0.3108 0.4815 0.8195
vn -0.2938 0.4979 0.8160
vn -0.2401 0.8558 0.4581
vn -0.2406 0.8655 0.4394
vn -0.2367 0.8499 0.4707
vn -0.2972 0.4953 0.8163
vn -0.2540 0.8383 0.4825
vn -0.3044 0.4895 0.8171
vn -0.2513 0.8342 0.4910
vn -0.2563 0.8314 0.4930
vn -0.2640 0.8348 0.4831
vn -0.2129 0.9525 0.2175
vn -0.1802 0.9757 0.1249
vn -0.2910 0.5120 0.8082
vn -0.2590 0.8390 0.4786
vn -0.2365 0.9300 0.2813
vn -0.2534 0.9497 0.1843
vn -0.2484 0.8504 0.4638
vn -0.2139 0.9401 0.2654
vn -0.1936 0.9541 0.2287
vn -0.2489 0.9342 0.2556
vn -0.2042 0.9451 0.2550
vn -0.1767 0.9664 0.1864
vn -0.1960 0.9462 0.2575
vn -0.1773 0.9764 0.1231
vn -0.1705 0.9560 0.2389
vn -0.2273 0.9664 0.1197
vn -0.1470 0.9737 0.1743
vn -0.2104 0.9705 0.1179
vn -0.1607 0.9679 0.1932
vn -0.1896 0.9638 0.1877
vn -0.1223 0.9770 0.1749
vn -0.2037 0.9696 0.1357
vn 0.2373 -0.9077 -0.3461
vn 0.2177 -0.9237 -0.3152
vn 0.2480 -0.9041 -0.3479
vn 0.2416 -0.9188 -0.3123
vn 0.2392 -0.9302 -0.2783
vn 0.2835 -0.6702 -0.6859
vn 0.2789 -0.6739 -0.6841
vn 0.2850 -0.6723 -0.6832
vn 0.2810 -0.6744 -0.6828
vn 0.2842 -0.6798 -0.6761
vn 0.2781 -0.3522 -0.8936
vn 0.2914 -0.3572 -0.8874
vn 0.2757 -0.3680 -0.8880
vn 0.2859 -0.3626 -0.8870
vn 0.2852 -0.3418 -0.8955
vn 0.2720 -0.2445 -0.9307
vn 0.2939 -0.2375 -0.9259
vn 0.2576 -0.2514 -0.9330
vn 0.2812 -0.2347 -0.9305
vn 0.2950 -0.1978 -0.9348
vn 0.2653 -0.1728 -0.9486
vn 0.2526 -0.1812 -0.9504
vn 0.2757 -0.1420 -0.9507
vn 0.2649 -0.1845 -0.9465
vn 0.2509 -0.0600 -0.9662
vn 0.2633 -0.0704 -0.9621
vn 0.3067 -0.1719 -0.9361
vn 0.2408 -0.0593 -0.9688
vn 0.2246 -0.0999 -0.9693
vn 0.2738 -0.1685 -0.9469
vn 0.2877 -0.1083 -0.9516
vn 0.2544 -0.1942 -0.9474
vn 0.2835 -0.1336 -0.9496
vn 0.2736 -0.3549 -0.8940
vn 0.2179 -0.1912 -0.9571
vn 0.2441 -0.2168 -0.9452
vn 0.2959 -0.6922 -0.6583
vn 0.2806 -0.3801 -0.8814
vn 0.2554 -0.9283 -0.2701
vn 0.2934 -0.7146 -0.6350
vn 0.2160 -0.9764 -0.0053
vn 0.2533 -0.9360 -0.2442
vn 0.1542 -0.9871 0.0437
vn 0.1596 -0.9868 0.0290
vn 0.1486 -0.9880 -0.0424
vn 0.1426 -0.9894 0.0267
vn 0.1425 -0.9888 0.0449
vn 0.2130 -0.9564 -0.2000
vn 0.1964 -0.9611 -0.1940
vn 0.2817 -0.7330 -0.6192
vn 0.2749 -0.7361 -0.6186
vn 0.1987 -0.9619 -0.1878
vn 0.2739 -0.7276 -0.6289
vn 0.1512 -0.9882 -0.0237
vn 0.1866 -0.9795 -0.0755
vn 0.2024 -0.9616 -0.1853
vn 0.2760 -0.7250 -0.6310
vn 0.2041 -0.9741 -0.0971
vn 0.2234 -0.9520 -0.2091
vn 0.2830 -0.7297 -0.6224
vn 0.2313 -0.9659 -0.1160
vn 0.2449 -0.9381 -0.2449
vn 0.2942 -0.7379 -0.6074
vn 0.2001 -0.9745 -0.1013
vn 0.2502 -0.9357 -0.2488
vn 0.2885 -0.7578 -0.5852
vn 0.2207 -0.9525 -0.2100
vn 0.2183 0.0105 -0.9758
vn 0.2326 -0.0304 -0.9721
vn 0.2203 -0.0075 -0.9754
vn 0.2591 -0.0344 -0.9652
vn 0.2256 0.1010 -0.9690
vn 0.2541 -0.0179 -0.9670
vn 0.2292 -0.0797 -0.9701
vn 0.2326 0.0733 -0.9698
vn 0.2589 -0.0049 -0.9659
vn 0.1725 0.3958 -0.9020
vn 0.1779 0.3818 -0.9070
vn 0.2394 0.1214 -0.9633
vn 0.1716 0.4108 -0.8954
vn 0.2268 -0.0424 -0.9730
vn 0.2325 0.1104 -0.9663
vn 0.1667 0.4093 -0.8971
vn 0.2272 -0.0283 -0.9734
vn 0.1642 0.3975 -0.9028
vn 0.2166 -0.0171 -0.9761
vn 0.2159 0.1144 -0.9697
vn 0.2207 -0.0341 -0.9748
vn 0.2371 0.0107 -0.9714
vn 0.2203 0.0052 -0.9754
vn 0.2297 -0.0158 -0.9731
vn 0.2449 0.0291 -0.9691
vn 0.2337 -0.0287 -0.9719
vn 0.2374 0.0138 -0.9713
vn 0.2273 0.0029 -0.9738
vn 0.2415 -0.0422 -0.9695
vn 0.2595 -0.0845 -0.9620
vn 0.2576 -0.1099 -0.9600
vn 0.2622 -0.0690 -0.9626
vn 0.2405 0.0514 -0.9693
vn 0.2570 -0.0947 -0.9618
vn 0.2187 0.0341 -0.9752
vn 0.2746 -0.2196 -0.9362
vn 0.2400 -0.1128 -0.9642
vn 0.1753 -0.0099 -0.9845
vn 0.2606 -0.2403 -0.9351
vn 0.2658 -0.2314 -0.9358
vn 0.2109 -0.0769 -0.9745
vn 0.1863 -0.0201 -0.9823
vn 0.2634 -0.2099 -0.9416
vn 0.2889 -0.4404 -0.8500
vn 0.1895 -0.0321 -0.9814
vn 0.2924 -0.0205 -0.9561
vn 0.2378 -0.1830 -0.9539
vn 0.2349 -0.0419 -0.9711
vn 0.2996 -0.1080 -0.9479
vn 0.2262 -0.1504 -0.9624
vn 0.2867 -0.4391 -0.8515
vn 0.2751 -0.7711 -0.5741
vn 0.2835 -0.4600 -0.8414
vn 0.2818 -0.7739 -0.5671
vn 0.2331 -0.9515 -0.2009
vn 0.2875 -0.7871 -0.5458
vn 0.2894 -0.4766 -0.8302
vn 0.2821 -0.2066 -0.9369
vn 0.2076 -0.9723 -0.1075
vn 0.2394 -0.9500 -0.2005
vn 0.1652 -0.9778 -0.1289
vn 0.2699 -0.8091 -0.5220
vn 0.2031 -0.9582 -0.2015
vn 0.1855 -0.9663 -0.1782
vn 0.2950 -0.4736 -0.8299
vn 0.1986 -0.9565 -0.2138
vn 0.2616 -0.8089 -0.5266
vn 0.2790 -0.2156 -0.9358
vn 0.2985 -0.4655 -0.8332
vn 0.2715 -0.7912 -0.5480
vn 0.2655 -0.1121 -0.9576
vn 0.2800 -0.2256 -0.9331
vn 0.2949 -0.4659 -0.8342
vn 0.2553 -0.0347 -0.9662
vn 0.2727 -0.1037 -0.9565
vn 0.2812 -0.2216 -0.9337
vn 0.2443 -0.0068 -0.9697
vn 0.2631 -0.0312 -0.9643
vn 0.2759 -0.0950 -0.9565
vn 0.2374 -0.0016 -0.9714
vn 0.2539 -0.0255 -0.9669
vn 0.2649 -0.0447 -0.9632
vn 0.2765 -0.0898 -0.9568
vn 0.2810 -0.2068 -0.9372
vn 0.2902 -0.4650 -0.8364
vn 0.2724 -0.7805 -0.5627
vn 0.1975 -0.9532 -0.2291
vn 0.1744 -0.9653 -0.1942
vn 0.2097 -0.9376 -0.2773
vn 0.2722 -0.7793 -0.5645
vn 0.2867 -0.4586 -0.8411
vn 0.2370 -0.9221 -0.3057
vn 0.1690 -0.9665 -0.1933
vn 0.1767 -0.9582 -0.2250
vn 0.1844 -0.9598 -0.2115
vn 0.1962 -0.9583 -0.2077
vn 0.2282 -0.9446 -0.2361
vn 0.2386 -0.9343 -0.2651
vn 0.2651 -0.9379 -0.2239
vn 0.2724 -0.9378 -0.2153
vn 0.2287 -0.9642 -0.1339
vn 0.2650 -0.7905 -0.5522
vn 0.2032 -0.9628 -0.1781
vn 0.2595 -0.7948 -0.5486
vn 0.2895 -0.4405 -0.8498
vn 0.2826 -0.1878 -0.9407
vn 0.1722 -0.9762 -0.1321
vn 0.2631 -0.7848 -0.5612
vn 0.2944 -0.4224 -0.8573
vn 0.2880 -0.1634 -0.9436
vn 0.2905 -0.0642 -0.9547
vn 0.3301 -0.0989 -0.9388
vn 0.3352 0.0076 -0.9421
vn 0.3382 -0.3644 -0.8677
vn 0.3227 -0.7359 -0.5953
vn 0.4345 0.0198 -0.9005
vn 0.4477 -0.2370 -0.8622
vn 0.2503 -0.9484 -0.1948
vn 0.4781 -0.5727 -0.6659
vn 0.6106 -0.1783 -0.7716
vn 0.5897 0.1574 -0.7921
vn 0.5701 0.2709 -0.7756
vn 0.4307 0.1213 -0.8943
vn 0.5789 0.2605 -0.7726
vn 0.4382 0.1277 -0.8897
vn 0.5856 0.2581 -0.7684
vn 0.3485 0.0354 -0.9366
vn 0.4443 0.1191 -0.8879
vn 0.4492 0.1143 -0.8861
vn 0.3529 0.0439 -0.9346
vn 0.2990 -0.0284 -0.9538
vn 0.4517 0.1151 -0.8847
vn 0.3475 0.0397 -0.9368
vn 0.2702 -0.0571 -0.9611
vn 0.3021 0.0039 -0.9533
vn 0.2917 0.0266 -0.9561
vn 0.2546 -0.0430 -0.9661
vn 0.2682 -0.0318 -0.9628
vn 0.2671 0.0207 -0.9634
vn 0.2491 -0.0029 -0.9685
vn 0.2394 -0.0077 -0.9709
vn 0.2360 0.0723 -0.9691
vn 0.2154 0.0672 -0.9742
vn 0.2390 0.0662 -0.9688
vn 0.2549 0.0525 -0.9655
vn 0.2632 0.0620 -0.9627
vn 0.2472 0.0627 -0.9669
vn 0.2114 0.0357 -0.9767
vn 0.2358 0.0354 -0.9711
vn 0.2273 0.1272 -0.9655
vn 0.2501 0.1158 -0.9613
vn 0.2401 0.0860 -0.9669
vn 0.2080 0.0731 -0.9754
vn 0.1643 0.3949 -0.9039
vn 0.1625 0.4008 -0.9016
vn 0.1722 0.3944 -0.9027
vn 0.1721 0.3790 -0.9093
vn 0.0277 0.7834 -0.6209
vn 0.0254 0.7793 -0.6262
vn 0.0331 0.7755 -0.6305
vn 0.0342 0.7776 -0.6279
vn -0.1033 0.9698 -0.2208
vn 0.0419 0.7770 -0.6280
vn -0.0926 0.9643 -0.2481
vn -0.0965 0.9616 -0.2568
vn -0.0995 0.9711 -0.2171
vn -0.1611 0.9869 -0.0058
vn -0.1673 0.9856 0.0232
vn -0.1057 0.9717 -0.2110
vn -0.1575 0.9872 -0.0240
vn -0.1515 0.9876 -0.0412
vn -0.1068 0.9723 -0.2081
vn -0.1425 0.9897 -0.0119
vn 0.0307 0.7833 -0.6208
vn 0.1558 0.3820 -0.9109
vn -0.1415 0.9893 0.0360
vn -0.0826 0.9719 -0.2205
vn 0.0343 0.7870 -0.6160
vn 0.2200 0.0912 -0.9712
vn 0.2448 0.0230 -0.9693
vn 0.2299 0.1021 -0.9678
vn 0.2701 0.0177 -0.9627
vn 0.2521 0.0124 -0.9676
vn 0.3400 0.0362 -0.9397
vn 0.4485 0.1069 -0.8874
vn 0.3290 0.0435 -0.9433
vn 0.4213 0.1716 -0.8905
vn 0.2322 0.1136 -0.9660
vn 0.2958 0.1314 -0.9462
vn 0.2190 0.4041 -0.8881
vn 0.1977 -0.9631 -0.1827
vn 0.1604 -0.9807 -0.1119
vn 0.2005 -0.9752 -0.0939
vn 0.2632 -0.0501 -0.9634
vn 0.2883 -0.0361 -0.9569
vn 0.2743 -0.0292 -0.9612
vn 0.2688 -0.0250 -0.9629
vn 0.1335 -0.9718 -0.1946
vn 0.2613 -0.1186 -0.9579
vn 0.2691 -0.1101 -0.9568
vn 0.2834 -0.0563 -0.9573
vn 0.2847 -0.1048 -0.9529
vn 0.3024 -0.0429 -0.9522
vn 0.3035 -0.1922 -0.9333
vn 0.2656 -0.0778 -0.9609
vn 0.3160 -0.1733 -0.9328
vn 0.2991 -0.4788 -0.8254
vn 0.2937 -0.0632 -0.9538
vn 0.2757 -0.0741 -0.9584
vn 0.2812 -0.1308 -0.9507
vn 0.3108 -0.4485 -0.8380
vn 0.2391 -0.8520 -0.4658
vn 0.2963 -0.1952 -0.9349
vn 0.2171 -0.8387 -0.4995
vn 0.1485 -0.9740 -0.1713
vn 0.3056 -0.4334 -0.8478
vn 0.2775 -0.2285 -0.9331
vn 0.1000 -0.9654 -0.2408
vn 0.2438 -0.7727 -0.5861
vn 0.1030 -0.9725 -0.2090
vn 0.1018 -0.9740 -0.2026
vn 0.0857 -0.9808 -0.1752
vn 0.1619 -0.9407 -0.2983
vn 0.2938 -0.4180 -0.8596
vn 0.2749 -0.7069 -0.6517
vn 0.2931 -0.2354 -0.9267
vn 0.2973 -0.3886 -0.8721
vn 0.2764 -0.6872 -0.6718
vn 0.2198 -0.9253 -0.3092
vn 0.1481 -0.9886 -0.0279
vn 0.1496 -0.9864 -0.0683
vn 0.1774 -0.9838 -0.0241
vn 0.1151 -0.9932 -0.0186
vn 0.1389 -0.9871 -0.0795
vn 0.1577 -0.9858 -0.0581
vn 0.1403 -0.9858 -0.0920
vn 0.1861 -0.9744 -0.1260
vn 0.1347 -0.9904 -0.0317
vn 0.0947 -0.9942 -0.0516
vn 0.1205 -0.9812 -0.1506
vn 0.1055 -0.9944 -0.0106
vn 0.1513 -0.9871 -0.0531
vn 0.1464 -0.9858 -0.0825
vn 0.1580 -0.9859 -0.0550
vn 0.2019 -0.9673 -0.1534
vn 0.1195 -0.9927 -0.0139
vn 0.1628 -0.9851 -0.0562
vn 0.1168 -0.9931 0.0083
vn 0.1367 -0.9906 -0.0041
vn 0.1503 -0.9886 -0.0092
vn 0.1479 -0.9889 -0.0116
vn 0.1726 -0.9849 -0.0110
vn 0.1793 -0.9829 -0.0427
vn 0.1543 -0.9879 -0.0150
vn 0.1579 -0.9874 -0.0063
vn 0.1303 -0.9913 -0.0185
vn 0.1737 -0.9848 0.0060
vn 0.1416 -0.9869 -0.0771
vn 0.1759 -0.9844 -0.0037
vn 0.1895 -0.9814 -0.0301
vn 0.1601 -0.9833 -0.0863
vn 0.1850 -0.9797 -0.0774
vn 0.2134 -0.9304 -0.2982
vn 0.1695 -0.9804 -0.1003
vn 0.1474 -0.9890 -0.0103
vn 0.1637 -0.9865 0.0082
vn 0.1847 -0.9826 -0.0184
vn 0.1404 -0.9889 0.0486
vn 0.1770 -0.9841 0.0134
vn 0.1564 -0.9876 0.0097
vn 0.1640 -0.9860 0.0310
vn 0.1981 -0.9783 -0.0612
vn 0.1907 -0.9808 -0.0416
vn 0.1915 -0.9795 -0.0619
vn 0.1837 -0.9821 -0.0411
vn 0.2004 -0.9783 -0.0529
vn 0.1954 -0.9793 -0.0532
vn 0.1831 -0.9815 -0.0561
vn 0.1267 -0.9779 0.1664
vn 0.1459 -0.9799 0.1363
vn 0.1477 -0.9839 0.1010
vn 0.1397 -0.9881 0.0635
vn 0.0939 -0.9593 0.2662
vn 0.0936 -0.9553 0.2804
vn -0.0083 -0.8213 0.5704
vn -0.0156 -0.8097 0.5866
vn 0.0035 -0.8266 0.5628
vn 0.0973 -0.9668 0.2363
vn -0.0226 -0.7940 0.6075
vn 0.0857 -0.9676 0.2376
vn -0.0371 -0.7761 0.6295
vn 0.0939 -0.9669 0.2374
vn -0.0380 -0.7697 0.6372
vn 0.1712 -0.9852 0.0050
vn 0.1233 -0.9721 0.1996
vn -0.0237 -0.7815 0.6234
vn 0.1399 -0.9749 0.1730
vn -0.0154 -0.8062 0.5914
vn 0.1923 -0.9811 -0.0231
vn 0.1909 -0.9801 -0.0548
vn 0.1388 -0.9760 0.1677
vn 0.1713 -0.9851 -0.0160
vn 0.1505 -0.9874 0.0498
vn 0.1611 -0.9868 0.0146
vn 0.1547 -0.9876 0.0287
vn 0.1751 -0.9845 -0.0100
vn 0.1467 -0.9881 0.0467
vn 0.1574 -0.9873 0.0237
vn 0.1506 -0.9875 0.0468
vn 0.1783 -0.9840 0.0017
vn 0.1739 -0.9843 0.0305
vn 0.1434 -0.9781 0.1510
vn 0.0118 -0.8464 0.5325
vn 0.1799 -0.9831 0.0344
vn 0.1396 -0.9799 0.1427
vn 0.0175 -0.8530 0.5216
vn 0.1685 -0.9807 0.0996
vn 0.1819 -0.9832 0.0138
vn 0.0301 -0.8652 0.5006
vn 0.1928 -0.9808 0.0304
vn 0.0449 -0.8869 0.4598
vn 0.2398 -0.9687 -0.0634
vn 0.2026 -0.9776 -0.0567
vn 0.1632 -0.9851 0.0536
vn 0.0337 -0.8968 0.4412
vn 0.2350 -0.9674 -0.0945
vn 0.2368 -0.9708 -0.0389
vn 0.1269 -0.9852 0.1148
vn 0.0085 -0.8793 0.4763
vn 0.1390 -0.9903 -0.0018
vn 0.2190 -0.9757 -0.0072
vn 0.0948 -0.9861 0.1364
vn -0.0103 -0.8466 0.5321
vn 0.1266 -0.9897 0.0670
vn 0.1015 -0.9935 0.0515
vn 0.1104 -0.9916 0.0675
vn 0.1403 -0.9894 0.0363
vn 0.0597 -0.9809 0.1850
vn -0.0280 -0.8177 0.5749
vn 0.0454 -0.9654 0.2568
vn 0.0709 -0.9964 0.0458
vn 0.1699 -0.9848 0.0350
vn 0.0612 -0.9607 0.2707
vn -0.0479 -0.7734 0.6321
vn 0.0525 -0.9926 0.1092
vn 0.0922 -0.9957 0.0104
vn 0.0677 -0.9668 0.2464
vn -0.0411 -0.7516 0.6583
vn 0.1027 -0.9859 0.1324
vn 0.0539 -0.9985 0.0048
vn 0.0866 -0.9674 0.2382
vn -0.0385 -0.7456 0.6653
vn 0.1199 -0.9867 0.1099
vn 0.0992 -0.9941 0.0446
vn 0.1170 -0.9662 0.2299
vn -0.0317 -0.7629 0.6457
vn 0.1317 -0.9886 0.0737
vn 0.1336 -0.9875 0.0838
vn -0.2124 0.9751 0.0634
vn -0.1634 0.9648 0.2061
vn -0.1744 0.9774 0.1198
vn -0.1477 0.9741 0.1713
vn -0.2179 0.9754 0.0332
vn -0.2174 0.9756 0.0289
vn -0.2373 0.9669 0.0935
vn -0.2083 0.9769 0.0471
vn -0.2188 0.9753 0.0298
vn -0.2306 0.9723 0.0393
vn -0.1982 0.9802 -0.0036
vn -0.1970 0.9791 0.0509
vn -0.1274 0.9802 0.1519
vn -0.1937 0.9807 0.0253
vn -0.2300 0.9680 0.1002
vn -0.2196 0.9740 0.0551
vn -0.2320 0.9624 0.1412
vn -0.2185 0.9749 0.0435
vn -0.2435 0.9280 0.2820
vn -0.2291 0.9615 0.1520
vn -0.1953 0.9803 0.0293
vn -0.2531 0.9097 0.3293
vn -0.2249 0.9632 0.1475
vn -0.1989 0.9796 0.0280
vn -0.2082 0.9682 0.1385
vn -0.2667 0.8913 0.3668
vn -0.2677 0.8817 0.3885
vn -0.2594 0.8812 0.3953
vn -0.1811 0.9777 0.1060
vn -0.2908 0.7104 0.6410
vn -0.2511 0.8858 0.3903
vn -0.1644 0.9838 0.0714
vn -0.2918 0.6918 0.6605
vn -0.2917 0.6767 0.6760
vn -0.2384 0.8956 0.3755
vn -0.1503 0.9878 0.0416
vn -0.2917 0.6693 0.6834
vn -0.2341 0.9052 0.3546
vn -0.1578 0.9871 0.0269
vn -0.2900 0.6730 0.6804
vn -0.2879 0.3539 0.8899
vn -0.2920 0.3488 0.8906
vn -0.2839 0.3647 0.8868
vn -0.2712 0.1727 0.9469
vn -0.2816 0.3856 0.8787
vn -0.2644 0.1815 0.9472
vn -0.2582 0.1896 0.9473
vn -0.2839 0.3996 0.8716
vn -0.2716 0.1672 0.9478
vn -0.2822 0.7314 0.6208
vn -0.2763 0.7493 0.6019
vn -0.2896 0.3883 0.8748
vn -0.2761 0.1536 0.9488
vn -0.2767 0.1374 0.9511
vn -0.2821 0.3942 0.8747
vn -0.2849 0.7547 0.5910
vn -0.2510 0.1885 0.9495
vn -0.2513 0.1261 0.9596
vn -0.2496 0.2021 0.9470
vn -0.2764 0.1458 0.9499
vn -0.2560 0.1642 0.9526
vn -0.2866 0.0786 0.9548
vn -0.2817 0.1211 0.9518
vn -0.2623 0.1632 0.9511
vn -0.2608 0.1587 0.9523
vn -0.2690 0.1591 0.9499
vn -0.2640 0.1645 0.9504
vn -0.2680 0.0868 0.9595
vn -0.2775 0.1678 0.9460
vn -0.2682 0.1455 0.9523
vn -0.2955 0.3465 0.8903
vn -0.2798 0.1653 0.9457
vn -0.2938 0.6790 0.6728
vn -0.3037 0.3469 0.8874
vn -0.2345 0.9147 0.3292
vn -0.2962 0.6886 0.6619
vn -0.2295 0.9238 0.3064
vn -0.1742 0.9836 0.0472
vn -0.2299 0.9288 0.2908
vn -0.2921 0.7050 0.6462
vn 0.1510 -0.9546 -0.2569
vn 0.2988 -0.7236 -0.6222
vn 0.1870 -0.9358 -0.2988
vn 0.0428 -0.9990 -0.0144
vn 0.3294 -0.3910 -0.8594
vn 0.3439 -0.3739 -0.8614
vn 0.2892 -0.7394 -0.6080
vn 0.3303 -0.0944 -0.9391
vn 0.3387 -0.0955 -0.9360
vn 0.3390 -0.0730 -0.9380
vn 0.3297 0.0004 -0.9441
vn 0.3193 0.0119 -0.9476
vn 0.3340 -0.0189 -0.9424
vn 0.3274 -0.0046 -0.9449
vn 0.3290 -0.0111 -0.9443
vn 0.3214 -0.0971 -0.9420
vn 0.3124 -0.0143 -0.9498
vn 0.3016 -0.0334 -0.9529
vn 0.3224 -0.4005 -0.8577
vn 0.3060 -0.1217 -0.9442
vn 0.2706 -0.0647 -0.9605
vn 0.2612 -0.1026 -0.9598
vn 0.3009 -0.0835 -0.9500
vn 0.2823 -0.0423 -0.9584
vn 0.2821 -0.0505 -0.9581
vn 0.3095 -0.0653 -0.9487
vn 0.2788 -0.0633 -0.9583
vn 0.2963 -0.0233 -0.9548
vn 0.2858 -0.0155 -0.9582
vn 0.3009 -0.1552 -0.9410
vn 0.2844 -0.0563 -0.9571
vn 0.2765 -0.0321 -0.9605
vn 0.2910 -0.1891 -0.9379
vn 0.3180 -0.4080 -0.8558
vn 0.3153 -0.4223 -0.8498
vn 0.2681 -0.7617 -0.5899
vn 0.2691 -0.7680 -0.5812
vn 0.2230 -0.9163 -0.3325
vn 0.2046 -0.9302 -0.3048
vn 0.0732 -0.9953 -0.0630
vn 0.1469 -0.9804 -0.1310
vn 0.1791 -0.9728 -0.1467
vn 0.1950 -0.9459 -0.2594
vn 0.2685 -0.7740 -0.5734
vn 0.3043 -0.4531 -0.8379
vn 0.2720 -0.7893 -0.5504
vn 0.2843 -0.2024 -0.9371
vn 0.2973 -0.4726 -0.8296
vn 0.2734 -0.0225 -0.9616
vn 0.2714 -0.8017 -0.5326
vn 0.2917 -0.2029 -0.9347
vn 0.2993 -0.4854 -0.8215
vn 0.2926 -0.2050 -0.9340
vn 0.2578 -0.8184 -0.5136
vn 0.2963 -0.4907 -0.8194
vn 0.2051 -0.9561 -0.2092
vn 0.2578 -0.8290 -0.4962
vn 0.1923 -0.9707 -0.1439
vn -0.1906 0.9802 0.0532
vn -0.1568 0.9816 0.1088
vn -0.2357 0.9692 0.0719
vn -0.2094 0.9774 -0.0280
vn -0.2089 0.9775 -0.0293
vn -0.2459 0.9662 0.0776
vn -0.1854 0.9775 0.1003
vn -0.1599 0.9844 0.0731
vn -0.1330 0.9626 0.2360
vn -0.1613 0.9484 0.2731
vn -0.2009 0.9772 0.0688
vn -0.2060 0.9665 0.1530
vn -0.1353 0.9505 0.2799
vn -0.1667 0.9491 0.2671
vn -0.0946 0.9860 0.1375
vn -0.1145 0.9923 0.0479
vn -0.1501 0.9879 0.0386
vn -0.1231 0.9855 0.1167
vn -0.1680 0.9829 0.0759
vn -0.1467 0.9866 0.0721
vn -0.1156 0.9653 0.2343
vn -0.1444 0.9795 0.1403
vn -0.1484 0.9562 0.2522
vn -0.1452 0.9599 0.2397
vn -0.1994 0.9707 0.1342
vn -0.1692 0.9526 0.2528
vn -0.1735 0.9699 0.1707
vn -0.2354 0.8204 0.5210
vn -0.2452 0.8091 0.5341
vn -0.3109 0.4728 0.8245
vn -0.2409 0.8151 0.5269
vn -0.1179 0.9846 0.1287
vn -0.3085 0.4683 0.8280
vn -0.3042 0.4736 0.8265
vn -0.3191 0.2205 0.9217
vn -0.3231 0.2001 0.9250
vn -0.3197 0.1662 0.9328
vn -0.3303 -0.0148 0.9438
vn -0.3408 0.0233 0.9398
vn -0.3529 -0.0731 0.9328
vn -0.3519 -0.0247 0.9357
vn -0.3351 -0.0190 0.9420
vn 0.2848 -0.4378 -0.8528
vn 0.2731 -0.4134 -0.8686
vn 0.2680 -0.3735 -0.8881
vn 0.2837 -0.3486 -0.8933
vn 0.2544 -0.1489 -0.9556
vn 0.2921 -0.3589 -0.8865
vn 0.2868 -0.1781 -0.9413
vn 0.2918 -0.3766 -0.8792
vn 0.2789 -0.1963 -0.9401
vn 0.2951 -0.1619 -0.9416
vn 0.2838 -0.1862 -0.9406
vn 0.2904 -0.3844 -0.8763
vn 0.2829 -0.2026 -0.9375
vn 0.2544 -0.1628 -0.9533
vn 0.2882 -0.1278 -0.9490
vn 0.2860 -0.1485 -0.9467
vn 0.2121 -0.1803 -0.9605
vn 0.2925 -0.1049 -0.9505
vn 0.2948 -0.0795 -0.9523
vn 0.2229 -0.1493 -0.9633
vn 0.3007 -0.0716 -0.9510
vn 0.2325 -0.1146 -0.9658
vn 0.2964 -0.0742 -0.9522
vn 0.2292 -0.0617 -0.9714
vn 0.2872 -0.0354 -0.9572
vn 0.2860 -0.0703 -0.9556
vn 0.2348 -0.1167 -0.9650
vn 0.2744 -0.1073 -0.9556
vn 0.3342 -0.0637 -0.9403
vn 0.2707 -0.0631 -0.9606
vn 0.2546 -0.0636 -0.9649
vn 0.2755 0.0073 -0.9613
vn 0.3356 0.0076 -0.9420
vn 0.2906 0.0383 -0.9561
vn 0.2786 0.0563 -0.9588
vn 0.3217 0.0920 -0.9423
vn 0.2639 -0.0010 -0.9645
vn 0.3011 0.1061 -0.9477
vn 0.2259 -0.0104 -0.9741
vn 0.2446 0.1048 -0.9639
vn 0.2149 0.0703 -0.9741
vn 0.2611 0.1201 -0.9578
vn 0.2770 0.0994 -0.9557
vn 0.2913 0.0412 -0.9557
vn 0.2258 0.2034 -0.9527
vn 0.2349 0.1753 -0.9561
vn 0.2422 0.1226 -0.9625
vn 0.3033 0.0695 -0.9504
vn 0.2081 0.1853 -0.9604
vn 0.1736 0.3878 -0.9052
vn 0.1656 0.3979 -0.9024
vn 0.1725 0.3772 -0.9099
vn 0.0278 0.7596 -0.6498
vn 0.0440 0.7445 -0.6662
vn 0.1683 0.3737 -0.9122
vn 0.0502 0.7515 -0.6578
vn 0.0125 0.7862 -0.6178
vn -0.0710 0.9481 -0.3100
vn -0.1133 0.9593 -0.2586
vn -0.1356 0.9676 -0.2130
vn -0.2055 0.9779 0.0375
vn -0.2370 0.9616 0.1383
vn -0.2104 0.9703 0.1193
vn -0.2785 0.9163 0.2878
vn -0.1417 0.9717 -0.1888
vn -0.1814 0.9828 0.0359
vn 0.1585 0.3981 -0.9035
vn 0.2082 0.1621 -0.9646
vn 0.1640 0.3942 -0.9043
vn 0.0087 0.8044 -0.5940
vn -0.1521 0.9763 -0.1539
vn 0.2237 0.0699 -0.9722
vn 0.2195 0.1628 -0.9619
vn 0.1660 0.3935 -0.9042
vn 0.0084 0.8134 -0.5817
vn 0.2400 0.0108 -0.9707
vn 0.2369 0.0823 -0.9680
vn 0.2154 0.1507 -0.9648
vn 0.1588 0.3851 -0.9091
vn 0.2545 -0.0567 -0.9654
vn 0.2465 0.0177 -0.9690
vn 0.2191 0.0607 -0.9738
vn 0.2714 -0.1197 -0.9550
vn 0.2570 -0.0527 -0.9650
vn 0.2691 -0.0965 -0.9583
vn 0.2207 -0.0090 -0.9753
vn 0.2167 -0.0993 -0.9712
vn 0.2077 -0.1247 -0.9702
vn 0.2428 -0.0931 -0.9656
vn 0.2443 -0.1092 -0.9635
vn 0.2323 -0.0102 -0.9726
vn 0.2193 0.0537 -0.9742
vn 0.2723 -0.0916 -0.9578
vn 0.2804 -0.0820 -0.9564
vn 0.2532 0.0185 -0.9672
vn 0.2248 0.0769 -0.9714
vn 0.2845 -0.1199 -0.9512
vn 0.2822 -0.0691 -0.9569
vn 0.2542 0.0465 -0.9660
vn 0.2220 0.1154 -0.9682
vn 0.3651 0.0360 -0.9303
vn 0.3629 -0.0024 -0.9318
vn 0.3557 0.0418 -0.9337
vn 0.3690 0.0629 -0.9273
vn 0.3597 -0.0683 -0.9306
vn 0.3618 -0.0589 -0.9304
vn 0.3668 -0.0103 -0.9302
vn 0.3975 0.0450 -0.9165
vn 0.3544 -0.1273 -0.9264
vn 0.3510 -0.1156 -0.9292
vn 0.3616 -0.0410 -0.9314
vn 0.3522 -0.1046 -0.9301
vn 0.3826 0.0081 -0.9239
vn 0.3655 -0.0188 -0.9306
vn 0.3547 -0.0966 -0.9300
vn 0.3335 -0.3351 -0.8812
vn 0.3644 0.0012 -0.9312
vn 0.2530 -0.7030 -0.6646
vn 0.3555 -0.0879 -0.9306
vn 0.3333 -0.3318 -0.8825
vn 0.1357 -0.9363 -0.3238
vn 0.2521 -0.7121 -0.6553
vn 0.0455 -0.9980 -0.0438
vn 0.1285 -0.9549 -0.2677
vn 0.0532 -0.9986 0.0016
vn 0.2516 -0.7307 -0.6347
vn 0.3301 -0.3338 -0.8830
vn 0.3513 -0.0749 -0.9333
vn 0.1166 -0.9735 -0.1968
vn 0.3596 0.0140 -0.9330
vn 0.3295 -0.3170 -0.8893
vn 0.3486 -0.0497 -0.9359
vn 0.3557 0.0425 -0.9336
vn 0.3580 0.0240 -0.9334
vn 0.3773 0.0402 -0.9252
vn 0.3321 -0.3031 -0.8932
vn 0.3878 0.0571 -0.9200
vn 0.3396 0.0412 -0.9397
vn 0.3454 0.0069 -0.9384
vn 0.3466 -0.0274 -0.9376
vn 0.3501 0.0276 -0.9363
vn 0.3363 -0.0182 -0.9416
vn 0.3473 -0.0253 -0.9374
vn 0.3088 -0.0084 -0.9511
vn 0.0400 0.9722 -0.2306
vn 0.0149 0.9992 -0.0376
vn -0.0573 0.9982 0.0198
vn 0.0615 0.9744 -0.2162
vn 0.2120 0.7517 -0.6244
vn -0.0843 0.9964 -0.0103
vn -0.1371 0.9838 0.1160
vn 0.0379 0.9633 -0.2659
vn -0.1629 0.9820 0.0952
vn -0.2101 0.9527 0.2197
vn -0.0559 0.9948 -0.0855
vn -0.0357 0.9992 -0.0179
vn -0.0969 0.9937 0.0563
vn -0.1811 0.9675 0.1766
vn -0.1890 0.9562 0.2234
vn -0.0325 0.9955 0.0894
vn -0.0188 0.9991 -0.0386
vn -0.0118 0.9999 0.0080
vn 0.0719 0.9941 -0.0809
vn -0.1839 0.9549 0.2333
vn -0.0079 0.9998 -0.0180
vn 0.0048 0.9868 0.1616
vn -0.0550 0.9914 0.1190
vn 0.0532 0.9960 -0.0711
vn -0.1997 0.9453 0.2578
vn -0.0464 0.9631 0.2651
vn -0.0356 0.9959 0.0837
vn -0.0662 0.9647 0.2548
vn -0.1225 0.9707 0.2069
vn -0.1725 0.9544 0.2437
vn -0.1103 0.9726 0.2046
vn -0.2122 0.9461 0.2446
vn -0.0839 0.9887 0.1246
vn -0.0658 0.9971 0.0382
vn -0.1908 0.9657 0.1763
vn -0.1576 0.9648 0.2106
vn -0.0104 0.9971 0.0753
vn -0.0083 0.9922 0.1240
vn -0.0171 0.9994 0.0305
vn -0.0216 0.9965 0.0809
vn -0.0565 0.9980 0.0275
vn -0.1888 0.8613 0.4717
vn -0.2083 0.8319 0.5143
vn -0.3302 0.4302 0.8402
vn -0.3254 0.1614 0.9317
vn -0.3098 0.0391 0.9500
vn -0.3199 0.0192 0.9473
vn -0.3253 0.0083 0.9456
vn -0.3474 0.0039 0.9377
vn -0.3235 -0.0185 0.9460
vn -0.2855 -0.0428 0.9574
vn -0.1508 0.9881 0.0310
vn -0.1647 0.9858 0.0332
vn -0.0844 0.9914 -0.0999
vn -0.1018 0.9893 -0.1048
vn -0.0860 0.9917 -0.0961
vn -0.1577 0.9873 -0.0195
vn -0.1170 0.9917 -0.0524
vn -0.0563 0.9854 -0.1607
vn -0.0570 0.9804 -0.1884
vn -0.1186 0.9904 -0.0713
vn -0.0794 0.9934 -0.0826
vn -0.1019 0.9926 -0.0654
vn -0.0928 0.9916 -0.0901
vn -0.1171 0.9931 -0.0001
vn -0.1234 0.9923 -0.0071
vn -0.1162 0.9907 -0.0702
vn -0.2295 0.9625 0.1448
vn -0.3003 0.9246 0.2346
vn -0.1787 0.9802 0.0852
vn -0.1568 0.9876 -0.0011
vn -0.1002 0.9916 -0.0813
vn -0.1204 0.9894 -0.0812
vn -0.1448 0.9891 -0.0249
vn -0.1235 0.9902 -0.0659
vn -0.1198 0.9908 -0.0627
vn -0.1255 0.9911 -0.0440
vn -0.1702 0.9854 0.0072
vn -0.1954 0.9799 0.0411
vn -0.1999 0.9773 0.0706
vn -0.2013 0.9777 0.0599
vn -0.2463 0.9584 0.1442
vn -0.2263 0.9698 0.0911
vn -0.2688 0.9560 0.1176
vn -0.2969 0.9285 0.2229
vn -0.2517 0.9651 0.0727
vn -0.2585 0.9488 0.1815
vn -0.2416 0.9670 0.0804
vn -0.2237 0.9719 0.0739
vn -0.2247 0.9733 0.0458
vn -0.2098 0.9602 0.1843
vn -0.2385 0.9695 0.0561
vn -0.2435 0.9649 0.0989
vn 0.3887 -0.1362 -0.9112
vn 0.3434 -0.4351 -0.8323
vn 0.2312 -0.7870 -0.5721
vn 0.3834 -0.1265 -0.9149
vn 0.3950 -0.0169 -0.9185
vn 0.3377 -0.4159 -0.8444
vn 0.1345 -0.9335 -0.3325
vn 0.2101 -0.7996 -0.5626
vn 0.1243 -0.9260 -0.3564
vn 0.0802 -0.9584 -0.2739
vn 0.2070 -0.7964 -0.5682
vn 0.1137 -0.9355 -0.3344
vn 0.0268 -0.9908 -0.1324
vn 0.1070 -0.9477 -0.3008
vn 0.2297 -0.7618 -0.6058
vn 0.0585 -0.9899 -0.1293
vn 0.0222 -0.9915 -0.1286
vn -0.0166 -0.9998 -0.0069
vn 0.0476 -0.9844 -0.1696
vn 0.3616 -0.3388 -0.8686
vn 0.3602 -0.3592 -0.8609
vn 0.3830 -0.1023 -0.9180
vn 0.3460 -0.3870 -0.8547
vn 0.3895 -0.0959 -0.9160
vn 0.3890 -0.1061 -0.9151
vn 0.3981 -0.0091 -0.9173
vn 0.3895 -0.0111 -0.9209
vn 0.3966 -0.0013 -0.9180
vn 0.3976 0.0044 -0.9175
vn 0.3942 0.0002 -0.9190
vn 0.3915 0.0158 -0.9200
vn 0.3915 0.0024 -0.9202
vn 0.3803 -0.0196 -0.9247
vn 0.3946 0.0102 -0.9188
vn 0.3854 0.0081 -0.9227
vn 0.3917 -0.0083 -0.9200
vn 0.3784 0.0110 -0.9256
vn 0.3745 -0.1125 -0.9204
vn 0.3698 -0.0374 -0.9284
vn 0.3756 -0.1213 -0.9188
vn 0.3727 -0.0574 -0.9262
vn 0.3687 -0.0676 -0.9271
vn 0.3733 -0.0146 -0.9276
vn 0.3671 -0.0131 -0.9301
vn 0.3614 0.0040 -0.9324
vn 0.3829 0.0295 -0.9233
vn 0.3769 -0.0189 -0.9261
vn 0.3685 0.0075 -0.9296
vn 0.3616 -0.0124 -0.9323
vn 0.3854 0.0046 -0.9227
vn 0.3749 -0.0053 -0.9271
vn 0.3747 0.0118 -0.9271
vn 0.3900 0.0195 -0.9206
vn 0.3691 0.0004 -0.9294
vn 0.3676 0.0260 -0.9296
vn 0.3736 0.0445 -0.9265
vn -0.2217 0.9348 0.2776
vn -0.1720 0.9834 0.0573
vn -0.1737 0.9848 0.0058
vn -0.1785 0.9831 0.0413
vn -0.1581 0.9872 -0.0227
vn -0.1615 0.9868 0.0105
vn -0.1667 0.9859 -0.0126
vn -0.1795 0.9828 0.0424
vn -0.2003 0.9780 0.0587
vn -0.1502 0.9884 -0.0240
vn -0.1834 0.9830 -0.0115
vn -0.1543 0.9878 -0.0197
vn -0.2072 0.9732 0.1001
vn -0.1779 0.9835 0.0342
vn -0.1338 0.9892 -0.0596
vn -0.2130 0.9745 0.0706
vn -0.2403 0.9550 0.1739
vn -0.2344 0.9591 0.1588
vn -0.2106 0.9690 0.1293
vn -0.2022 0.9757 0.0846
vn -0.1891 0.9765 0.1033
vn -0.1173 0.9690 -0.2173
vn -0.2346 0.9617 0.1419
vn 0.0372 0.7833 -0.6206
vn -0.1374 0.9786 -0.1529
vn 0.0269 0.7933 -0.6083
vn 0.0169 0.8071 -0.5902
vn -0.1475 0.9825 -0.1137
vn -0.1297 0.9823 -0.1350
vn -0.2141 0.9682 0.1297
vn -0.2423 0.9500 0.1970
vn -0.2101 0.9742 0.0818
vn -0.2428 0.9642 0.1063
vn -0.2337 0.9719 0.0276
vn -0.2531 0.9469 0.1981
vn -0.2617 0.9599 0.1008
vn -0.2358 0.9697 0.0645
vn -0.1940 0.9764 0.0945
vn -0.1613 0.9783 0.1300
vn -0.1276 0.9824 0.1364
vn -0.1253 0.9814 0.1457
vn -0.1170 0.9849 0.1276
vn -0.1386 0.9843 0.1096
vn -0.1744 0.9822 0.0693
vn -0.1739 0.9838 0.0446
vn -0.2020 0.9789 -0.0297
vn -0.2189 0.9727 -0.0775
vn -0.2047 0.9786 -0.0200
vn -0.2334 0.9705 -0.0597
vn -0.1139 0.9920 0.0541
vn -0.2208 0.9748 -0.0308
vn -0.1653 0.9862 0.0061
vn -0.3527 0.0124 0.9357
vn -0.3255 -0.0947 0.9408
vn -0.3256 -0.0788 0.9422
vn -0.3350 -0.1160 0.9351
vn -0.3389 -0.0613 0.9388
vn -0.3619 0.0726 0.9294
vn -0.3588 -0.1059 0.9274
vn -0.3185 -0.1422 0.9372
vn -0.3330 -0.1763 0.9263
vn -0.3619 -0.1708 0.9165
vn -0.3763 -0.1836 0.9081
vn -0.3923 -0.1371 0.9095
vn -0.4017 -0.1107 0.9091
vn -0.3902 -0.1070 0.9145
vn -0.4031 -0.1374 0.9048
vn -0.4011 -0.1013 0.9104
vn -0.3716 -0.0686 0.9259
vn -0.3192 -0.0841 0.9439
vn -0.3285 -0.0665 0.9422
vn -0.3622 0.0224 0.9318
vn -0.3503 -0.0082 0.9366
vn -0.3590 0.1332 0.9238
vn -0.3655 0.1213 0.9229
vn -0.3528 0.2516 0.9012
vn -0.3245 0.4965 0.8051
vn -0.3657 0.2405 0.8991
vn -0.0815 0.7948 0.6014
vn -0.3729 0.2218 0.9010
vn -0.3356 0.4771 0.8123
vn -0.2065 0.8275 0.5221
vn -0.2020 0.8478 0.4903
vn -0.0749 0.9570 0.2803
vn 0.0226 0.9181 0.3957
vn -0.0470 0.9854 0.1639
vn -0.1892 0.8619 0.4705
vn -0.0345 0.9617 0.2721
vn 0.0368 0.9302 0.3651
vn 0.0338 0.9825 0.1834
vn -0.0049 0.9884 0.1516
vn -0.0198 0.9955 0.0932
vn 0.0270 0.9913 0.1289
vn 0.0594 0.9982 0.0007
vn 0.0262 0.9990 0.0367
vn 0.0210 0.9949 0.0987
vn -0.1870 0.8753 0.4460
vn -0.0494 0.9946 0.0911
vn -0.0487 0.9987 0.0146
vn -0.1731 0.8802 0.4419
vn -0.3385 0.4809 0.8088
vn -0.3352 0.4928 0.8030
vn -0.3674 0.1868 0.9111
vn -0.3672 -0.0139 0.9301
vn -0.3661 0.1537 0.9178
vn -0.3674 0.0068 0.9301
vn -0.3624 0.1287 0.9231
vn -0.3235 0.4982 0.8045
vn -0.3262 0.4780 0.8155
vn -0.3328 0.4662 0.8197
vn -0.1770 0.8741 0.4523
vn -0.1940 0.8697 0.4539
vn -0.1981 0.8573 0.4752
vn -0.1979 0.8526 0.4837
vn -0.0465 0.9958 0.0793
vn -0.0529 0.9875 0.1485
vn -0.0476 0.9960 0.0760
vn -0.0120 0.9989 0.0457
vn -0.0773 0.9723 0.2206
vn -0.0254 0.9830 0.1817
vn -0.0821 0.9809 0.1765
vn -0.0781 0.9694 0.2329
vn -0.1096 0.9840 0.1403
vn -0.0361 0.9903 0.1340
vn -0.1196 0.9888 0.0894
vn -0.0907 0.9942 0.0573
vn -0.0143 0.9960 0.0882
vn -0.1176 0.9895 0.0844
vn -0.1182 0.9850 0.1257
vn 0.0002 0.9929 0.1189
vn -0.0395 0.9920 0.1197
vn 0.0155 0.9997 0.0207
vn -0.0465 0.9952 0.0865
vn -0.1026 0.9860 0.1316
vn -0.0615 0.9957 0.0689
vn -0.0488 0.9961 0.0740
vn -0.0886 0.9943 0.0595
vn -0.0599 0.9976 0.0348
vn -0.0260 0.9997 0.0007
vn -0.0064 0.9999 0.0117
vn -0.0250 0.9986 0.0462
vn -0.0038 0.9999 0.0113
vn -0.0067 0.9979 0.0639
vn 0.0218 0.9998 0.0043
vn -0.0189 0.9985 0.0516
vn 0.0453 0.9986 -0.0266
vn 0.0108 0.9996 0.0275
vn 0.0534 0.9889 -0.1386
vn 0.0577 0.9983 -0.0013
vn -0.0097 0.9937 0.1119
vn -0.0265 0.9949 0.0977
vn 0.0586 0.9895 -0.1321
vn 0.2340 0.7971 -0.5567
vn 0.2238 0.8104 -0.5415
vn 0.3534 0.4025 -0.8445
vn 0.2295 0.7914 -0.5665
vn 0.3440 0.3983 -0.8503
vn 0.3721 0.1387 -0.9178
vn 0.3736 0.1193 -0.9199
vn 0.0512 0.9919 -0.1164
vn -0.0427 0.9915 0.1226
vn 0.3810 0.0430 -0.9236
vn 0.3629 0.0396 -0.9310
vn -0.0535 0.9927 0.1082
vn -0.0689 0.9935 0.0905
vn 0.3884 -0.0068 -0.9215
vn -0.0715 0.9956 0.0606
vn 0.3750 0.0260 -0.9267
vn 0.3863 -0.0026 -0.9224
vn 0.3897 0.0266 -0.9206
vn 0.3604 0.0417 -0.9319
vn 0.3709 0.0438 -0.9277
vn 0.3701 0.0168 -0.9289
vn 0.3654 -0.0017 -0.9309
vn -0.1075 0.9903 0.0883
vn -0.1324 0.9773 0.1656
vn -0.0742 0.9846 0.1584
vn -0.0505 0.9985 0.0227
vn -0.0612 0.9978 0.0270
vn -0.0569 0.9934 0.0996
vn -0.0263 0.9952 0.0947
vn -0.0275 0.9993 -0.0247
vn -0.0531 0.9984 -0.0194
vn -0.0777 0.9934 0.0841
vn -0.0548 0.9836 0.1720
vn -0.0846 0.9943 0.0655
vn -0.0562 0.9984 -0.0060
vn -0.1635 0.9865 0.0053
vn -0.0195 0.9997 0.0136
vn -0.0569 0.9983 0.0127
vn -0.1407 0.9842 0.1074
vn -0.1197 0.9771 0.1758
vn -0.1189 0.9907 0.0666
vn -0.1172 0.9919 0.0484
vn -0.1385 0.9817 0.1310
vn -0.1561 0.9554 0.2507
vn -0.0954 0.9910 0.0944
vn -0.0589 0.9977 -0.0336
vn -0.1566 0.9605 0.2302
vn -0.0454 0.9979 -0.0455
vn -0.0218 0.9965 -0.0808
vn -0.0943 0.9954 0.0165
vn 0.2694 -0.1475 -0.9517
vn 0.2650 -0.0809 -0.9608
vn 0.2514 0.0481 -0.9667
vn 0.2239 0.1590 -0.9615
vn 0.2059 0.1561 -0.9660
vn 0.1996 0.1265 -0.9717
vn 0.2063 0.1145 -0.9718
vn 0.2096 0.1236 -0.9699
vn 0.1493 0.3682 -0.9177
vn 0.1469 0.3490 -0.9255
vn 0.1553 0.3383 -0.9281
vn 0.0059 0.7957 -0.6057
vn 0.0051 0.8167 -0.5770
vn 0.0027 0.8106 -0.5856
vn -0.1687 0.9819 -0.0858
vn -0.1722 0.9847 -0.0284
vn -0.1443 0.9888 -0.0382
vn -0.1960 0.9805 -0.0104
vn -0.2209 0.9752 0.0109
vn -0.2257 0.9714 0.0736
vn -0.1215 0.9875 -0.1001
vn -0.1751 0.9827 0.0602
vn -0.1888 0.9739 0.1263
vn -0.1971 0.9796 -0.0400
vn -0.2140 0.9741 -0.0738
vn -0.1683 0.9720 0.1640
vn -0.2151 0.9453 0.2452
vn -0.2996 0.9161 0.2664
vn -0.2382 0.9620 0.1337
vn -0.1080 0.9863 -0.1247
vn -0.0427 0.9515 -0.3048
vn 0.0400 0.7802 -0.6242
vn -0.0734 0.9720 -0.2231
vn 0.0214 0.8056 -0.5921
vn 0.1719 0.3749 -0.9110
vn 0.2513 0.0738 -0.9651
vn 0.2817 -0.0386 -0.9587
vn 0.2498 0.0512 -0.9670
vn 0.1796 0.3778 -0.9083
vn 0.2619 -0.0910 -0.9608
vn 0.2730 -0.0210 -0.9618
vn 0.2404 0.0568 -0.9690
vn 0.2958 0.0427 -0.9543
vn 0.2460 -0.0796 -0.9660
vn 0.2482 -0.0986 -0.9637
vn 0.2343 -0.0125 -0.9721
vn 0.3182 -0.0011 -0.9480
vn 0.2151 -0.0400 -0.9758
vn 0.1976 0.0207 -0.9801
vn 0.2233 -0.0144 -0.9747
vn 0.2266 -0.1138 -0.9673
vn 0.2215 0.0731 -0.9724
vn 0.2269 -0.0393 -0.9731
vn 0.2376 -0.0929 -0.9669
vn 0.2208 0.0466 -0.9742
vn 0.2611 0.1481 -0.9539
vn 0.2285 0.1140 -0.9669
vn 0.2547 0.0903 -0.9628
vn 0.2310 0.0432 -0.9720
vn 0.2564 0.1228 -0.9587
vn 0.2475 0.1765 -0.9527
vn 0.2481 0.0588 -0.9670
vn 0.2396 0.0361 -0.9702
vn 0.2594 0.0900 -0.9616
vn 0.1975 0.4673 -0.8617
vn 0.2262 0.1594 -0.9610
vn 0.2590 -0.0929 -0.9614
vn 0.2290 0.1864 -0.9554
vn 0.2600 -0.0897 -0.9614
vn 0.2626 -0.1615 -0.9513
vn 0.1650 0.3731 -0.9130
vn 0.1861 0.4375 -0.8798
vn -0.0140 0.7908 -0.6120
vn 0.2003 0.4738 -0.8575
vn -0.0102 0.8272 -0.5618
vn 0.0059 0.8727 -0.4882
vn 0.0142 0.9017 -0.4321
vn -0.1110 0.9550 -0.2752
vn -0.1480 0.9465 -0.2866
vn -0.1264 0.9599 -0.2501
vn -0.1037 0.9916 -0.0768
vn -0.1455 0.9671 -0.2086
vn -0.1028 0.9409 -0.3226
vn -0.1170 0.9916 0.0543
vn -0.1034 0.9768 -0.1875
vn 0.0064 0.7837 -0.6211
vn -0.1544 0.9795 0.1296
vn -0.2049 0.9787 -0.0077
vn -0.1715 0.9800 0.1007
vn -0.1083 0.9864 0.1237
vn -0.0796 0.9948 0.0632
vn -0.2030 0.9788 -0.0285
vn -0.1353 0.9908 -0.0015
vn -0.1694 0.9828 0.0741
vn -0.1389 0.9806 0.1380
vn -0.1449 0.9834 0.1087
vn -0.2177 0.9759 0.0120
vn -0.1890 0.9818 0.0196
vn -0.2072 0.9771 0.0475
vn -0.2423 0.9407 0.2374
vn -0.2426 0.9476 0.2077
vn -0.2882 0.7626 0.5791
vn -0.0141 0.9963 -0.0849
vn 0.0363 0.9685 -0.2465
vn -0.0676 0.9973 0.0302
vn 0.0283 0.9699 -0.2418
vn 0.0276 0.9990 -0.0338
vn 0.0190 0.9790 -0.2030
vn 0.1791 0.7404 -0.6479
vn 0.0224 0.9946 -0.1013
vn 0.0493 0.9748 -0.2175
vn 0.0448 0.9569 -0.2870
vn 0.0590 0.9607 -0.2712
vn 0.1934 0.7423 -0.6416
vn 0.1925 0.7388 -0.6459
vn 0.1863 0.7398 -0.6465
vn 0.1887 0.7438 -0.6412
vn 0.2985 0.3712 -0.8793
vn 0.1947 0.7473 -0.6353
vn 0.2969 0.3698 -0.8804
vn 0.3231 0.3727 -0.8699
vn 0.2933 0.3641 -0.8840
vn 0.1999 0.7418 -0.6402
vn 0.2940 0.3575 -0.8864
vn 0.3030 0.3533 -0.8851
vn 0.3059 0.3557 -0.8831
vn 0.2863 0.3540 -0.8904
vn 0.3022 0.0951 -0.9485
vn 0.3273 0.0687 -0.9424
vn 0.3408 0.0677 -0.9377
vn 0.3447 0.0977 -0.9336
vn 0.3755 0.0444 -0.9258
vn 0.3400 0.1360 -0.9305
vn 0.3441 0.0276 -0.9385
vn 0.3109 0.0380 -0.9497
vn 0.3243 0.1463 -0.9346
vn 0.3658 0.0715 -0.9279
vn 0.3233 0.1332 -0.9369
vn 0.3198 0.0661 -0.9452
vn 0.3682 0.0730 -0.9269
vn 0.3680 0.0379 -0.9291
vn 0.3239 0.1049 -0.9402
vn 0.3035 0.1074 -0.9468
vn 0.3197 0.0523 -0.9461
vn 0.2855 0.0679 -0.9560
vn 0.3095 0.0489 -0.9497
vn 0.3353 0.0169 -0.9420
vn 0.3036 -0.0590 -0.9510
vn 0.3190 -0.0599 -0.9459
vn 0.3578 -0.0124 -0.9337
vn 0.3510 -0.0554 -0.9347
vn 0.3444 -0.0289 -0.9384
vn 0.3327 -0.0478 -0.9418
vn 0.3201 -0.0322 -0.9468
vn 0.3163 0.0285 -0.9482
vn 0.3150 -0.0192 -0.9489
vn 0.2942 -0.0226 -0.9555
vn 0.3010 -0.0415 -0.9527
vn 0.3114 0.0126 -0.9502
vn 0.3085 -0.0062 -0.9512
vn 0.3203 -0.0221 -0.9471
vn 0.3188 0.0502 -0.9465
vn 0.3323 0.0284 -0.9427
vn 0.3529 -0.0088 -0.9356
vn 0.3461 0.1142 -0.9312
vn 0.3545 -0.0024 -0.9351
vn 0.3872 0.0131 -0.9219
vn 0.3656 0.1001 -0.9254
vn 0.3401 0.3819 -0.8594
vn 0.3692 0.1036 -0.9236
vn 0.3801 -0.0103 -0.9249
vn 0.3712 0.0011 -0.9285
vn -0.2065 0.9769 -0.0549
vn -0.0874 0.9902 0.1090
vn -0.0539 0.9964 0.0648
vn -0.1089 0.9925 0.0559
vn -0.1521 0.9880 0.0261
vn -0.1937 0.9808 -0.0233
vn -0.1514 0.9857 -0.0734
vn -0.2040 0.9752 -0.0855
vn -0.2009 0.9772 -0.0684
vn -0.1145 0.9437 -0.3103
vn -0.0999 0.9781 -0.1827
vn -0.0078 0.9961 -0.0880
vn -0.0466 0.9907 -0.1276
vn -0.1036 0.9758 -0.1924
vn 0.0551 0.8873 -0.4579
vn 0.1902 0.4427 -0.8762
vn 0.1839 0.4109 -0.8929
vn 0.2460 0.1085 -0.9632
vn 0.2385 0.1238 -0.9632
vn 0.2477 0.0893 -0.9647
vn 0.2617 0.1073 -0.9592
vn 0.2554 0.0487 -0.9656
vn 0.2663 0.0387 -0.9631
vn 0.2652 0.0545 -0.9627
vn 0.2656 -0.0915 -0.9597
vn 0.2771 -0.0612 -0.9589
vn 0.2614 -0.0767 -0.9622
vn 0.2905 -0.0819 -0.9534
vn 0.2820 -0.0818 -0.9559
vn 0.2737 -0.1577 -0.9488
vn 0.2720 -0.0916 -0.9579
vn 0.2485 -0.1071 -0.9627
vn 0.2502 -0.1046 -0.9625
vn 0.2675 -0.1164 -0.9565
vn 0.2580 -0.0907 -0.9619
vn 0.0227 0.9971 -0.0721
vn -0.0720 0.9974 0.0080
vn -0.0060 1.0000 -0.0012
vn -0.0965 0.9941 0.0492
vn -0.0933 0.9954 0.0213
vn -0.0785 0.9942 0.0738
vn -0.1320 0.9867 0.0948
vn -0.0257 0.9987 0.0430
vn -0.0942 0.9882 0.1207
vn 0.0683 0.9977 0.0058
vn 0.0016 0.9970 0.0774
vn 0.0360 0.9932 0.1109
vn 0.0470 0.9948 0.0906
vn 0.0088 0.9928 0.1197
vn -0.0814 0.9912 0.1041
vn 0.0215 0.9909 0.1325
vn 0.0282 0.9968 0.0754
vn 0.0159 0.9975 0.0688
vn -0.0559 0.9949 0.0841
vn -0.0166 0.9997 0.0162
vn -0.0032 0.9995 -0.0320
vn -0.0418 0.9959 0.0798
vn -0.0005 0.9995 -0.0324
vn -0.0566 0.9970 0.0521
vn -0.0559 0.9955 0.0769
vn -0.0477 0.9988 0.0063
vn -0.1226 0.9834 0.1340
vn -0.1165 0.9870 0.1106
vn -0.1403 0.9831 0.1176
vn -0.1452 0.9762 0.1611
vn -0.1363 0.9807 0.1403
vn -0.1171 0.9896 0.0832
vn -0.0153 0.9986 0.0501
vn -0.0311 0.9976 0.0610
vn -0.0868 0.9882 0.1264
vn -0.1123 0.9826 0.1479
vn 0.0174 0.9995 0.0258
vn 0.0049 0.9990 0.0454
vn 0.0021 0.9996 0.0282
vn -0.0287 0.9934 0.1111
vn -0.1140 0.9836 0.1400
vn -0.0413 0.9871 0.1547
vn -0.0734 0.9953 0.0627
vn -0.0406 0.9925 0.1150
vn -0.0483 0.9956 0.0800
vn -0.0720 0.9822 0.1734
vn -0.0583 0.9945 0.0875
vn -0.0974 0.9738 0.2054
vn -0.2346 0.8089 0.5391
vn -0.0861 0.9839 0.1564
vn -0.0611 0.9957 0.0691
vn -0.0583 0.9915 0.1163
vn -0.0678 0.9900 0.1239
vn -0.1105 0.9840 0.1399
vn -0.0335 0.9945 0.0991
vn -0.1246 0.9890 0.0803
vn -0.0009 0.9994 0.0343
vn -0.0689 0.9975 0.0151
vn -0.0114 0.9993 0.0358
vn -0.0214 0.9997 0.0098
vn -0.0485 0.9969 0.0612
vn -0.0864 0.9887 0.1223
vn 0.2767 0.0571 -0.9592
vn 0.2777 0.0786 -0.9574
vn 0.2821 0.0340 -0.9588
vn 0.2867 0.1233 -0.9500
vn 0.2663 0.0252 -0.9636
vn 0.2604 0.3500 -0.8998
vn 0.2639 0.0793 -0.9613
vn 0.2625 0.1320 -0.9559
vn 0.1548 0.7437 -0.6503
vn 0.2466 0.3601 -0.8997
vn 0.0190 0.9759 -0.2174
vn -0.0196 0.9960 -0.0872
vn 0.0156 0.9802 -0.1972
vn 0.1585 0.7568 -0.6341
vn -0.0578 0.9976 -0.0375
vn -0.0569 0.9943 -0.0904
vn -0.0618 0.9948 0.0804
vn -0.1030 0.9928 0.0612
vn 0.0107 0.9751 -0.2214
vn -0.0718 0.9909 -0.1137
vn 0.1532 0.7735 -0.6150
vn -0.1044 0.9778 0.1817
vn -0.0755 0.9896 0.1223
vn -0.1555 0.9562 0.2481
vn -0.0722 0.9888 0.1308
vn -0.1200 0.9742 0.1912
vn -0.1200 0.9836 0.1350
vn -0.1561 0.9877 -0.0083
vn -0.1458 0.9834 0.1084
vn -0.2261 0.9741 0.0089
vn -0.2114 0.9774 0.0097
vn -0.1587 0.9838 0.0836
vn -0.1102 0.9882 0.1060
vn -0.2351 0.9720 0.0011
vn -0.1983 0.9681 0.1529
vn -0.1045 0.9843 0.1423
vn -0.2025 0.9773 -0.0627
vn -0.1494 0.9886 0.0182
vn -0.0927 0.9896 0.1097
vn -0.1148 0.9881 0.1027
vn -0.0412 0.9934 -0.1072
vn -0.0609 0.9965 0.0576
vn -0.1935 0.9751 -0.1080
vn -0.1557 0.9878 0.0083
vn -0.2045 0.9752 -0.0842
vn 0.0007 0.9651 -0.2619
vn -0.1831 0.9719 0.1480
vn -0.1362 0.9439 0.3010
vn -0.1477 0.9418 0.3019
vn -0.1396 0.9302 0.3395
vn -0.1571 0.9864 0.0492
vn -0.1517 0.9248 0.3490
vn -0.1780 0.9754 -0.1298
vn -0.1418 0.9698 0.1984
vn -0.1347 0.9896 -0.0509
vn -0.2201 0.9741 -0.0526
vn -0.0746 0.9967 -0.0328
vn -0.0140 0.9972 -0.0731
vn -0.0096 0.9640 -0.2658
vn -0.0092 0.9775 -0.2107
vn 0.1362 0.7862 -0.6028
vn 0.1016 0.7946 -0.5986
vn 0.0062 0.9903 -0.1387
vn 0.0811 0.8048 -0.5879
vn 0.1984 0.3786 -0.9041
vn 0.0826 0.8383 -0.5390
vn 0.2391 0.3753 -0.8955
vn 0.2592 0.3894 -0.8838
vn 0.2478 0.3817 -0.8905
vn 0.2623 0.1533 -0.9527
vn 0.2875 0.1835 -0.9400
vn 0.2721 0.1914 -0.9430
vn 0.2502 0.0830 -0.9646
vn 0.2756 0.1152 -0.9543
vn 0.2728 0.1333 -0.9528
vn 0.2439 0.1648 -0.9557
vn 0.2678 0.1315 -0.9545
vn 0.2793 0.0103 -0.9602
vn 0.2945 0.0177 -0.9555
vn 0.2788 0.0370 -0.9596
vn 0.2999 -0.0563 -0.9523
vn 0.2433 0.0276 -0.9696
vn 0.3130 -0.0608 -0.9478
vn 0.2493 -0.0693 -0.9659
vn 0.2655 -0.0635 -0.9620
vn 0.2789 -0.0671 -0.9580
vn 0.3091 -0.0303 -0.9505
vn 0.3275 -0.0241 -0.9446
vn 0.3275 0.0198 -0.9446
vn 0.3229 -0.0387 -0.9456
vn 0.3439 -0.0181 -0.9388
vn 0.3150 -0.0367 -0.9484
vn 0.3032 0.0243 -0.9526
vn 0.3199 -0.0264 -0.9471
vn 0.3204 -0.0481 -0.9461
vn 0.3300 -0.2943 -0.8969
vn 0.3272 -0.3033 -0.8950
vn 0.2532 -0.7333 -0.6310
vn 0.3332 -0.3258 -0.8848
vn 0.2535 -0.7343 -0.6297
vn 0.2623 -0.7248 -0.6370
vn 0.2541 -0.7310 -0.6332
vn 0.0983 -0.9795 -0.1760
vn 0.1060 -0.9802 -0.1673
vn 0.1058 -0.9730 -0.2051
vn 0.1216 -0.9660 -0.2282
vn 0.2774 -0.7139 -0.6430
vn 0.0475 -0.9988 0.0154
vn 0.3468 -0.3403 -0.8740
vn 0.1446 -0.9599 -0.2401
vn 0.2890 -0.7135 -0.6382
vn 0.1884 0.0312 -0.9816
vn -0.5833 0.0192 -0.8120
vn 0.2134 0.0562 -0.9753
vn -0.4796 -0.0853 -0.8733
vn 0.4184 0.0285 -0.9078
vn 0.4174 0.0779 -0.9054
vn 0.2558 0.0661 -0.9645
vn -0.3088 -0.0646 -0.9489
vn -0.2004 0.0030 -0.9797
vn 0.4148 0.0836 -0.9060
vn 0.2823 0.0421 -0.9584
vn -0.1883 0.0447 -0.9811
vn 0.4163 0.0542 -0.9076
vn 0.2810 0.0015 -0.9597
vn -0.2445 0.0743 -0.9668
vn 0.2552 -0.0187 -0.9667
vn -0.3096 0.1569 -0.9378
vn 0.4217 -0.0052 -0.9067
vn 0.2297 0.0960 -0.9685
vn -0.4104 0.3566 -0.8393
vn 0.4198 -0.0483 -0.9063
vn 0.4225 0.0851 -0.9024
vn 0.1803 0.4105 -0.8939
vn 0.0376 0.7937 -0.6072
vn -0.5872 0.5549 -0.5893
vn 0.4077 0.4115 -0.8151
vn 0.4171 0.4214 -0.8052
vn -0.1598 0.9646 -0.2100
vn 0.3177 0.7879 -0.5275
vn -0.2766 0.9602 -0.0396
vn -0.8659 0.5000 -0.0168
vn 0.1810 0.9618 -0.2052
vn 0.3269 0.8104 -0.4861
vn 0.0996 0.9881 -0.1172
vn -0.3516 0.9361 -0.0119
vn -0.8841 0.4667 -0.0223
vn 0.0209 0.9982 -0.0569
vn 0.2392 0.9458 -0.2196
vn 0.2273 0.9619 -0.1521
vn -0.0965 0.9896 0.1069
vn -0.4673 0.8618 0.1972
vn -0.8509 0.5051 0.1445
vn -0.4727 0.8412 0.2624
vn -0.7421 0.6365 0.2100
vn -0.5833 0.7651 -0.2727
vn -0.3354 0.9161 -0.2198
vn -0.4087 0.6034 -0.6847
vn -0.1515 0.9702 0.1893
vn -0.2153 0.8372 -0.5027
vn -0.5394 0.5573 -0.6313
vn -0.0223 0.9988 0.0444
vn -0.0040 0.9949 -0.1009
vn 0.1802 0.9632 0.1994
vn 0.1736 0.9820 0.0739
vn 0.1972 0.9799 -0.0298
vn 0.1484 0.9808 0.1265
vn 0.1521 0.9879 0.0311
vn 0.1380 0.9889 -0.0545
vn 0.0089 0.9990 0.0427
vn 0.1294 0.9773 -0.1678
vn 0.0286 0.9996 0.0058
vn 0.0623 0.9943 -0.0861
vn 0.2328 0.8229 -0.5183
vn 0.2101 0.8446 -0.4924
vn 0.3380 0.4571 -0.8227
vn 0.2029 0.8515 -0.4835
vn 0.0382 0.9956 -0.0859
vn 0.0076 0.9993 -0.0377
vn 0.3330 0.4588 -0.8238
vn 0.3709 0.1568 -0.9154
vn 0.3382 0.4561 -0.8232
vn 0.4194 0.0973 -0.9026
vn 0.3735 0.1474 -0.9158
vn 0.3704 0.0217 -0.9286
vn 0.3949 -0.0212 -0.9185
vn 0.3842 0.0103 -0.9232
vn 0.3688 0.0018 -0.9295
vn 0.3860 0.0216 -0.9222
vn 0.3796 0.1221 -0.9171
vn 0.3878 -0.0004 -0.9218
vn 0.3780 0.0238 -0.9255
vn 0.3876 0.0508 -0.9204
vn 0.3989 0.0542 -0.9154
vn 0.3857 0.0323 -0.9221
vn 0.4177 0.0428 -0.9076
vn 0.4366 0.0161 -0.8995
vn 0.3881 0.0095 -0.9215
vn 0.4451 -0.1100 -0.8887
vn 0.3935 -0.0133 -0.9192
vn 0.3375 0.0270 -0.9409
vn 0.3244 -0.0133 -0.9458
vn 0.3756 0.0274 -0.9264
vn 0.3966 0.0642 -0.9157
vn 0.3753 0.0203 -0.9267
vn 0.3694 0.0125 -0.9292
vn 0.3730 0.1257 -0.9193
vn 0.3651 0.1137 -0.9240
vn 0.3363 0.3953 -0.8547
vn 0.3633 0.1144 -0.9246
vn 0.3382 0.3937 -0.8548
vn 0.2239 0.7851 -0.5775
vn 0.3352 0.3920 -0.8567
vn 0.0381 0.9905 -0.1321
vn 0.0500 0.9824 -0.1800
vn 0.2267 0.7808 -0.5822
vn 0.2281 0.7787 -0.5844
vn 0.0775 0.9723 -0.2205
vn -0.0631 0.9973 0.0364
vn -0.0817 0.9956 0.0449
vn -0.0247 0.9993 -0.0279
vn 0.2215 0.7783 -0.5875
vn 0.3334 0.3891 -0.8587
vn 0.0828 0.9708 -0.2253
vn 0.2238 0.7665 -0.6019
vn 0.3789 0.0295 -0.9249
vn 0.3796 0.0181 -0.9250
vn 0.3851 0.0103 -0.9228
vn 0.3878 -0.0026 -0.9217
vn 0.3871 -0.0111 -0.9220
vn 0.3951 0.0045 -0.9186
vn 0.3905 0.0003 -0.9206
vn 0.3839 0.1064 -0.9172
vn 0.3439 0.4481 -0.8252
vn 0.3885 0.0963 -0.9164
vn 0.2038 0.8441 -0.4959
vn 0.3494 0.4325 -0.8312
vn 0.3852 0.0949 -0.9180
vn 0.0398 0.9913 -0.1256
vn 0.2116 0.8279 -0.5194
vn 0.3534 0.4145 -0.8386
vn 0.0512 0.9883 -0.1438
vn 0.0037 0.9993 -0.0380
vn -0.0286 0.9987 0.0417
vn -0.0255 0.9914 0.1284
vn -0.0564 0.9919 0.1141
vn 0.1077 0.9741 0.1990
vn -0.0301 0.9931 0.1134
vn 0.1283 0.9884 0.0815
vn 0.1937 0.9629 0.1880
vn 0.1802 0.9726 0.1466
vn 0.1373 0.9905 -0.0011
vn 0.0922 0.9588 0.2687
vn -0.0253 0.9908 0.1328
vn -0.2739 0.9222 -0.2731
vn -0.0005 0.9672 0.2538
vn -0.2751 0.9600 -0.0520
vn -0.6642 0.6050 -0.4392
vn -0.7086 0.6684 -0.2259
vn -0.2748 0.9518 0.1362
vn -0.7942 0.5936 0.1301
vn 0.0107 0.9352 0.3540
vn -0.3850 0.7709 0.5075
vn -0.1036 0.7621 0.6391
vn -0.4919 0.4021 0.7722
vt 0.153624 0.186321
vt 0.146045 0.203757
vt 0.141096 0.190301
vt 0.131904 0.208267
vt 0.150323 0.175662
vt 0.165286 0.182796
vt 0.162617 0.172442
vt 0.127710 0.194509
vt 0.117614 0.212314
vt 0.113715 0.198409
vt 0.137592 0.179199
vt 0.124216 0.182855
vt 0.110398 0.186471
vt 0.147297 0.164639
vt 0.160049 0.161559
vt 0.144472 0.153290
vt 0.134353 0.167899
vt 0.120894 0.171224
vt 0.107050 0.174718
vt 0.117817 0.159680
vt 0.131291 0.156423
vt 0.128539 0.144858
vt 0.062476 0.109084
vt 0.076466 0.106301
vt 0.065072 0.121297
vt 0.074000 0.094070
vt 0.059856 0.096698
vt 0.071176 0.079913
vt 0.056936 0.082634
vt 0.045557 0.099701
vt 0.042473 0.085536
vt 0.048321 0.112001
vt 0.051003 0.124294
vt 0.053498 0.136599
vt 0.067617 0.133586
vt 0.031319 0.102788
vt 0.028131 0.088454
vt 0.034098 0.115071
vt 0.036846 0.127349
vt 0.039424 0.139521
vt 0.017186 0.105817
vt 0.013715 0.091733
vt 0.002834 0.108554
vt 0.000000 0.094773
vt 0.005588 0.121050
vt 0.019927 0.118036
vt 0.008316 0.133595
vt 0.022724 0.130430
vt 0.011193 0.146095
vt 0.025424 0.142666
vt 0.014115 0.158378
vt 0.028164 0.154609
vt 0.017096 0.170660
vt 0.042028 0.151469
vt 0.031021 0.166665
vt 0.020203 0.183119
vt 0.056041 0.148792
vt 0.044862 0.163486
vt 0.034190 0.179185
vt 0.023305 0.195674
vt 0.070225 0.145778
vt 0.081699 0.130401
vt 0.058883 0.160759
vt 0.048046 0.175845
vt 0.037227 0.191934
vt 0.026290 0.208148
vt 0.084372 0.142408
vt 0.095606 0.127510
vt 0.073089 0.157641
vt 0.062060 0.172755
vt 0.039890 0.204492
vt 0.051132 0.188350
vt 0.029393 0.220609
vt 0.043006 0.216457
vt 0.032945 0.234263
vt 0.046207 0.230458
vt 0.053956 0.200631
vt 0.056967 0.212744
vt 0.060409 0.226842
vt 0.065182 0.184813
vt 0.068217 0.196994
vt 0.071202 0.209212
vt 0.074626 0.223349
vt 0.076172 0.169603
vt 0.079165 0.181508
vt 0.082283 0.193597
vt 0.085465 0.205735
vt 0.089040 0.219793
vt 0.087222 0.154409
vt 0.090125 0.166206
vt 0.099549 0.202143
vt 0.103302 0.216197
vt 0.096314 0.190099
vt 0.093160 0.178162
vt 0.103930 0.163055
vt 0.101181 0.151198
vt 0.098383 0.139349
vt 0.109637 0.124572
vt 0.112289 0.136323
vt 0.123485 0.121533
vt 0.115037 0.148003
vt 0.126075 0.133207
vt 0.139312 0.130237
vt 0.141776 0.141771
vt 0.136884 0.118601
vt 0.134397 0.106966
vt 0.150245 0.115676
vt 0.152665 0.127290
vt 0.166099 0.124474
vt 0.155083 0.138835
vt 0.168394 0.136046
vt 0.180252 0.133681
vt 0.157534 0.150303
vt 0.170639 0.147493
vt 0.182343 0.145207
vt 0.150599 0.811233
vt 0.165069 0.824214
vt 0.150983 0.824542
vt 0.161829 0.838903
vt 0.151209 0.838803
vt 0.151453 0.848943
vt 0.136487 0.838665
vt 0.137093 0.852566
vt 0.121655 0.851656
vt 0.136113 0.824482
vt 0.135756 0.811211
vt 0.121408 0.838036
vt 0.120712 0.824308
vt 0.120458 0.811182
vt 0.106137 0.838192
vt 0.106539 0.852211
vt 0.105621 0.824250
vt 0.091103 0.838557
vt 0.091323 0.853272
vt 0.076146 0.853362
vt 0.105489 0.811386
vt 0.105662 0.797843
vt 0.090619 0.824216
vt 0.075952 0.838628
vt 0.060973 0.853379
vt 0.090408 0.811291
vt 0.075709 0.824137
vt 0.060873 0.838695
vt 0.045771 0.853336
vt 0.075591 0.811203
vt 0.090826 0.798001
vt 0.091110 0.784387
vt 0.105861 0.784287
vt 0.060806 0.824034
vt 0.045865 0.838476
vt 0.030728 0.838421
vt 0.030556 0.853262
vt 0.045896 0.823794
vt 0.015854 0.849207
vt 0.060806 0.810935
vt 0.015961 0.838418
vt 0.005171 0.838288
vt 0.030863 0.823528
vt 0.016017 0.823515
vt 0.001256 0.823480
vt 0.001221 0.810214
vt 0.015970 0.810344
vt 0.045783 0.810605
vt 0.030691 0.810310
vt 0.015150 0.689210
vt 0.004302 0.689000
vt 0.015145 0.678405
vt 0.029893 0.689366
vt 0.029913 0.674623
vt 0.014939 0.704071
vt 0.000168 0.703906
vt 0.045037 0.675006
vt 0.045016 0.689787
vt 0.060259 0.675427
vt 0.029756 0.704223
vt 0.014799 0.717445
vt 0.000000 0.717636
vt 0.014854 0.730833
vt 0.000039 0.731087
vt 0.000905 0.744121
vt 0.029798 0.717541
vt 0.015208 0.743843
vt 0.001136 0.756767
vt 0.030020 0.730829
vt 0.044999 0.704560
vt 0.045077 0.717820
vt 0.015283 0.757168
vt 0.002104 0.770739
vt 0.030195 0.744088
vt 0.045360 0.731145
vt 0.060232 0.705067
vt 0.060310 0.718269
vt 0.060184 0.690247
vt 0.075401 0.675632
vt 0.075383 0.690510
vt 0.090597 0.675927
vt 0.075492 0.705315
vt 0.090554 0.690750
vt 0.105594 0.676356
vt 0.090605 0.705285
vt 0.105673 0.690762
vt 0.120544 0.676491
vt 0.105810 0.705141
vt 0.120657 0.691069
vt 0.135643 0.676402
vt 0.135679 0.691532
vt 0.150363 0.680529
vt 0.120915 0.705393
vt 0.150394 0.691541
vt 0.161197 0.691401
vt 0.135773 0.706106
vt 0.150418 0.706374
vt 0.165069 0.706099
vt 0.164886 0.719096
vt 0.120630 0.718619
vt 0.135742 0.719016
vt 0.150304 0.719329
vt 0.164832 0.732178
vt 0.135457 0.732169
vt 0.150153 0.732321
vt 0.164775 0.745367
vt 0.150092 0.745485
vt 0.164667 0.758372
vt 0.150074 0.758593
vt 0.164676 0.771249
vt 0.135280 0.745311
vt 0.150165 0.771692
vt 0.164795 0.784754
vt 0.135293 0.758448
vt 0.135343 0.771554
vt 0.119744 0.745061
vt 0.120001 0.758126
vt 0.120305 0.771174
vt 0.135227 0.784745
vt 0.120456 0.784419
vt 0.150175 0.784791
vt 0.120353 0.797845
vt 0.150321 0.798041
vt 0.135410 0.797968
vt 0.164843 0.798025
vt 0.164889 0.811189
vt 0.015721 0.797091
vt 0.001081 0.797026
vt 0.001918 0.783774
vt 0.060894 0.797568
vt 0.045688 0.797350
vt 0.030526 0.797141
vt 0.015564 0.783839
vt 0.030446 0.783903
vt 0.015295 0.770544
vt 0.045681 0.783939
vt 0.030319 0.770624
vt 0.030356 0.757353
vt 0.045625 0.744341
vt 0.045771 0.757453
vt 0.045836 0.770621
vt 0.061091 0.784024
vt 0.060489 0.731529
vt 0.060755 0.744651
vt 0.060944 0.757636
vt 0.061084 0.770682
vt 0.075225 0.718645
vt 0.075144 0.731963
vt 0.075239 0.744858
vt 0.089596 0.732044
vt 0.090095 0.718773
vt 0.075692 0.757832
vt 0.089579 0.744891
vt 0.105225 0.718575
vt 0.104519 0.731957
vt 0.120003 0.731967
vt 0.104342 0.744941
vt 0.104832 0.757841
vt 0.090408 0.757836
vt 0.105463 0.770936
vt 0.090873 0.770978
vt 0.075966 0.770759
vt 0.076139 0.784232
vt 0.075882 0.797891
vt 0.207030 0.066991
vt 0.194091 0.069286
vt 0.191399 0.054874
vt 0.178015 0.057620
vt 0.221715 0.077296
vt 0.208972 0.079425
vt 0.236182 0.087759
vt 0.223556 0.089766
vt 0.250369 0.098250
vt 0.237867 0.100201
vt 0.181136 0.071864
vt 0.164849 0.060657
vt 0.196327 0.081688
vt 0.210987 0.091819
vt 0.225360 0.102189
vt 0.168327 0.074688
vt 0.151795 0.064069
vt 0.183652 0.084042
vt 0.198445 0.093854
vt 0.212909 0.104110
vt 0.155964 0.077657
vt 0.138573 0.068261
vt 0.171100 0.086628
vt 0.185946 0.096105
vt 0.142742 0.080843
vt 0.128190 0.070442
vt 0.158752 0.089330
vt 0.173479 0.098543
vt 0.129719 0.083776
vt 0.114260 0.072297
vt 0.145314 0.092387
vt 0.161278 0.101061
vt 0.188182 0.108075
vt 0.175837 0.110338
vt 0.200531 0.106041
vt 0.190281 0.119914
vt 0.202508 0.118058
vt 0.163762 0.112805
vt 0.178058 0.122049
vt 0.147804 0.104015
vt 0.132001 0.095312
vt 0.118535 0.098080
vt 0.116279 0.086470
vt 0.120839 0.109835
vt 0.102252 0.088809
vt 0.099721 0.074578
vt 0.104574 0.100723
vt 0.107027 0.112700
vt 0.088111 0.091307
vt 0.085400 0.077194
vt 0.090516 0.103454
vt 0.093054 0.115523
vt 0.079089 0.118369
vt 0.994754 0.073456
vt 0.985749 0.072402
vt 0.995808 0.060610
vt 0.972386 0.083776
vt 0.957379 0.071089
vt 0.973913 0.070823
vt 0.984414 0.085338
vt 0.993502 0.086414
vt 0.956051 0.083258
vt 0.939022 0.080270
vt 0.938211 0.093085
vt 0.970894 0.096770
vt 0.983231 0.098529
vt 0.992641 0.099648
vt 0.991046 0.112158
vt 0.955069 0.095335
vt 0.937333 0.106008
vt 0.921667 0.104344
vt 0.953960 0.107458
vt 0.969441 0.109633
vt 0.981735 0.111118
vt 0.989488 0.124778
vt 0.952652 0.119590
vt 0.968047 0.122450
vt 0.980269 0.123834
vt 0.987854 0.137569
vt 0.978862 0.136510
vt 0.986157 0.150156
vt 0.951456 0.131655
vt 0.977212 0.148937
vt 0.966722 0.135165
vt 0.983942 0.162413
vt 0.936087 0.119085
vt 0.975184 0.161348
vt 0.981934 0.176772
vt 0.965356 0.147561
vt 0.950365 0.143712
vt 0.934827 0.132088
vt 0.973227 0.176076
vt 0.981382 0.191862
vt 0.964163 0.160345
vt 0.949500 0.156627
vt 0.933725 0.145129
vt 0.948314 0.173194
vt 0.963013 0.175522
vt 0.972018 0.191625
vt 0.961898 0.191048
vt 0.971884 0.207031
vt 0.981075 0.207053
vt 0.960762 0.206587
vt 0.946812 0.190661
vt 0.782834 0.517911
vt 0.795128 0.516924
vt 0.796385 0.532301
vt 0.808750 0.531311
vt 0.797705 0.547506
vt 0.810164 0.546543
vt 0.799212 0.562722
vt 0.781664 0.502309
vt 0.769225 0.503422
vt 0.807360 0.515970
vt 0.793814 0.501398
vt 0.768151 0.487740
vt 0.821069 0.530433
vt 0.819446 0.515228
vt 0.836732 0.529003
vt 0.822619 0.545618
vt 0.811684 0.561697
vt 0.800798 0.577757
vt 0.788232 0.578836
vt 0.789612 0.593839
vt 0.802247 0.592713
vt 0.803632 0.607648
vt 0.813304 0.576765
vt 0.814914 0.591792
vt 0.816372 0.606677
vt 0.824234 0.560753
vt 0.825883 0.575750
vt 0.827524 0.590742
vt 0.838242 0.544190
vt 0.839907 0.559308
vt 0.841561 0.574322
vt 0.829141 0.605628
vt 0.817731 0.621510
vt 0.830623 0.620528
vt 0.844781 0.604112
vt 0.846308 0.618973
vt 0.843254 0.589252
vt 0.860539 0.602590
vt 0.862101 0.617477
vt 0.859003 0.587803
vt 0.857203 0.573000
vt 0.855599 0.558006
vt 0.876325 0.601281
vt 0.877874 0.616020
vt 0.874507 0.586631
vt 0.872679 0.571808
vt 0.871233 0.556777
vt 0.892131 0.599858
vt 0.893749 0.614645
vt 0.890401 0.585127
vt 0.888714 0.570311
vt 0.887197 0.555319
vt 0.194714 0.496961
vt 0.193050 0.510677
vt 0.181063 0.508680
vt 0.137971 0.513886
vt 0.155605 0.503079
vt 0.152564 0.517168
vt 0.169190 0.506387
vt 0.135238 0.528940
vt 0.166720 0.520212
vt 0.149824 0.531648
vt 0.132734 0.543776
vt 0.179105 0.522524
vt 0.164271 0.534267
vt 0.191291 0.524541
vt 0.147436 0.546139
vt 0.130372 0.558570
vt 0.176879 0.536407
vt 0.161968 0.548340
vt 0.145189 0.560575
vt 0.128311 0.573439
vt 0.189307 0.538395
vt 0.174683 0.550335
vt 0.159678 0.562459
vt 0.143039 0.574883
vt 0.127081 0.588477
vt 0.203577 0.526269
vt 0.205177 0.512298
vt 0.215898 0.527852
vt 0.141372 0.588844
vt 0.129209 0.602433
vt 0.157264 0.576486
vt 0.139393 0.601615
vt 0.135595 0.611104
vt 0.148205 0.617285
vt 0.155049 0.590203
vt 0.152139 0.603517
vt 0.161498 0.620493
vt 0.172381 0.564263
vt 0.169971 0.578270
vt 0.167426 0.592187
vt 0.164649 0.606120
vt 0.174894 0.623098
vt 0.187194 0.552138
vt 0.185129 0.566032
vt 0.182784 0.580158
vt 0.199683 0.553889
vt 0.201682 0.540070
vt 0.214113 0.541845
vt 0.228474 0.529283
vt 0.226731 0.543332
vt 0.212130 0.555732
vt 0.224937 0.557530
vt 0.197723 0.567891
vt 0.210443 0.569912
vt 0.195670 0.582023
vt 0.193462 0.596682
vt 0.223376 0.571915
vt 0.208668 0.584261
vt 0.206748 0.598732
vt 0.221791 0.586440
vt 0.236315 0.573821
vt 0.237760 0.559248
vt 0.249139 0.575572
vt 0.234828 0.588484
vt 0.220061 0.601034
vt 0.247714 0.590154
vt 0.233253 0.603151
vt 0.261809 0.577051
vt 0.263408 0.562636
vt 0.246293 0.604854
vt 0.260486 0.591604
vt 0.274417 0.578472
vt 0.258945 0.606280
vt 0.275964 0.563962
vt 0.277328 0.549532
vt 0.273109 0.592991
vt 0.287037 0.579735
vt 0.288630 0.565561
vt 0.290001 0.551121
vt 0.291355 0.536958
vt 0.301185 0.566777
vt 0.302696 0.552429
vt 0.304056 0.538138
vt 0.315261 0.553739
vt 0.316680 0.539283
vt 0.328065 0.554949
vt 0.313764 0.568150
vt 0.326520 0.569488
vt 0.339475 0.570733
vt 0.299737 0.581046
vt 0.312315 0.582534
vt 0.324987 0.584020
vt 0.285742 0.594090
vt 0.298460 0.595461
vt 0.311037 0.596933
vt 0.271573 0.607403
vt 0.284223 0.608657
vt 0.296921 0.609996
vt 0.323686 0.598487
vt 0.309606 0.611485
vt 0.337947 0.585324
vt 0.322271 0.613057
vt 0.351111 0.586693
vt 0.336515 0.599945
vt 0.308141 0.626207
vt 0.295307 0.624734
vt 0.282518 0.623322
vt 0.306482 0.640984
vt 0.293447 0.639345
vt 0.319385 0.642539
vt 0.280442 0.637899
vt 0.320924 0.627737
vt 0.332358 0.644067
vt 0.269665 0.622059
vt 0.267434 0.636487
vt 0.256992 0.620756
vt 0.254521 0.635263
vt 0.244130 0.619391
vt 0.241553 0.633780
vt 0.228411 0.632201
vt 0.231149 0.617629
vt 0.215175 0.630003
vt 0.217828 0.615595
vt 0.201758 0.627946
vt 0.204403 0.613401
vt 0.188369 0.625602
vt 0.190981 0.611090
vt 0.177618 0.608662
vt 0.180237 0.594388
vt 0.946857 0.505435
vt 0.962113 0.503453
vt 0.963341 0.518685
vt 0.980963 0.502167
vt 0.982950 0.516509
vt 0.974394 0.517708
vt 0.976710 0.531958
vt 0.985683 0.530711
vt 0.987883 0.545190
vt 0.964924 0.533393
vt 0.978657 0.546365
vt 0.989816 0.559774
vt 0.966515 0.547780
vt 0.948414 0.522246
vt 0.949705 0.537117
vt 0.980503 0.560927
vt 0.991775 0.574476
vt 0.968265 0.562383
vt 0.982344 0.575486
vt 0.951195 0.550940
vt 0.970101 0.577037
vt 0.983791 0.590196
vt 0.992740 0.589448
vt 0.984583 0.604882
vt 0.993556 0.604253
vt 0.993474 0.619022
vt 0.971614 0.591800
vt 0.985302 0.619901
vt 0.994970 0.633087
vt 0.973173 0.606413
vt 0.986798 0.635022
vt 1.000000 0.646422
vt 0.991844 0.651581
vt 0.975024 0.621341
vt 0.977159 0.636635
vt 0.979689 0.654383
vt 0.963048 0.655383
vt 0.961692 0.637474
vt 0.945894 0.655083
vt 0.959880 0.621401
vt 0.944571 0.639980
vt 0.929917 0.656626
vt 0.943088 0.625518
vt 0.928510 0.641481
vt 0.914062 0.658045
vt 0.957612 0.606966
vt 0.912549 0.642989
vt 0.896715 0.644334
vt 0.898288 0.659418
vt 0.883079 0.660823
vt 0.911063 0.628009
vt 0.881193 0.645777
vt 0.867714 0.662310
vt 0.895223 0.629430
vt 0.865570 0.647272
vt 0.851771 0.663716
vt 0.879453 0.630876
vt 0.863676 0.632304
vt 0.849709 0.648751
vt 0.835374 0.665012
vt 0.833719 0.650099
vt 0.821823 0.666262
vt 0.847939 0.633798
vt 0.820502 0.651249
vt 0.808573 0.667552
vt 0.832195 0.635303
vt 0.807283 0.652435
vt 0.819150 0.636409
vt 0.795341 0.668693
vt 0.806062 0.637508
vt 0.792934 0.638670
vt 0.804877 0.622556
vt 0.794033 0.653599
vt 0.780758 0.654720
vt 0.782065 0.669773
vt 0.779787 0.639786
vt 0.767578 0.655763
vt 0.768746 0.670808
vt 0.766750 0.640879
vt 0.754645 0.656808
vt 0.755489 0.671733
vt 0.753772 0.642044
vt 0.742366 0.657300
vt 0.743014 0.672353
vt 0.729983 0.657761
vt 0.730544 0.672788
vt 0.741521 0.642390
vt 0.752964 0.627278
vt 0.765959 0.626061
vt 0.717514 0.658152
vt 0.718074 0.673196
vt 0.729243 0.642769
vt 0.740759 0.627529
vt 0.752108 0.612406
vt 0.705073 0.658586
vt 0.705586 0.673682
vt 0.716951 0.643149
vt 0.728540 0.627883
vt 0.739995 0.612647
vt 0.692517 0.659139
vt 0.693021 0.674170
vt 0.704616 0.643575
vt 0.716341 0.628232
vt 0.727855 0.612942
vt 0.680029 0.659470
vt 0.680476 0.674515
vt 0.692159 0.644040
vt 0.667661 0.659787
vt 0.667993 0.674623
vt 0.679849 0.644468
vt 0.655135 0.674393
vt 0.679704 0.629543
vt 0.654997 0.659389
vt 0.642532 0.673732
vt 0.667613 0.644948
vt 0.667596 0.630100
vt 0.654995 0.644513
vt 0.642307 0.658827
vt 0.629837 0.658245
vt 0.629821 0.673138
vt 0.642423 0.644056
vt 0.617157 0.657881
vt 0.616902 0.672584
vt 0.629997 0.643579
vt 0.603827 0.672203
vt 0.655129 0.629591
vt 0.642688 0.629195
vt 0.667621 0.615169
vt 0.655312 0.614673
vt 0.630317 0.628808
vt 0.642987 0.614261
vt 0.617936 0.628464
vt 0.679605 0.614613
vt 0.667635 0.600169
vt 0.691875 0.629030
vt 0.704164 0.628622
vt 0.691612 0.614094
vt 0.679541 0.599644
vt 0.715742 0.613281
vt 0.703645 0.613611
vt 0.691354 0.599101
vt 0.667717 0.585162
vt 0.727146 0.597986
vt 0.715209 0.598305
vt 0.703211 0.598655
vt 0.726372 0.583021
vt 0.739166 0.597715
vt 0.738145 0.582717
vt 0.751181 0.597469
vt 0.750077 0.582554
vt 0.765030 0.611170
vt 0.763987 0.596245
vt 0.778929 0.624919
vt 0.778030 0.609998
vt 0.791956 0.623787
vt 0.776880 0.594946
vt 0.790855 0.608811
vt 0.762757 0.581256
vt 0.748872 0.567719
vt 0.775589 0.579868
vt 0.761448 0.566274
vt 0.737088 0.567842
vt 0.747462 0.552651
vt 0.774156 0.564931
vt 0.760039 0.551297
vt 0.786758 0.563796
vt 0.772710 0.549836
vt 0.746475 0.537462
vt 0.758783 0.536024
vt 0.785172 0.548681
vt 0.771229 0.534638
vt 0.757754 0.520382
vt 0.784023 0.533376
vt 0.745544 0.521868
vt 0.770224 0.519099
vt 0.744675 0.505865
vt 0.756929 0.504636
vt 0.734420 0.521798
vt 0.257029 0.490166
vt 0.244784 0.488981
vt 0.245697 0.474961
vt 0.233547 0.473816
vt 0.269335 0.491409
vt 0.268489 0.505551
vt 0.280942 0.506876
vt 0.256155 0.504286
vt 0.232482 0.487754
vt 0.221428 0.472665
vt 0.243732 0.503008
vt 0.254944 0.518476
vt 0.267481 0.519848
vt 0.279863 0.521192
vt 0.292348 0.522514
vt 0.278770 0.535500
vt 0.266357 0.534133
vt 0.264791 0.548238
vt 0.253763 0.532492
vt 0.241126 0.530927
vt 0.252317 0.546693
vt 0.250628 0.561014
vt 0.242524 0.517090
vt 0.239575 0.545069
vt 0.229935 0.515440
vt 0.231236 0.501546
vt 0.217477 0.513980
vt 0.220198 0.486387
vt 0.209379 0.471488
vt 0.218888 0.500080
vt 0.208125 0.484949
vt 0.197530 0.470382
vt 0.206729 0.498528
vt 0.196202 0.483601
vt 0.186077 0.469356
vt 0.186970 0.456479
vt 0.175710 0.456144
vt 0.175283 0.468578
vt 0.162748 0.456757
vt 0.184785 0.482189
vt 0.163637 0.469116
vt 0.154029 0.472471
vt 0.173818 0.480656
vt 0.162595 0.477731
vt 0.146031 0.484613
vt 0.183009 0.495256
vt 0.171722 0.493138
vt 0.159095 0.489718
vt 0.141327 0.499084
vt 0.617499 0.643265
vt 0.605588 0.628318
vt 0.604444 0.657531
vt 0.589095 0.671656
vt 0.604973 0.642996
vt 0.590034 0.656725
vt 0.574450 0.670890
vt 0.590784 0.641930
vt 0.575494 0.655832
vt 0.561097 0.654735
vt 0.559951 0.669835
vt 0.576470 0.640834
vt 0.591500 0.627103
vt 0.546783 0.653687
vt 0.545507 0.668647
vt 0.562256 0.639746
vt 0.577469 0.625935
vt 0.532494 0.652592
vt 0.531122 0.667513
vt 0.548084 0.638741
vt 0.518420 0.651453
vt 0.516786 0.666243
vt 0.533926 0.637800
vt 0.549388 0.623941
vt 0.505398 0.650042
vt 0.503495 0.664890
vt 0.519944 0.636877
vt 0.535418 0.623025
vt 0.521460 0.622208
vt 0.506907 0.635232
vt 0.834360 0.028451
vt 0.852214 0.015823
vt 0.850786 0.030725
vt 0.835870 0.013469
vt 0.822338 0.012189
vt 0.868120 0.017871
vt 0.820825 0.027223
vt 0.809072 0.011029
vt 0.832834 0.041361
vt 0.849131 0.043575
vt 0.866708 0.032801
vt 0.883474 0.019619
vt 0.881868 0.034425
vt 0.897195 0.036089
vt 0.880307 0.047274
vt 0.895611 0.049021
vt 0.819527 0.040206
vt 0.831170 0.054017
vt 0.818160 0.053009
vt 0.807666 0.026073
vt 0.806449 0.039097
vt 0.805230 0.052063
vt 0.795842 0.009800
vt 0.793392 0.037927
vt 0.792350 0.050987
vt 0.794525 0.024849
vt 0.782577 0.008503
vt 0.780302 0.036690
vt 0.781377 0.023592
vt 0.768189 0.022281
vt 0.769303 0.007140
vt 0.767278 0.035417
vt 0.779350 0.049719
vt 0.791203 0.063999
vt 0.766340 0.048484
vt 0.778284 0.062783
vt 0.777173 0.075970
vt 0.765364 0.061588
vt 0.753420 0.047201
vt 0.752469 0.060347
vt 0.764376 0.074799
vt 0.751572 0.073513
vt 0.754296 0.034151
vt 0.741250 0.046964
vt 0.755177 0.021007
vt 0.756087 0.005872
vt 0.743524 0.005618
vt 0.742771 0.020777
vt 0.731014 0.005299
vt 0.742015 0.033859
vt 0.730322 0.020407
vt 0.718506 0.004896
vt 0.717867 0.019975
vt 0.729648 0.033535
vt 0.717283 0.033116
vt 0.728992 0.046686
vt 0.740381 0.060116
vt 0.716800 0.046345
vt 0.704931 0.032624
vt 0.704542 0.045779
vt 0.728269 0.059866
vt 0.716169 0.059473
vt 0.704069 0.059022
vt 0.715590 0.072695
vt 0.727613 0.073001
vt 0.726875 0.086289
vt 0.739542 0.073317
vt 0.738770 0.086550
vt 0.737972 0.099871
vt 0.750638 0.086776
vt 0.749741 0.100055
vt 0.748799 0.113469
vt 0.763457 0.088025
vt 0.762460 0.101276
vt 0.761378 0.114673
vt 0.776162 0.089253
vt 0.788863 0.090317
vt 0.774949 0.102498
vt 0.773966 0.115897
vt 0.787736 0.103574
vt 0.821344 0.146626
vt 0.838795 0.135257
vt 0.837562 0.148557
vt 0.819896 0.162257
vt 0.822690 0.133245
vt 0.854866 0.137084
vt 0.810257 0.132293
vt 0.840075 0.121843
vt 0.808954 0.145758
vt 0.811642 0.118955
vt 0.855995 0.123765
vt 0.824150 0.119857
vt 0.857272 0.110584
vt 0.841392 0.108608
vt 0.871899 0.125589
vt 0.873119 0.112400
vt 0.858540 0.097460
vt 0.874309 0.099252
vt 0.888801 0.114078
vt 0.875708 0.086161
vt 0.870682 0.138840
vt 0.842713 0.095434
vt 0.853672 0.150353
vt 0.886470 0.140442
vt 0.836179 0.164119
vt 0.869556 0.152054
vt 0.852385 0.165789
vt 0.868410 0.167241
vt 0.818451 0.178186
vt 0.834851 0.179869
vt 0.851129 0.181391
vt 0.817002 0.194077
vt 0.885578 0.153483
vt 0.806196 0.177320
vt 0.807543 0.161435
vt 0.793930 0.176399
vt 0.796545 0.144838
vt 0.795215 0.160550
vt 0.781606 0.175397
vt 0.797815 0.131316
vt 0.782881 0.159601
vt 0.785331 0.130350
vt 0.799135 0.117939
vt 0.784122 0.143904
vt 0.786588 0.116922
vt 0.800388 0.104707
vt 0.812920 0.105745
vt 0.825488 0.106664
vt 0.801525 0.091433
vt 0.814170 0.092415
vt 0.826823 0.093381
vt 0.844065 0.082124
vt 0.802779 0.078096
vt 0.815489 0.078990
vt 0.828209 0.079949
vt 0.859941 0.084313
vt 0.790066 0.077088
vt 0.803986 0.064938
vt 0.816795 0.065764
vt 0.829652 0.066746
vt 0.845510 0.068958
vt 0.861324 0.071238
vt 0.847167 0.056185
vt 0.862980 0.058397
vt 0.877094 0.073144
vt 0.878554 0.060212
vt 0.892790 0.074965
vt 0.864898 0.045593
vt 0.894113 0.061924
vt 0.891490 0.087942
vt 0.889993 0.100938
vt 0.905823 0.102653
vt 0.907177 0.089538
vt 0.908487 0.076573
vt 0.909988 0.063635
vt 0.923673 0.078534
vt 0.922696 0.091354
vt 0.925164 0.065494
vt 0.911418 0.050678
vt 0.926977 0.052362
vt 0.940468 0.067248
vt 0.912919 0.037702
vt 0.898668 0.021122
vt 0.914460 0.022587
vt 0.928751 0.039277
vt 0.930301 0.024242
vt 0.942565 0.054070
vt 0.944701 0.040873
vt 0.946258 0.025708
vt 0.963112 0.028505
vt 0.961326 0.045512
vt 0.959211 0.058822
vt 0.977178 0.044665
vt 0.979773 0.027302
vt 0.991668 0.029527
vt 0.975414 0.058062
vt 0.987803 0.046315
vt 1.000000 0.033696
vt 0.996541 0.047986
vt 0.986759 0.059611
vt 0.467394 0.630567
vt 0.452634 0.643889
vt 0.454203 0.628990
vt 0.465850 0.645471
vt 0.463825 0.660242
vt 0.450607 0.658699
vt 0.439447 0.642313
vt 0.437420 0.657108
vt 0.455622 0.614101
vt 0.440994 0.627410
vt 0.426312 0.640614
vt 0.424399 0.655391
vt 0.411415 0.653722
vt 0.413264 0.638842
vt 0.398545 0.651908
vt 0.427830 0.625676
vt 0.400271 0.637052
vt 0.442439 0.612516
vt 0.414819 0.623820
vt 0.385437 0.650228
vt 0.429294 0.610711
vt 0.457031 0.599227
vt 0.470258 0.600812
vt 0.471739 0.585886
vt 0.443836 0.597598
vt 0.458418 0.584271
vt 0.473012 0.570982
vt 0.486342 0.572621
vt 0.444987 0.582659
vt 0.430569 0.595821
vt 0.416250 0.608898
vt 0.459598 0.569424
vt 0.401807 0.622132
vt 0.387075 0.635435
vt 0.373673 0.634015
vt 0.372111 0.648744
vt 0.388558 0.620599
vt 0.403141 0.607096
vt 0.360362 0.632485
vt 0.417329 0.593855
vt 0.358756 0.647287
vt 0.375165 0.619065
vt 0.389959 0.605441
vt 0.404286 0.592058
vt 0.431616 0.580855
vt 0.418399 0.578930
vt 0.446187 0.567784
vt 0.391163 0.590612
vt 0.432728 0.566031
vt 0.405279 0.577217
vt 0.392303 0.575895
vt 0.406438 0.562576
vt 0.419366 0.564166
vt 0.377859 0.589289
vt 0.376607 0.604093
vt 0.364435 0.588016
vt 0.379087 0.574572
vt 0.393495 0.561271
vt 0.361688 0.617610
vt 0.363026 0.602771
vt 0.347037 0.630815
vt 0.345538 0.645632
vt 0.348322 0.616088
vt 0.333895 0.629263
vt 0.335159 0.614582
vt 0.349652 0.601363
vt 0.492219 0.648516
vt 0.490190 0.663270
vt 0.479012 0.646962
vt 0.476975 0.661777
vt 0.493780 0.633629
vt 0.508337 0.620540
vt 0.522993 0.607415
vt 0.536851 0.608205
vt 0.480594 0.632062
vt 0.495202 0.618858
vt 0.509845 0.605655
vt 0.482051 0.617268
vt 0.496664 0.603988
vt 0.524570 0.592559
vt 0.511395 0.590834
vt 0.483517 0.602350
vt 0.538334 0.593359
vt 0.498175 0.589152
vt 0.526124 0.577716
vt 0.468810 0.615712
vt 0.484957 0.587501
vt 0.365861 0.573298
vt 0.352574 0.571993
vt 0.354087 0.557341
vt 0.367281 0.558639
vt 0.380414 0.560005
vt 0.394871 0.546581
vt 0.381716 0.545256
vt 0.396180 0.531746
vt 0.407862 0.548007
vt 0.409333 0.533201
vt 0.410613 0.518092
vt 0.420802 0.549633
vt 0.422327 0.534727
vt 0.434022 0.551277
vt 0.435430 0.536368
vt 0.423761 0.519556
vt 0.411611 0.503048
vt 0.398320 0.501709
vt 0.447339 0.552918
vt 0.448617 0.537952
vt 0.436829 0.521237
vt 0.424844 0.504470
vt 0.460695 0.554549
vt 0.462008 0.539531
vt 0.450035 0.522844
vt 0.438066 0.506028
vt 0.474233 0.556073
vt 0.475498 0.541055
vt 0.463387 0.524414
vt 0.451291 0.507652
vt 0.487685 0.557625
vt 0.488966 0.542623
vt 0.476834 0.525876
vt 0.464609 0.509144
vt 0.452227 0.492116
vt 0.490271 0.527453
vt 0.477986 0.510673
vt 0.465609 0.493659
vt 0.171449 0.334562
vt 0.161985 0.330067
vt 0.171603 0.325715
vt 0.182788 0.336252
vt 0.168784 0.346624
vt 0.155272 0.343258
vt 0.193780 0.323984
vt 0.193479 0.336553
vt 0.204802 0.323860
vt 0.181484 0.348620
vt 0.166419 0.358271
vt 0.152413 0.355995
vt 0.179896 0.359990
vt 0.192544 0.349379
vt 0.204667 0.336666
vt 0.216335 0.323799
vt 0.216303 0.336832
vt 0.204053 0.349841
vt 0.215793 0.350290
vt 0.191541 0.360968
vt 0.203241 0.361686
vt 0.215053 0.362267
vt 0.190580 0.372723
vt 0.202497 0.373547
vt 0.214414 0.374229
vt 0.226338 0.374849
vt 0.189664 0.384738
vt 0.178603 0.371805
vt 0.177602 0.383832
vt 0.164751 0.370483
vt 0.150343 0.368831
vt 0.163523 0.382813
vt 0.148826 0.381857
vt 0.176736 0.396118
vt 0.162461 0.395379
vt 0.147695 0.394818
vt 0.161750 0.407947
vt 0.146973 0.407584
vt 0.176103 0.408453
vt 0.161390 0.420503
vt 0.146699 0.420319
vt 0.188906 0.396833
vt 0.161395 0.432949
vt 0.146777 0.433180
vt 0.175709 0.420746
vt 0.188281 0.409038
vt 0.200467 0.409596
vt 0.187849 0.421186
vt 0.175480 0.432887
vt 0.161807 0.445081
vt 0.147437 0.446047
vt 0.148771 0.458823
vt 0.175564 0.444726
vt 0.187500 0.433149
vt 0.200012 0.421679
vt 0.187350 0.444977
vt 0.199584 0.433655
vt 0.199151 0.445540
vt 0.211994 0.422305
vt 0.211498 0.434245
vt 0.212561 0.410262
vt 0.224118 0.423023
vt 0.224693 0.410919
vt 0.213095 0.398183
vt 0.225216 0.398820
vt 0.201073 0.397507
vt 0.201788 0.385523
vt 0.213755 0.386181
vt 0.225851 0.386792
vt 0.238385 0.375468
vt 0.237822 0.387428
vt 0.250338 0.376025
vt 0.237337 0.399460
vt 0.250125 0.387944
vt 0.262486 0.376506
vt 0.249608 0.400056
vt 0.236895 0.411621
vt 0.262311 0.388688
vt 0.274509 0.389184
vt 0.261893 0.400802
vt 0.249162 0.412325
vt 0.236330 0.423777
vt 0.223550 0.435115
vt 0.248622 0.424532
vt 0.211070 0.446217
vt 0.235715 0.435863
vt 0.223020 0.447072
vt 0.198546 0.457158
vt 0.210408 0.458021
vt 0.235119 0.447941
vt 0.222393 0.458987
vt 0.248004 0.436699
vt 0.679411 0.584652
vt 0.691087 0.584095
vt 0.679323 0.569546
vt 0.690857 0.569019
vt 0.702375 0.568554
vt 0.701862 0.553386
vt 0.713187 0.553139
vt 0.667788 0.570043
vt 0.655798 0.584717
vt 0.679314 0.554323
vt 0.667818 0.554810
vt 0.656074 0.569596
vt 0.668069 0.539508
vt 0.690679 0.553778
vt 0.679179 0.538897
vt 0.690334 0.538367
vt 0.701673 0.538068
vt 0.712738 0.537793
vt 0.723888 0.537569
vt 0.712305 0.522021
vt 0.701350 0.522317
vt 0.700983 0.506299
vt 0.690045 0.522702
vt 0.689664 0.506715
vt 0.689064 0.490705
vt 0.678869 0.523125
vt 0.678606 0.507336
vt 0.678103 0.491334
vt 0.677526 0.477461
vt 0.688515 0.476779
vt 0.676789 0.463452
vt 0.667912 0.523841
vt 0.667568 0.508001
vt 0.667125 0.492104
vt 0.656584 0.507522
vt 0.656853 0.523256
vt 0.666526 0.478152
vt 0.656176 0.491695
vt 0.645528 0.507213
vt 0.665761 0.464138
vt 0.533095 0.022497
vt 0.519059 0.023872
vt 0.517356 0.008872
vt 0.531611 0.007580
vt 0.547316 0.021100
vt 0.504197 0.011164
vt 0.548564 0.034113
vt 0.562649 0.032824
vt 0.563729 0.045902
vt 0.534471 0.035494
vt 0.549731 0.047177
vt 0.564751 0.059030
vt 0.550811 0.060327
vt 0.535792 0.048521
vt 0.536979 0.061593
vt 0.520393 0.036759
vt 0.521823 0.049698
vt 0.523164 0.062749
vt 0.508634 0.051993
vt 0.507234 0.039004
vt 0.494050 0.041224
vt 0.492757 0.028328
vt 0.505978 0.026120
vt 0.491005 0.013472
vt 0.304675 0.129107
vt 0.318473 0.140313
vt 0.305800 0.141631
vt 0.303653 0.116630
vt 0.289781 0.105520
vt 0.302657 0.104087
vt 0.288510 0.092994
vt 0.301417 0.091470
vt 0.317357 0.127745
vt 0.316334 0.115215
vt 0.315364 0.102573
vt 0.314198 0.089936
vt 0.328046 0.101016
vt 0.326862 0.088414
vt 0.329036 0.113673
vt 0.330095 0.126290
vt 0.331173 0.138858
vt 0.340818 0.099476
vt 0.339578 0.086807
vt 0.341944 0.112153
vt 0.343015 0.124847
vt 0.343906 0.137496
vt 0.353910 0.097977
vt 0.352624 0.085304
vt 0.355055 0.110692
vt 0.356035 0.123410
vt 0.356865 0.136100
vt 0.367047 0.096496
vt 0.365693 0.083722
vt 0.368189 0.109228
vt 0.369063 0.122015
vt 0.369857 0.134779
vt 0.381119 0.107904
vt 0.370630 0.147577
vt 0.379983 0.095121
vt 0.378731 0.082335
vt 0.377487 0.069443
vt 0.392868 0.093709
vt 0.391750 0.080813
vt 0.390613 0.067917
vt 0.404716 0.079364
vt 0.405722 0.092305
vt 0.418843 0.090791
vt 0.393934 0.106514
vt 0.419934 0.103692
vt 0.433095 0.102240
vt 0.406838 0.105139
vt 0.434165 0.115204
vt 0.447390 0.113749
vt 0.420996 0.116552
vt 0.407866 0.117941
vt 0.394928 0.119310
vt 0.448447 0.126756
vt 0.461734 0.125112
vt 0.435221 0.128201
vt 0.421985 0.129509
vt 0.408809 0.130784
vt 0.462745 0.138193
vt 0.476077 0.136489
vt 0.449510 0.139792
vt 0.436297 0.141236
vt 0.423040 0.142556
vt 0.703585 0.072291
vt 0.691144 0.085124
vt 0.691574 0.071745
vt 0.679268 0.084132
vt 0.679542 0.070761
vt 0.691984 0.058448
vt 0.679848 0.057478
vt 0.667561 0.069588
vt 0.667690 0.056319
vt 0.655528 0.069512
vt 0.692306 0.045173
vt 0.680028 0.044276
vt 0.655503 0.056229
vt 0.643386 0.069312
vt 0.667781 0.043119
vt 0.692616 0.031961
vt 0.680295 0.031276
vt 0.705383 0.019449
vt 0.692838 0.018854
vt 0.680406 0.018175
vt 0.693382 0.003720
vt 0.706004 0.004360
vt 0.680795 0.003048
vt 0.668045 0.016925
vt 0.668282 0.002020
vt 0.655453 0.001411
vt 0.667945 0.029969
vt 0.655411 0.043028
vt 0.655474 0.029761
vt 0.655430 0.016503
vt 0.642908 0.015922
vt 0.642839 0.000770
vt 0.630059 0.000319
vt 0.643025 0.029341
vt 0.630210 0.015661
vt 0.617086 0.000000
vt 0.630455 0.029156
vt 0.643082 0.042797
vt 0.630682 0.042641
vt 0.617510 0.015388
vt 0.604002 0.000224
vt 0.617814 0.028847
vt 0.618213 0.042274
vt 0.604691 0.015370
vt 0.589341 0.001728
vt 0.605338 0.028761
vt 0.590282 0.016908
vt 0.574743 0.003272
vt 0.605905 0.042218
vt 0.591032 0.030176
vt 0.575914 0.018452
vt 0.560273 0.004757
vt 0.561607 0.019798
vt 0.545907 0.006160
vt 0.576780 0.031585
vt 0.591734 0.043540
vt 0.606619 0.055529
vt 0.577701 0.044686
vt 0.592607 0.056654
vt 0.578667 0.057839
vt 0.593420 0.069900
vt 0.607264 0.068734
vt 0.607915 0.082097
vt 0.618738 0.055659
vt 0.619225 0.068878
vt 0.619730 0.082196
vt 0.630941 0.055913
vt 0.631315 0.069080
vt 0.631711 0.082442
vt 0.643198 0.056083
vt 0.172841 0.158784
vt 0.184374 0.156676
vt 0.194185 0.143295
vt 0.192280 0.131646
vt 0.175028 0.169789
vt 0.204364 0.129876
vt 0.206123 0.141581
vt 0.216514 0.128199
vt 0.196009 0.154875
vt 0.186215 0.167903
vt 0.218147 0.139985
vt 0.214765 0.116276
vt 0.230249 0.138337
vt 0.219677 0.151642
vt 0.227083 0.114422
vt 0.228721 0.126469
vt 0.242463 0.136663
vt 0.239494 0.112526
vt 0.241027 0.124671
vt 0.251898 0.110597
vt 0.253293 0.122838
vt 0.254669 0.134959
vt 0.264293 0.108754
vt 0.262877 0.096362
vt 0.265610 0.121086
vt 0.266947 0.133363
vt 0.276940 0.107091
vt 0.275558 0.094641
vt 0.278215 0.119495
vt 0.279487 0.131903
vt 0.268181 0.145542
vt 0.290895 0.118032
vt 0.292011 0.130499
vt 0.280683 0.144230
vt 0.293234 0.142954
vt 0.294434 0.155381
vt 0.610731 0.136300
vt 0.621400 0.122803
vt 0.622003 0.136381
vt 0.632774 0.122957
vt 0.610029 0.122563
vt 0.596551 0.123726
vt 0.632436 0.109296
vt 0.643894 0.109483
vt 0.620835 0.109228
vt 0.595752 0.110126
vt 0.582248 0.111221
vt 0.609340 0.109017
vt 0.594933 0.096640
vt 0.581270 0.097857
vt 0.594141 0.083251
vt 0.608649 0.095560
vt 0.620340 0.095676
vt 0.632152 0.095856
vt 0.579551 0.071056
vt 0.643950 0.096123
vt 0.655224 0.109596
vt 0.643580 0.082709
vt 0.655510 0.096292
vt 0.666486 0.109774
vt 0.655532 0.082878
vt 0.667051 0.096319
vt 0.667398 0.082947
vt 0.678745 0.097581
vt 0.678010 0.111044
vt 0.690541 0.098592
vt 0.689663 0.112071
vt 0.701519 0.112495
vt 0.700625 0.126104
vt 0.712532 0.126374
vt 0.702357 0.099035
vt 0.713392 0.112864
vt 0.724445 0.126595
vt 0.714294 0.099265
vt 0.725344 0.113031
vt 0.736202 0.126784
vt 0.737135 0.113262
vt 0.747822 0.126961
vt 0.726132 0.099591
vt 0.703132 0.085544
vt 0.714959 0.085938
vt 0.491467 0.512164
vt 0.438878 0.490595
vt 0.479056 0.495214
vt 0.425571 0.489063
vt 0.412342 0.487731
vt 0.439647 0.475311
vt 0.503749 0.529095
vt 0.502363 0.544242
vt 0.505000 0.513775
vt 0.501048 0.559284
vt 0.517230 0.530850
vt 0.515816 0.545991
vt 0.499622 0.574257
vt 0.514389 0.560940
vt 0.512903 0.575930
vt 0.527732 0.562873
vt 0.529205 0.547812
vt 0.530628 0.532601
vt 0.542629 0.548441
vt 0.541300 0.563461
vt 0.539834 0.578429
vt 0.554827 0.564264
vt 0.553487 0.579270
vt 0.552105 0.594181
vt 0.556035 0.549117
vt 0.568385 0.565159
vt 0.567173 0.580177
vt 0.550727 0.609121
vt 0.565893 0.595066
vt 0.581956 0.566223
vt 0.564655 0.609970
vt 0.580767 0.581124
vt 0.579643 0.596054
vt 0.563422 0.624849
vt 0.578538 0.610994
vt 0.592418 0.612177
vt 0.593415 0.597223
vt 0.594491 0.582271
vt 0.606294 0.613413
vt 0.607129 0.598486
vt 0.618564 0.613615
vt 0.608042 0.583516
vt 0.619298 0.598723
vt 0.630748 0.613906
vt 0.631364 0.598929
vt 0.620047 0.583699
vt 0.609005 0.568583
vt 0.631962 0.583922
vt 0.620800 0.568651
vt 0.595525 0.567375
vt 0.609899 0.553406
vt 0.596446 0.552338
vt 0.582952 0.551178
vt 0.621576 0.553506
vt 0.632580 0.568873
vt 0.569491 0.550051
vt 0.644341 0.569193
vt 0.633175 0.553701
vt 0.557242 0.533964
vt 0.622223 0.538136
vt 0.570644 0.534899
vt 0.584024 0.535938
vt 0.543914 0.533233
vt 0.597421 0.536986
vt 0.610801 0.538095
vt 0.531980 0.517429
vt 0.584969 0.520522
vt 0.598213 0.521532
vt 0.611536 0.522696
vt 0.571698 0.519424
vt 0.572603 0.503837
vt 0.585460 0.504434
vt 0.598875 0.505925
vt 0.558362 0.518539
vt 0.559352 0.503104
vt 0.545139 0.517939
vt 0.546293 0.502504
vt 0.533291 0.502024
vt 0.519667 0.500225
vt 0.534480 0.486570
vt 0.547337 0.486965
vt 0.518549 0.515552
vt 0.506084 0.498425
vt 0.520766 0.484775
vt 0.535357 0.473042
vt 0.492540 0.496780
vt 0.507167 0.483007
vt 0.493565 0.481327
vt 0.521621 0.471257
vt 0.507995 0.469511
vt 0.480102 0.479729
vt 0.494476 0.467852
vt 0.466618 0.478213
vt 0.480942 0.466305
vt 0.453101 0.476739
vt 0.467492 0.464830
vt 0.453947 0.463421
vt 0.481823 0.452833
vt 0.495262 0.454317
vt 0.468336 0.451432
vt 0.508736 0.455952
vt 0.477085 0.149682
vt 0.490504 0.147890
vt 0.463693 0.151359
vt 0.450381 0.152938
vt 0.437226 0.154354
vt 0.478140 0.165104
vt 0.491641 0.163441
vt 0.464727 0.166747
vt 0.451339 0.168353
vt 0.438041 0.169682
vt 0.478945 0.180513
vt 0.492574 0.178901
vt 0.465451 0.182076
vt 0.452053 0.183523
vt 0.438691 0.184870
vt 0.479791 0.195975
vt 0.493493 0.194452
vt 0.466251 0.197441
vt 0.452722 0.198823
vt 0.439368 0.200177
vt 0.480615 0.211744
vt 0.466897 0.212998
vt 0.494372 0.210406
vt 0.453304 0.214276
vt 0.481227 0.227476
vt 0.495149 0.226313
vt 0.439851 0.215526
vt 0.467379 0.228671
vt 0.453668 0.229794
vt 0.426452 0.216523
vt 0.440112 0.230863
vt 0.426029 0.201338
vt 0.426524 0.231706
vt 0.425418 0.186118
vt 0.413059 0.217495
vt 0.412816 0.202414
vt 0.424880 0.170888
vt 0.412263 0.187312
vt 0.424047 0.155624
vt 0.411723 0.172118
vt 0.409838 0.143706
vt 0.410845 0.156817
vt 0.395749 0.132124
vt 0.396676 0.144990
vt 0.382018 0.120652
vt 0.382823 0.133507
vt 0.383600 0.146321
vt 0.397636 0.157959
vt 0.384512 0.159196
vt 0.398535 0.173236
vt 0.385399 0.174195
vt 0.371513 0.160355
vt 0.372424 0.175293
vt 0.357716 0.148812
vt 0.344933 0.150088
vt 0.358658 0.161536
vt 0.359553 0.176277
vt 0.332214 0.151434
vt 0.345919 0.162739
vt 0.346804 0.177388
vt 0.319609 0.152801
vt 0.333271 0.164039
vt 0.334194 0.178656
vt 0.306955 0.154088
vt 0.320622 0.165314
vt 0.321586 0.179767
vt 0.308030 0.166569
vt 0.274947 0.254054
vt 0.287099 0.267696
vt 0.275093 0.268105
vt 0.286939 0.281884
vt 0.310780 0.309952
vt 0.298824 0.295747
vt 0.310947 0.295529
vt 0.323131 0.309744
vt 0.286794 0.296048
vt 0.323208 0.324243
vt 0.335793 0.324033
vt 0.298691 0.310066
vt 0.310854 0.324342
vt 0.275166 0.282165
vt 0.286768 0.310243
vt 0.298705 0.324374
vt 0.274922 0.296266
vt 0.286697 0.324431
vt 0.263102 0.268573
vt 0.274899 0.310360
vt 0.263124 0.282595
vt 0.263197 0.296505
vt 0.262899 0.254563
vt 0.251191 0.268917
vt 0.251345 0.282837
vt 0.262551 0.240634
vt 0.274689 0.240033
vt 0.250943 0.255042
vt 0.250577 0.241213
vt 0.262074 0.226744
vt 0.250057 0.227399
vt 0.274220 0.226082
vt 0.286859 0.239423
vt 0.286357 0.225405
vt 0.299036 0.238848
vt 0.273571 0.212151
vt 0.298523 0.224681
vt 0.311307 0.238106
vt 0.285724 0.211351
vt 0.298005 0.210545
vt 0.310762 0.223934
vt 0.323614 0.237520
vt 0.310331 0.209626
vt 0.309744 0.195328
vt 0.323128 0.223166
vt 0.336310 0.236867
vt 0.322741 0.208744
vt 0.335799 0.222384
vt 0.348612 0.221534
vt 0.335282 0.207828
vt 0.297392 0.196418
vt 0.309046 0.181001
vt 0.285066 0.197380
vt 0.296607 0.182079
vt 0.295528 0.167747
vt 0.284252 0.183114
vt 0.272811 0.198227
vt 0.261462 0.212884
vt 0.281843 0.156489
vt 0.283167 0.168826
vt 0.269436 0.157715
vt 0.271934 0.184088
vt 0.270713 0.169948
vt 0.257194 0.159024
vt 0.260681 0.199031
vt 0.258400 0.171132
vt 0.259682 0.185098
vt 0.249397 0.213637
vt 0.248580 0.199860
vt 0.247540 0.186070
vt 0.238079 0.228023
vt 0.237424 0.214342
vt 0.236659 0.200738
vt 0.238635 0.241731
vt 0.226256 0.228566
vt 0.225547 0.215025
vt 0.239052 0.255455
vt 0.226797 0.242189
vt 0.214388 0.229041
vt 0.239317 0.269247
vt 0.227190 0.255864
vt 0.214822 0.242599
vt 0.202599 0.229398
vt 0.213762 0.215639
vt 0.224706 0.201610
vt 0.235588 0.187146
vt 0.246313 0.172326
vt 0.245088 0.160337
vt 0.234302 0.173597
vt 0.223654 0.188264
vt 0.212933 0.202454
vt 0.222370 0.174904
vt 0.255964 0.146956
vt 0.243843 0.148427
vt 0.233034 0.161802
vt 0.231691 0.150072
vt 0.221058 0.163275
vt 0.210620 0.176266
vt 0.209255 0.164757
vt 0.207764 0.153221
vt 0.197629 0.166270
vt 0.211919 0.189351
vt 0.199012 0.177632
vt 0.200377 0.190441
vt 0.201464 0.203247
vt 0.202179 0.216164
vt 0.187868 0.178931
vt 0.189355 0.191382
vt 0.190312 0.203744
vt 0.190737 0.216409
vt 0.190835 0.229504
vt 0.179548 0.216140
vt 0.179120 0.229203
vt 0.179581 0.203865
vt 0.178778 0.192092
vt 0.166721 0.214639
vt 0.167949 0.202536
vt 0.177077 0.180358
vt 0.167625 0.194040
vt 0.159073 0.198376
vt 0.152723 0.211199
vt 0.150678 0.226522
vt 0.165388 0.228184
vt 0.149784 0.241918
vt 0.164669 0.242549
vt 0.149767 0.257220
vt 0.178813 0.242944
vt 0.164627 0.257151
vt 0.150265 0.272322
vt 0.165087 0.271721
vt 0.151355 0.287545
vt 0.178935 0.256998
vt 0.190923 0.243063
vt 0.166045 0.286206
vt 0.153209 0.302443
vt 0.179392 0.271154
vt 0.202901 0.242917
vt 0.191135 0.256841
vt 0.191547 0.270727
vt 0.215180 0.256260
vt 0.203234 0.256591
vt 0.203596 0.270327
vt 0.215513 0.269979
vt 0.227523 0.269591
vt 0.239512 0.283059
vt 0.227779 0.283311
vt 0.215822 0.283576
vt 0.203955 0.283991
vt 0.251424 0.296695
vt 0.239551 0.296804
vt 0.227946 0.296952
vt 0.216106 0.297169
vt 0.263182 0.310399
vt 0.251462 0.310477
vt 0.239673 0.310523
vt 0.227944 0.310554
vt 0.274892 0.324308
vt 0.263081 0.324262
vt 0.251313 0.324285
vt 0.239514 0.324204
vt 0.251097 0.338016
vt 0.286759 0.338499
vt 0.274866 0.338263
vt 0.263005 0.338106
vt 0.298802 0.338548
vt 0.274889 0.352336
vt 0.311026 0.338565
vt 0.286953 0.352565
vt 0.299014 0.352805
vt 0.262870 0.352083
vt 0.274829 0.364572
vt 0.286989 0.364971
vt 0.250890 0.351838
vt 0.262671 0.364280
vt 0.250604 0.363922
vt 0.239006 0.351527
vt 0.238680 0.363450
vt 0.239304 0.337828
vt 0.227962 0.323988
vt 0.226825 0.362902
vt 0.227427 0.350888
vt 0.227858 0.337333
vt 0.216207 0.310647
vt 0.204332 0.297477
vt 0.204585 0.310840
vt 0.192078 0.284513
vt 0.192698 0.298058
vt 0.180134 0.285177
vt 0.167443 0.300330
vt 0.155882 0.316999
vt 0.181071 0.298853
vt 0.169631 0.313728
vt 0.193424 0.311295
vt 0.182520 0.311904
vt 0.183054 0.324197
vt 0.584092 0.138485
vt 0.569701 0.125908
vt 0.583139 0.124820
vt 0.575440 0.220532
vt 0.561940 0.204599
vt 0.574732 0.203994
vt 0.588219 0.219929
vt 0.568788 0.112459
vt 0.576021 0.237198
vt 0.588762 0.236554
vt 0.562687 0.221080
vt 0.563423 0.237672
vt 0.549191 0.205185
vt 0.561169 0.188384
vt 0.576585 0.253858
vt 0.548306 0.188956
vt 0.560046 0.172345
vt 0.549990 0.221553
vt 0.536391 0.205735
vt 0.550781 0.237907
vt 0.547172 0.172920
vt 0.558727 0.156150
vt 0.535424 0.189592
vt 0.545672 0.156955
vt 0.557551 0.140351
vt 0.534257 0.173374
vt 0.521321 0.191320
vt 0.544292 0.141106
vt 0.532708 0.157449
vt 0.556383 0.126994
vt 0.543066 0.127751
vt 0.555268 0.113623
vt 0.531100 0.141960
vt 0.520194 0.175352
vt 0.518972 0.159683
vt 0.507328 0.192928
vt 0.506349 0.177185
vt 0.505264 0.161668
vt 0.517557 0.144012
vt 0.516403 0.130627
vt 0.529834 0.128547
vt 0.528501 0.115182
vt 0.515381 0.117339
vt 0.541877 0.114454
vt 0.540477 0.101159
vt 0.513996 0.104363
vt 0.527151 0.102046
vt 0.539342 0.087864
vt 0.554054 0.100306
vt 0.567631 0.099046
vt 0.552933 0.086823
vt 0.525845 0.088973
vt 0.566671 0.085582
vt 0.512743 0.091272
vt 0.580416 0.084434
vt 0.551897 0.073530
vt 0.565717 0.072275
vt 0.538201 0.074731
vt 0.524510 0.075844
vt 0.511379 0.078180
vt 0.509968 0.065082
vt 0.498274 0.080399
vt 0.496824 0.067279
vt 0.499638 0.093552
vt 0.495423 0.054170
vt 0.500811 0.106667
vt 0.485076 0.082495
vt 0.502029 0.119551
vt 0.486407 0.095633
vt 0.487535 0.108624
vt 0.502928 0.132676
vt 0.488513 0.121626
vt 0.504018 0.146016
vt 0.489522 0.134665
vt 0.475119 0.123447
vt 0.474164 0.110427
vt 0.473017 0.097452
vt 0.460725 0.112123
vt 0.471754 0.084388
vt 0.459601 0.099171
vt 0.458399 0.086177
vt 0.470398 0.071285
vt 0.457138 0.073149
vt 0.483647 0.069373
vt 0.482272 0.056287
vt 0.469087 0.058255
vt 0.455904 0.060120
vt 0.442780 0.061944
vt 0.480920 0.043324
vt 0.467836 0.045340
vt 0.454642 0.047195
vt 0.441492 0.049032
vt 0.466515 0.032446
vt 0.479601 0.030459
vt 0.464878 0.017672
vt 0.451753 0.019586
vt 0.477921 0.015659
vt 0.453361 0.034370
vt 0.438669 0.021449
vt 0.440215 0.036209
vt 0.425714 0.023084
vt 0.427237 0.037771
vt 0.412771 0.024452
vt 0.428477 0.050596
vt 0.414380 0.039202
vt 0.399912 0.025846
vt 0.401521 0.040598
vt 0.386835 0.027406
vt 0.415576 0.052025
vt 0.429685 0.063490
vt 0.388432 0.042093
vt 0.443994 0.074872
vt 0.373595 0.028979
vt 0.445162 0.087815
vt 0.430847 0.076390
vt 0.446302 0.100766
vt 0.416698 0.064921
vt 0.431980 0.089307
vt 0.417773 0.077839
vt 0.403691 0.066366
vt 0.402627 0.053468
vt 0.389522 0.054981
vt 0.375179 0.043668
vt 0.360334 0.030638
vt 0.376313 0.056493
vt 0.361929 0.045295
vt 0.347215 0.032192
vt 0.348794 0.046847
vt 0.363114 0.058026
vt 0.334094 0.033738
vt 0.335780 0.048567
vt 0.321220 0.035505
vt 0.349979 0.059597
vt 0.364361 0.070914
vt 0.322902 0.050186
vt 0.308397 0.037077
vt 0.336903 0.061384
vt 0.351226 0.072479
vt 0.309940 0.051729
vt 0.295464 0.038564
vt 0.324097 0.063018
vt 0.338249 0.074086
vt 0.297026 0.053211
vt 0.282607 0.040315
vt 0.311290 0.064532
vt 0.325626 0.075756
vt 0.312848 0.077277
vt 0.298412 0.066035
vt 0.284085 0.054953
vt 0.269792 0.042237
vt 0.271285 0.056869
vt 0.257057 0.044139
vt 0.285478 0.067694
vt 0.299984 0.078786
vt 0.258490 0.058706
vt 0.244251 0.046094
vt 0.272556 0.069537
vt 0.287074 0.080352
vt 0.245715 0.060678
vt 0.231229 0.048132
vt 0.259857 0.071355
vt 0.274087 0.082104
vt 0.232894 0.062719
vt 0.218042 0.050274
vt 0.247192 0.073295
vt 0.261443 0.083917
vt 0.219984 0.064803
vt 0.204728 0.052477
vt 0.234468 0.075249
vt 0.248800 0.085781
vt 0.415037 0.406895
vt 0.428455 0.394403
vt 0.428384 0.407815
vt 0.441865 0.395310
vt 0.401554 0.419291
vt 0.414825 0.420141
vt 0.388115 0.431599
vt 0.401312 0.432412
vt 0.387759 0.444573
vt 0.374641 0.443808
vt 0.414578 0.433336
vt 0.428181 0.421096
vt 0.441826 0.408786
vt 0.400953 0.445457
vt 0.374098 0.456720
vt 0.387184 0.457545
vt 0.361054 0.455963
vt 0.361641 0.443129
vt 0.373512 0.469595
vt 0.348091 0.455257
vt 0.348653 0.442489
vt 0.360479 0.468789
vt 0.335188 0.454544
vt 0.335784 0.441879
vt 0.322441 0.453831
vt 0.347467 0.468009
vt 0.334525 0.467229
vt 0.321744 0.466427
vt 0.309739 0.453062
vt 0.346790 0.482631
vt 0.309038 0.465594
vt 0.297165 0.452286
vt 0.333833 0.481738
vt 0.321021 0.480882
vt 0.296459 0.464775
vt 0.284606 0.451485
vt 0.308248 0.480011
vt 0.283850 0.463947
vt 0.272146 0.450634
vt 0.295601 0.479117
vt 0.320157 0.495513
vt 0.307303 0.494545
vt 0.333025 0.496469
vt 0.319086 0.510138
vt 0.345999 0.497447
vt 0.331999 0.511150
vt 0.344995 0.512175
vt 0.359006 0.498431
vt 0.358015 0.513227
vt 0.359823 0.483568
vt 0.372831 0.484381
vt 0.371977 0.499363
vt 0.370930 0.514184
vt 0.369814 0.528825
vt 0.385070 0.500540
vt 0.385893 0.485334
vt 0.384077 0.515371
vt 0.382955 0.530392
vt 0.397330 0.516811
vt 0.356779 0.527956
vt 0.343778 0.526881
vt 0.368543 0.543857
vt 0.355551 0.542672
vt 0.330802 0.525780
vt 0.342519 0.541524
vt 0.317890 0.524711
vt 0.329527 0.540391
vt 0.341020 0.556157
vt 0.306271 0.509135
vt 0.305109 0.523681
vt 0.294558 0.493589
vt 0.293529 0.508084
vt 0.282884 0.478212
vt 0.281895 0.492567
vt 0.271376 0.462977
vt 0.270367 0.477227
vt 0.258943 0.462000
vt 0.259734 0.449737
vt 0.246624 0.460999
vt 0.257948 0.476076
vt 0.676948 0.138420
vt 0.665889 0.152801
vt 0.665706 0.136963
vt 0.677333 0.124787
vt 0.655449 0.168780
vt 0.666048 0.168734
vt 0.655179 0.152615
vt 0.655422 0.185363
vt 0.665874 0.185220
vt 0.677054 0.186146
vt 0.665642 0.201832
vt 0.676663 0.202524
vt 0.665241 0.218514
vt 0.655246 0.201950
vt 0.654986 0.218656
vt 0.644858 0.185355
vt 0.644842 0.201998
vt 0.644752 0.218691
vt 0.644835 0.168748
vt 0.634388 0.185311
vt 0.634419 0.218684
vt 0.634510 0.235553
vt 0.624359 0.235535
vt 0.634389 0.201964
vt 0.624128 0.218591
vt 0.614350 0.235367
vt 0.623922 0.201863
vt 0.613886 0.218490
vt 0.601036 0.219279
vt 0.623688 0.185208
vt 0.613475 0.201761
vt 0.600476 0.202580
vt 0.612962 0.185121
vt 0.634188 0.168721
vt 0.623406 0.168652
vt 0.644419 0.152510
vt 0.633650 0.152426
vt 0.654820 0.136838
vt 0.643974 0.136671
vt 0.665878 0.123334
vt 0.654875 0.123093
vt 0.643783 0.122997
vt 0.633115 0.136554
vt 0.622688 0.152434
vt 0.612461 0.168570
vt 0.611782 0.152270
vt 0.599829 0.186065
vt 0.599197 0.169678
vt 0.587573 0.203376
vt 0.598487 0.153433
vt 0.586843 0.186934
vt 0.586092 0.170609
vt 0.573918 0.187696
vt 0.585238 0.154448
vt 0.572990 0.171443
vt 0.597496 0.137419
vt 0.572022 0.155405
vt 0.570862 0.139513
vt 0.495900 0.440743
vt 0.482450 0.439286
vt 0.522331 0.457644
vt 0.509372 0.442339
vt 0.523006 0.443945
vt 0.536015 0.459447
vt 0.536820 0.445626
vt 0.523562 0.429979
vt 0.537418 0.431659
vt 0.549239 0.445882
vt 0.548098 0.473436
vt 0.548674 0.459795
vt 0.549756 0.431923
vt 0.561343 0.460247
vt 0.538018 0.417572
vt 0.550181 0.417765
vt 0.560816 0.473940
vt 0.573554 0.474570
vt 0.560200 0.487531
vt 0.573201 0.488218
vt 0.586312 0.475409
vt 0.585967 0.488966
vt 0.599362 0.476480
vt 0.599302 0.490159
vt 0.612539 0.477635
vt 0.612466 0.491397
vt 0.623406 0.491212
vt 0.612185 0.507038
vt 0.623210 0.507050
vt 0.622755 0.522696
vt 0.634311 0.507131
vt 0.634302 0.491252
vt 0.634091 0.522777
vt 0.645587 0.522938
vt 0.633691 0.538304
vt 0.645344 0.538561
vt 0.656776 0.538945
vt 0.656349 0.554343
vt 0.644749 0.553999
vt 0.643856 0.584246
vt 0.643407 0.599294
vt 0.655533 0.599726
vt 0.322178 0.194259
vt 0.334740 0.193172
vt 0.347444 0.192188
vt 0.360311 0.191208
vt 0.348091 0.206843
vt 0.373175 0.190261
vt 0.360942 0.206011
vt 0.386100 0.189310
vt 0.373753 0.205130
vt 0.361360 0.220792
vt 0.386701 0.204274
vt 0.399165 0.188370
vt 0.399762 0.203422
vt 0.374095 0.219998
vt 0.387061 0.219218
vt 0.400172 0.218463
vt 0.413304 0.232541
vt 0.400395 0.233415
vt 0.387249 0.234056
vt 0.413170 0.247738
vt 0.400361 0.248377
vt 0.374466 0.234752
vt 0.387432 0.248939
vt 0.413112 0.262878
vt 0.400338 0.263301
vt 0.387356 0.263616
vt 0.374595 0.249431
vt 0.361776 0.235409
vt 0.349107 0.236175
vt 0.362081 0.249979
vt 0.374621 0.264187
vt 0.387236 0.278577
vt 0.349441 0.250637
vt 0.362027 0.264644
vt 0.374552 0.278973
vt 0.349270 0.265124
vt 0.399968 0.278192
vt 0.361799 0.279384
vt 0.412928 0.278018
vt 0.400087 0.293282
vt 0.412978 0.293193
vt 0.387360 0.293661
vt 0.374570 0.293883
vt 0.361703 0.294113
vt 0.400356 0.308457
vt 0.387470 0.308605
vt 0.374522 0.308757
vt 0.349020 0.279726
vt 0.413293 0.308380
vt 0.400533 0.323426
vt 0.413657 0.323475
vt 0.387607 0.323510
vt 0.414085 0.338567
vt 0.400928 0.338420
vt 0.374570 0.323540
vt 0.387932 0.338391
vt 0.427437 0.338941
vt 0.388240 0.353097
vt 0.401338 0.353274
vt 0.414521 0.353671
vt 0.388423 0.366176
vt 0.401536 0.366384
vt 0.414814 0.366832
vt 0.401775 0.379655
vt 0.427877 0.354218
vt 0.428209 0.367496
vt 0.426933 0.323608
vt 0.426541 0.308385
vt 0.440471 0.323512
vt 0.440970 0.339128
vt 0.441426 0.354595
vt 0.426269 0.293105
vt 0.440092 0.308164
vt 0.454230 0.323437
vt 0.454691 0.339117
vt 0.426204 0.277780
vt 0.439876 0.292673
vt 0.453879 0.307963
vt 0.468130 0.323388
vt 0.426269 0.262277
vt 0.439744 0.277165
vt 0.453656 0.292325
vt 0.426460 0.246813
vt 0.439799 0.261655
vt 0.440161 0.246154
vt 0.453545 0.276688
vt 0.453529 0.260973
vt 0.453781 0.245286
vt 0.467571 0.244372
vt 0.467632 0.260094
vt 0.467673 0.276059
vt 0.467752 0.292016
vt 0.481589 0.243317
vt 0.481838 0.259222
vt 0.481975 0.275385
vt 0.482060 0.291546
vt 0.495647 0.242178
vt 0.496112 0.258301
vt 0.496378 0.274596
vt 0.496484 0.290929
vt 0.777786 0.239752
vt 0.790639 0.224406
vt 0.789668 0.240628
vt 0.776782 0.256312
vt 0.803711 0.209283
vt 0.791561 0.208331
vt 0.778651 0.223495
vt 0.765674 0.239047
vt 0.804895 0.193263
vt 0.792757 0.192357
vt 0.779506 0.207417
vt 0.780450 0.191387
vt 0.766521 0.222694
vt 0.767285 0.206517
vt 0.768333 0.190379
vt 0.769359 0.174344
vt 0.755085 0.205575
vt 0.770483 0.158501
vt 0.756052 0.189350
vt 0.757092 0.173303
vt 0.771831 0.142820
vt 0.758133 0.157412
vt 0.772976 0.129309
vt 0.759278 0.141665
vt 0.760389 0.128169
vt 0.745709 0.156200
vt 0.744712 0.172110
vt 0.743704 0.188313
vt 0.746866 0.140458
vt 0.742811 0.204588
vt 0.733405 0.172100
vt 0.732586 0.188255
vt 0.741992 0.220944
vt 0.731832 0.204518
vt 0.754310 0.221838
vt 0.722174 0.171925
vt 0.753504 0.238274
vt 0.741089 0.237466
vt 0.730936 0.220964
vt 0.721478 0.188092
vt 0.720752 0.204380
vt 0.710290 0.187836
vt 0.720030 0.220877
vt 0.730165 0.237568
vt 0.737431 0.360312
vt 0.749971 0.375054
vt 0.737678 0.375701
vt 0.749661 0.359959
vt 0.737373 0.342232
vt 0.727016 0.375429
vt 0.727163 0.390294
vt 0.726852 0.360137
vt 0.716645 0.390162
vt 0.716890 0.404737
vt 0.716424 0.375206
vt 0.706035 0.390026
vt 0.717507 0.419439
vt 0.706208 0.404667
vt 0.706721 0.419301
vt 0.707652 0.433829
vt 0.718491 0.433960
vt 0.695628 0.404974
vt 0.695413 0.390309
vt 0.695960 0.419467
vt 0.684835 0.390741
vt 0.708626 0.448140
vt 0.719358 0.448053
vt 0.685054 0.405456
vt 0.697063 0.434029
vt 0.709457 0.462103
vt 0.685457 0.420014
vt 0.720229 0.461870
vt 0.697881 0.448232
vt 0.686213 0.434286
vt 0.698635 0.462298
vt 0.686820 0.448596
vt 0.675280 0.434916
vt 0.699469 0.476231
vt 0.687821 0.462755
vt 0.676057 0.449257
vt 0.710304 0.475947
vt 0.721122 0.475807
vt 0.711180 0.489880
vt 0.721986 0.489840
vt 0.700280 0.490206
vt 0.711868 0.506002
vt 0.722701 0.505857
vt 0.723274 0.521815
vt 0.735157 0.537485
vt 0.736018 0.552843
vt 0.724478 0.552917
vt 0.725450 0.568003
vt 0.713862 0.568279
vt 0.714496 0.583289
vt 0.702812 0.583628
vt 0.324098 0.378208
vt 0.336492 0.365682
vt 0.336790 0.378359
vt 0.349366 0.365842
vt 0.324198 0.390819
vt 0.311667 0.390476
vt 0.311416 0.402979
vt 0.349599 0.378526
vt 0.362270 0.365859
vt 0.362509 0.378762
vt 0.336829 0.391003
vt 0.324007 0.403385
vt 0.311172 0.415548
vt 0.349645 0.391289
vt 0.336676 0.403701
vt 0.323717 0.416016
vt 0.362580 0.391639
vt 0.375545 0.391970
vt 0.349528 0.404070
vt 0.336472 0.416462
vt 0.310811 0.428053
vt 0.298276 0.427450
vt 0.323455 0.428672
vt 0.297737 0.439872
vt 0.285206 0.439167
vt 0.310332 0.440587
vt 0.323007 0.441262
vt 0.336191 0.429186
vt 0.349328 0.416876
vt 0.349041 0.429688
vt 0.362473 0.404465
vt 0.362288 0.417363
vt 0.375449 0.404941
vt 0.388661 0.392337
vt 0.388574 0.405470
vt 0.401859 0.392860
vt 0.375260 0.417912
vt 0.362017 0.430250
vt 0.401770 0.406112
vt 0.415110 0.393556
vt 0.388368 0.418559
vt 0.375014 0.430876
vt 0.929450 0.203535
vt 0.930605 0.188297
vt 0.931646 0.173154
vt 0.913742 0.201878
vt 0.912578 0.217081
vt 0.914769 0.186808
vt 0.932766 0.158155
vt 0.915839 0.171746
vt 0.917069 0.156746
vt 0.918073 0.143567
vt 0.900149 0.170263
vt 0.901346 0.155190
vt 0.919192 0.130449
vt 0.902352 0.142057
vt 0.884281 0.168885
vt 0.920472 0.117396
vt 0.903345 0.128894
vt 0.904486 0.115754
vt 0.887628 0.127217
vt 0.867271 0.182690
vt 0.883297 0.184007
vt 0.866051 0.198037
vt 0.899011 0.185446
vt 0.882140 0.199100
vt 0.898011 0.200347
vt 0.896886 0.215589
vt 0.880950 0.214460
vt 0.895768 0.231237
vt 0.911556 0.232544
vt 0.894746 0.247164
vt 0.910585 0.248190
vt 0.879805 0.230257
vt 0.864833 0.213632
vt 0.893913 0.262979
vt 0.909818 0.263783
vt 0.878757 0.246276
vt 0.863663 0.229515
vt 0.849814 0.196970
vt 0.848547 0.212754
vt 0.833443 0.195650
vt 0.832149 0.211542
vt 0.815622 0.210108
vt 0.814367 0.226166
vt 0.830944 0.227528
vt 0.847355 0.228674
vt 0.813286 0.242280
vt 0.862608 0.245522
vt 0.829827 0.243569
vt 0.846270 0.244633
vt 0.877882 0.262218
vt 0.861667 0.261474
vt 0.828853 0.259704
vt 0.812222 0.258598
vt 0.845342 0.260594
vt 0.827990 0.275932
vt 0.844570 0.276696
vt 0.234457 0.459994
vt 0.247383 0.448849
vt 0.260356 0.437486
vt 0.260933 0.425282
vt 0.261456 0.413030
vt 0.274173 0.401457
vt 0.273765 0.413761
vt 0.273259 0.426024
vt 0.286528 0.402064
vt 0.272774 0.438306
vt 0.286166 0.414370
vt 0.285733 0.426768
vt 0.286793 0.389682
vt 0.298922 0.402511
vt 0.298639 0.414991
vt 0.299091 0.390041
vt 0.299269 0.377699
vt 0.311587 0.377977
vt 0.286977 0.377324
vt 0.299169 0.365302
vt 0.274751 0.376896
vt 0.311207 0.352892
vt 0.311388 0.365490
vt 0.323386 0.338511
vt 0.323627 0.352984
vt 0.335976 0.338466
vt 0.348778 0.338463
vt 0.336250 0.353025
vt 0.349072 0.353046
vt 0.323796 0.365488
vt 0.413024 0.472626
vt 0.413672 0.459549
vt 0.426944 0.460729
vt 0.427541 0.447539
vt 0.426314 0.473908
vt 0.440398 0.462032
vt 0.441070 0.448779
vt 0.441566 0.435487
vt 0.454739 0.450085
vt 0.455266 0.436701
vt 0.455467 0.423255
vt 0.468931 0.437977
vt 0.469126 0.424431
vt 0.469108 0.410840
vt 0.482715 0.425670
vt 0.482796 0.411982
vt 0.482809 0.398155
vt 0.496528 0.399222
vt 0.496341 0.413145
vt 0.510458 0.400406
vt 0.496248 0.426976
vt 0.510171 0.414416
vt 0.885782 0.540156
vt 0.904875 0.568778
vt 0.906658 0.583537
vt 0.908250 0.598311
vt 0.903193 0.553884
vt 0.901569 0.538916
vt 0.909515 0.613101
vt 0.924048 0.596769
vt 0.925583 0.611772
vt 0.927071 0.626581
vt 0.941174 0.611140
vt 0.939030 0.595793
vt 0.955702 0.592790
vt 0.938002 0.580548
vt 0.954445 0.578483
vt 0.952841 0.564728
vt 0.936483 0.565961
vt 0.922671 0.582160
vt 0.920819 0.567423
vt 0.934554 0.551188
vt 0.918965 0.552595
vt 0.932999 0.536272
vt 0.917308 0.537574
vt 0.931603 0.521271
vt 0.930009 0.505040
vt 0.915797 0.522516
vt 0.945612 0.487909
vt 0.899975 0.523780
vt 0.914317 0.506355
vt 0.928720 0.490018
vt 0.913007 0.491209
vt 0.927674 0.474960
vt 0.944098 0.471186
vt 0.911694 0.476155
vt 0.897148 0.492406
vt 0.926419 0.462321
vt 0.942896 0.458259
vt 0.925614 0.449381
vt 0.910324 0.463219
vt 0.895783 0.477151
vt 0.909179 0.450110
vt 0.908492 0.436889
vt 0.894437 0.463982
vt 0.893272 0.450992
vt 0.881304 0.493567
vt 0.879931 0.478342
vt 0.878495 0.465087
vt 0.865588 0.494763
vt 0.898425 0.507606
vt 0.882628 0.508753
vt 0.884208 0.524983
vt 0.869872 0.541509
vt 0.868499 0.526254
vt 0.854087 0.542815
vt 0.852540 0.527664
vt 0.866946 0.509883
vt 0.851139 0.512213
vt 0.835198 0.513580
vt 0.849657 0.496655
vt 0.833797 0.498202
vt 0.818024 0.499877
vt 0.805941 0.500497
vt 0.816627 0.484390
vt 0.832464 0.482740
vt 0.804584 0.485035
vt 0.815464 0.470953
vt 0.848158 0.481198
vt 0.831383 0.469366
vt 0.864096 0.479561
vt 0.847251 0.467785
vt 0.863034 0.466452
vt 0.846242 0.454377
vt 0.861986 0.453164
vt 0.877627 0.451918
vt 0.845406 0.441051
vt 0.861226 0.439871
vt 0.876925 0.438767
vt 0.892653 0.437807
vt 0.892255 0.424484
vt 0.907787 0.423451
vt 0.892039 0.411081
vt 0.876446 0.425398
vt 0.876145 0.411837
vt 0.875894 0.398212
vt 0.860587 0.426409
vt 0.860111 0.412775
vt 0.859732 0.399121
vt 0.859480 0.385303
vt 0.875738 0.384595
vt 0.859372 0.371428
vt 0.844679 0.427471
vt 0.844050 0.413778
vt 0.842958 0.372023
vt 0.843533 0.399986
vt 0.843175 0.386049
vt 0.842835 0.357999
vt 0.827173 0.401033
vt 0.826653 0.386964
vt 0.826310 0.372847
vt 0.826163 0.358564
vt 0.826257 0.341959
vt 0.843002 0.341733
vt 0.826518 0.325322
vt 0.809182 0.342200
vt 0.809200 0.325155
vt 0.809626 0.308242
vt 0.826817 0.308731
vt 0.809311 0.359217
vt 0.809498 0.373684
vt 0.810320 0.291486
vt 0.827320 0.292280
vt 0.809977 0.388020
vt 0.797764 0.373786
vt 0.811184 0.275024
vt 0.798223 0.388155
vt 0.800468 0.257856
vt 0.799384 0.274468
vt 0.798549 0.291177
vt 0.788650 0.257081
vt 0.801407 0.241467
vt 0.787575 0.273864
vt 0.802501 0.225294
vt 0.655795 0.477787
vt 0.645317 0.491366
vt 0.665115 0.450014
vt 0.655182 0.463895
vt 0.644933 0.477561
vt 0.664545 0.435786
vt 0.654539 0.449733
vt 0.644537 0.463684
vt 0.634187 0.477475
vt 0.644113 0.449644
vt 0.654109 0.435505
vt 0.663856 0.421215
vt 0.633933 0.463598
vt 0.623292 0.477450
vt 0.674733 0.420517
vt 0.674353 0.405854
vt 0.663502 0.406475
vt 0.653671 0.420983
vt 0.674068 0.390955
vt 0.663293 0.391535
vt 0.653420 0.406176
vt 0.643803 0.435397
vt 0.643328 0.406040
vt 0.653371 0.391221
vt 0.643380 0.420836
vt 0.663182 0.376305
vt 0.643445 0.391041
vt 0.673941 0.375796
vt 0.509778 0.241076
vt 0.510291 0.257194
vt 0.510727 0.273625
vt 0.510951 0.290285
vt 0.510916 0.306825
vt 0.496441 0.307231
vt 0.482080 0.307512
vt 0.467872 0.307754
vt 0.482141 0.323407
vt 0.496373 0.323468
vt 0.510794 0.323499
vt 0.496491 0.339893
vt 0.468535 0.339203
vt 0.482442 0.339453
vt 0.455078 0.354974
vt 0.468861 0.355295
vt 0.482715 0.355824
vt 0.441709 0.368163
vt 0.455336 0.368735
vt 0.468978 0.369408
vt 0.496717 0.356458
vt 0.441833 0.381761
vt 0.482799 0.370053
vt 0.455398 0.382610
vt 0.469093 0.383336
vt 0.428396 0.380939
vt 0.415043 0.380165
vt 0.388599 0.379275
vt 0.375549 0.379007
vt 0.375379 0.366029
vt 0.375249 0.353096
vt 0.374889 0.338409
vt 0.362130 0.353079
vt 0.361822 0.338400
vt 0.361513 0.323637
vt 0.361529 0.308941
vt 0.348731 0.294480
vt 0.348606 0.309139
vt 0.348617 0.323850
vt 0.335911 0.294932
vt 0.336267 0.280298
vt 0.335734 0.309457
vt 0.336523 0.265642
vt 0.323590 0.280770
vt 0.323304 0.295263
vt 0.323716 0.266175
vt 0.336590 0.251159
vt 0.323889 0.251728
vt 0.311434 0.252341
vt 0.311318 0.266780
vt 0.311167 0.281206
vt 0.299129 0.252981
vt 0.299134 0.267233
vt 0.298991 0.281571
vt 0.287100 0.253540
vt 0.552871 0.305805
vt 0.540238 0.288566
vt 0.552493 0.288590
vt 0.539660 0.271652
vt 0.565154 0.305761
vt 0.540623 0.305744
vt 0.552061 0.271618
vt 0.525157 0.272707
vt 0.564882 0.288551
vt 0.565333 0.323219
vt 0.525508 0.289519
vt 0.524645 0.256071
vt 0.525614 0.306426
vt 0.539044 0.254826
vt 0.523991 0.239696
vt 0.525584 0.323573
vt 0.540741 0.323437
vt 0.525409 0.340987
vt 0.553061 0.323416
vt 0.540546 0.341434
vt 0.552726 0.341357
vt 0.565011 0.341180
vt 0.525460 0.357878
vt 0.540239 0.358868
vt 0.552319 0.358870
vt 0.525313 0.372711
vt 0.539723 0.373726
vt 0.551866 0.373466
vt 0.510953 0.371678
vt 0.510954 0.357121
vt 0.510768 0.340390
vt 0.496770 0.370850
vt 0.482857 0.384192
vt 0.496742 0.385150
vt 0.510757 0.386180
vt 0.524931 0.387253
vt 0.469077 0.397200
vt 0.539167 0.388616
vt 0.455421 0.396269
vt 0.455473 0.409805
vt 0.441763 0.422154
vt 0.427928 0.434336
vt 0.414198 0.446441
vt 0.400405 0.458486
vt 0.386598 0.470463
vt 0.399812 0.471496
vt 0.399099 0.486600
vt 0.653333 0.375967
vt 0.663024 0.360722
vt 0.684615 0.375586
vt 0.673943 0.360357
vt 0.695269 0.375396
vt 0.684679 0.360229
vt 0.663169 0.342298
vt 0.705877 0.375319
vt 0.695073 0.360063
vt 0.716257 0.360083
vt 0.705685 0.360088
vt 0.726789 0.342188
vt 0.716204 0.342137
vt 0.705621 0.342172
vt 0.695060 0.342084
vt 0.726927 0.324097
vt 0.684695 0.342133
vt 0.716336 0.324111
vt 0.737528 0.324047
vt 0.705792 0.324116
vt 0.674113 0.342201
vt 0.695230 0.324157
vt 0.684842 0.324059
vt 0.674199 0.323967
vt 0.663240 0.323788
vt 0.663473 0.305318
vt 0.674291 0.305743
vt 0.685009 0.306022
vt 0.695527 0.306193
vt 0.695916 0.288566
vt 0.706156 0.306224
vt 0.685437 0.288268
vt 0.674673 0.287879
vt 0.716720 0.306245
vt 0.706647 0.288626
vt 0.727344 0.306181
vt 0.717300 0.288626
vt 0.696433 0.271288
vt 0.707320 0.271299
vt 0.685705 0.270897
vt 0.674966 0.270440
vt 0.675359 0.253163
vt 0.664167 0.269848
vt 0.686161 0.253669
vt 0.697068 0.254008
vt 0.686638 0.236557
vt 0.697568 0.236944
vt 0.707882 0.254218
vt 0.708445 0.237343
vt 0.709092 0.220655
vt 0.719328 0.237572
vt 0.698155 0.220257
vt 0.698746 0.203733
vt 0.718643 0.254328
vt 0.729501 0.254293
vt 0.687147 0.219798
vt 0.717991 0.271324
vt 0.728667 0.271288
vt 0.739298 0.271087
vt 0.727904 0.288632
vt 0.738514 0.288427
vt 0.751542 0.271867
vt 0.737943 0.306001
vt 0.750712 0.289072
vt 0.763699 0.272564
vt 0.750132 0.306534
vt 0.749918 0.324286
vt 0.762245 0.306963
vt 0.762798 0.289730
vt 0.774760 0.290308
vt 0.509841 0.428383
vt 0.524067 0.415856
vt 0.524416 0.401708
vt 0.538476 0.403066
vt 0.550503 0.403363
vt 0.562930 0.403481
vt 0.551194 0.388547
vt 0.563300 0.388574
vt 0.575677 0.388957
vt 0.563910 0.373732
vt 0.576317 0.373795
vt 0.588899 0.374298
vt 0.576961 0.358923
vt 0.564542 0.358929
vt 0.577466 0.341233
vt 0.577495 0.323058
vt 0.589851 0.323178
vt 0.577433 0.305611
vt 0.589831 0.305495
vt 0.577273 0.288308
vt 0.589801 0.288037
vt 0.576957 0.270897
vt 0.589562 0.270629
vt 0.564587 0.271281
vt 0.589194 0.253400
vt 0.564061 0.254301
vt 0.551485 0.254523
vt 0.601524 0.235995
vt 0.601943 0.252849
vt 0.538248 0.238322
vt 0.537370 0.221997
vt 0.523172 0.223518
vt 0.522205 0.207408
vt 0.508210 0.208885
vt 0.509104 0.224975
vt 0.762076 0.374626
vt 0.774452 0.388864
vt 0.762463 0.389421
vt 0.786903 0.402731
vt 0.774914 0.403295
vt 0.798764 0.402420
vt 0.787645 0.416938
vt 0.810600 0.402153
vt 0.799580 0.416555
vt 0.827781 0.414924
vt 0.811366 0.416174
vt 0.828561 0.428643
vt 0.829382 0.442271
vt 0.812268 0.430018
vt 0.800389 0.430479
vt 0.830382 0.455806
vt 0.813281 0.443754
vt 0.814289 0.457382
vt 0.801326 0.444259
vt 0.802290 0.457927
vt 0.803473 0.471525
vt 0.792537 0.485825
vt 0.791393 0.472274
vt 0.790277 0.458605
vt 0.780453 0.486691
vt 0.779384 0.473074
vt 0.789341 0.444871
vt 0.778284 0.459349
vt 0.788433 0.430993
vt 0.777369 0.445567
vt 0.776449 0.431612
vt 0.775666 0.417506
vt 0.763013 0.403889
vt 0.763678 0.418166
vt 0.764452 0.432300
vt 0.765325 0.446335
vt 0.750379 0.389967
vt 0.750821 0.404568
vt 0.751536 0.418901
vt 0.752347 0.433164
vt 0.766176 0.460130
vt 0.753182 0.447233
vt 0.767136 0.473937
vt 0.754017 0.461187
vt 0.755056 0.475007
vt 0.756051 0.488800
vt 0.742950 0.475948
vt 0.743828 0.489954
vt 0.733653 0.505864
vt 0.732752 0.489899
vt 0.741820 0.462030
vt 0.732014 0.475852
vt 0.740948 0.448196
vt 0.730923 0.461939
vt 0.740059 0.433989
vt 0.730064 0.448065
vt 0.739236 0.419668
vt 0.729291 0.433874
vt 0.738592 0.405335
vt 0.728386 0.419441
vt 0.738057 0.390738
vt 0.727768 0.404986
vt 0.663846 0.287360
vt 0.654115 0.287568
vt 0.654323 0.269980
vt 0.653800 0.305453
vt 0.644481 0.270032
vt 0.653572 0.323689
vt 0.644261 0.287637
vt 0.644103 0.305426
vt 0.653397 0.342149
vt 0.643943 0.323555
vt 0.653320 0.360456
vt 0.643537 0.375801
vt 0.643682 0.360278
vt 0.643851 0.341979
vt 0.633458 0.390877
vt 0.633703 0.375677
vt 0.633215 0.406003
vt 0.623448 0.390943
vt 0.634087 0.360095
vt 0.623892 0.375634
vt 0.634363 0.341791
vt 0.633245 0.420825
vt 0.623114 0.406024
vt 0.633360 0.435287
vt 0.622968 0.420800
vt 0.623031 0.435317
vt 0.633632 0.449583
vt 0.623198 0.463661
vt 0.623135 0.449572
vt 0.612558 0.463749
vt 0.612648 0.449785
vt 0.612760 0.435519
vt 0.612836 0.420962
vt 0.599653 0.448820
vt 0.599542 0.462785
vt 0.613222 0.406136
vt 0.599819 0.434578
vt 0.600045 0.420100
vt 0.613651 0.391063
vt 0.600459 0.405336
vt 0.614193 0.375758
vt 0.600992 0.390209
vt 0.587365 0.419366
vt 0.587780 0.404637
vt 0.587097 0.433767
vt 0.624303 0.360104
vt 0.586863 0.447931
vt 0.586559 0.461810
vt 0.574240 0.447082
vt 0.573917 0.460902
vt 0.574553 0.433026
vt 0.561763 0.446423
vt 0.574865 0.418723
vt 0.562168 0.432385
vt 0.562517 0.418058
vt 0.575213 0.404072
vt 0.588297 0.389540
vt 0.601450 0.374995
vt 0.614583 0.360222
vt 0.601891 0.359578
vt 0.624725 0.341770
vt 0.615086 0.341843
vt 0.589310 0.359099
vt 0.602271 0.341577
vt 0.602471 0.323151
vt 0.589850 0.341201
vt 0.615281 0.323177
vt 0.624896 0.323288
vt 0.634460 0.323349
vt 0.634543 0.305315
vt 0.624876 0.305076
vt 0.615212 0.304878
vt 0.634590 0.287472
vt 0.624817 0.287319
vt 0.615089 0.287095
vt 0.602463 0.305186
vt 0.602457 0.287582
vt 0.602220 0.270110
vt 0.614940 0.269564
vt 0.624800 0.269732
vt 0.624629 0.252617
vt 0.634623 0.269923
vt 0.614737 0.252326
vt 0.634467 0.252695
vt 0.644498 0.252596
vt 0.644697 0.235537
vt 0.654473 0.252583
vt 0.654771 0.235469
vt 0.664465 0.252428
vt 0.675774 0.236040
vt 0.664850 0.235356
vt 0.676181 0.219214
vt 0.687701 0.203232
vt 0.699093 0.187438
vt 0.688144 0.186893
vt 0.710759 0.171675
vt 0.699426 0.171321
vt 0.722798 0.155971
vt 0.688345 0.170681
vt 0.711223 0.155648
vt 0.699628 0.155389
vt 0.734333 0.156154
vt 0.723639 0.140163
vt 0.735354 0.140288
vt 0.711790 0.139987
vt 0.700051 0.139671
vt 0.688331 0.155023
vt 0.689064 0.125764
vt 0.677276 0.169964
vt 0.688519 0.139354
vt 0.676985 0.154096
vt 0.971692 0.221793
vt 0.981215 0.221960
vt 0.971148 0.236303
vt 0.980954 0.236733
vt 0.959810 0.221237
vt 0.959247 0.235685
vt 0.970701 0.251062
vt 0.980655 0.251546
vt 0.979972 0.266646
vt 0.958567 0.250553
vt 0.970114 0.266029
vt 0.979185 0.281780
vt 0.957773 0.265627
vt 0.969384 0.281442
vt 0.978011 0.296951
vt 0.968503 0.296326
vt 0.976234 0.311941
vt 0.957125 0.280813
vt 0.967203 0.311344
vt 0.975215 0.327209
vt 0.956565 0.295660
vt 0.956093 0.310691
vt 0.965959 0.326661
vt 0.965541 0.342211
vt 0.974245 0.342183
vt 0.955885 0.326644
vt 0.940745 0.325553
vt 0.966002 0.357428
vt 0.974842 0.357026
vt 0.955387 0.342443
vt 0.966465 0.370499
vt 0.975546 0.370166
vt 0.955184 0.357756
vt 0.940633 0.343304
vt 0.954939 0.370665
vt 0.966606 0.382861
vt 0.975585 0.383134
vt 0.955073 0.383107
vt 0.940341 0.360193
vt 0.939987 0.373423
vt 0.955579 0.395235
vt 0.967050 0.394688
vt 0.975522 0.395776
vt 0.966011 0.407811
vt 0.974772 0.407959
vt 0.974326 0.421609
vt 0.965267 0.422180
vt 0.976362 0.434124
vt 0.954045 0.408130
vt 0.968304 0.435349
vt 0.978282 0.446790
vt 0.951807 0.422235
vt 0.956309 0.434842
vt 0.936766 0.409558
vt 0.940114 0.397161
vt 0.939991 0.385500
vt 0.923758 0.396692
vt 0.923348 0.383616
vt 0.923797 0.370272
vt 0.907860 0.383766
vt 0.924059 0.356985
vt 0.907988 0.370384
vt 0.908123 0.356985
vt 0.924217 0.341633
vt 0.908246 0.341446
vt 0.924381 0.326167
vt 0.892150 0.341363
vt 0.892015 0.357040
vt 0.891921 0.370531
vt 0.908323 0.325843
vt 0.924431 0.310622
vt 0.892283 0.325603
vt 0.940985 0.308305
vt 0.908428 0.310214
vt 0.924606 0.295117
vt 0.941170 0.293005
vt 0.941551 0.278874
vt 0.925016 0.279836
vt 0.908771 0.294703
vt 0.892411 0.309841
vt 0.909240 0.279212
vt 0.925636 0.264488
vt 0.942060 0.264633
vt 0.942745 0.250481
vt 0.926315 0.249172
vt 0.943536 0.236281
vt 0.944396 0.222409
vt 0.927162 0.233869
vt 0.945604 0.207531
vt 0.928204 0.218659
vt 0.709752 0.204115
vt 0.740250 0.254124
vt 0.752564 0.254950
vt 0.764720 0.255603
vt 0.775682 0.273220
vt 0.786705 0.290754
vt 0.797921 0.307976
vt 0.786135 0.307678
vt 0.797537 0.324982
vt 0.774251 0.307383
vt 0.785801 0.324858
vt 0.797467 0.342088
vt 0.773947 0.324663
vt 0.797580 0.359237
vt 0.785772 0.359270
vt 0.785710 0.342084
vt 0.773851 0.342100
vt 0.773920 0.359437
vt 0.785914 0.373947
vt 0.786340 0.388464
vt 0.774063 0.374250
vt 0.761786 0.342122
vt 0.762001 0.324475
vt 0.761786 0.359672
vt 0.749696 0.342125
vt 0.860983 0.277352
vt 0.844011 0.292774
vt 0.877240 0.277949
vt 0.860427 0.293265
vt 0.876687 0.293713
vt 0.893327 0.278591
vt 0.892814 0.294187
vt 0.876317 0.309536
vt 0.876103 0.325521
vt 0.860062 0.309291
vt 0.875896 0.341409
vt 0.859782 0.325461
vt 0.843594 0.309016
vt 0.875736 0.357241
vt 0.859512 0.341563
vt 0.843308 0.325423
vt 0.859368 0.357569
vt 0.875698 0.370877
vt 0.891707 0.384119
vt 0.907938 0.397140
vt 0.891932 0.397635
vt 0.922620 0.409878
vt 0.907352 0.410216
vt 0.923151 0.422698
vt 0.936747 0.422229
vt 0.940876 0.434205
vt 0.924967 0.435903
vt 0.942254 0.446504
vt 0.957713 0.447243
vt 0.969586 0.447624
vt 0.958374 0.459800
vt 0.970490 0.459534
vt 0.979426 0.459407
vt 0.979654 0.472196
vt 0.970712 0.472284
vt 0.980358 0.487267
vt 0.959326 0.472644
vt 0.971138 0.487624
vt 0.960667 0.487995
vt 0.972434 0.502994
s 1
f 1/1/1 2/2/2 3/3/3
f 4/4/4 3/3/3 2/2/2
f 3/3/3 5/5/5 1/1/1
f 5/5/5 6/6/6 1/1/1
f 6/6/6 5/5/5 7/7/7
f 3/3/3 4/4/4 8/8/8
f 9/9/9 8/8/8 4/4/4
f 8/8/8 9/9/9 10/10/10
f 8/8/8 11/11/11 3/3/3
f 11/11/11 5/5/5 3/3/3
f 10/10/10 12/12/12 8/8/8
f 12/12/12 11/11/11 8/8/8
f 13/13/13 12/12/12 10/10/10
f 11/11/11 14/14/14 5/5/5
f 14/14/14 7/7/7 5/5/5
f 7/7/7 14/14/14 15/15/15
f 16/16/16 15/15/15 14/14/14
f 17/17/17 14/14/14 11/11/11
f 17/17/17 16/16/16 14/14/14
f 12/12/12 17/17/17 11/11/11
f 13/13/13 18/18/18 12/12/12
f 18/18/18 17/17/17 12/12/12
f 19/19/19 18/18/18 13/13/13
f 19/19/19 20/20/20 18/18/18
f 18/18/18 21/21/21 17/17/17
f 21/21/21 16/16/16 17/17/17
f 20/20/20 21/21/21 18/18/18
f 22/22/22 16/16/16 21/21/21
f 20/20/20 22/22/22 21/21/21
f 23/23/23 24/24/24 25/25/25
f 23/23/23 26/26/26 24/24/24
f 26/26/26 23/23/23 27/27/27
f 27/27/27 28/28/28 26/26/26
f 28/28/28 27/27/27 29/29/29
f 30/30/30 29/29/29 27/27/27
f 29/29/29 30/30/30 31/31/31
f 32/32/32 27/27/27 23/23/23
f 27/27/27 32/32/32 30/30/30
f 33/33/33 23/23/23 25/25/25
f 32/32/32 23/23/23 33/33/33
f 33/33/33 25/25/25 34/34/34
f 34/34/34 25/25/25 35/35/35
f 36/36/36 31/31/31 30/30/30
f 31/31/31 36/36/36 37/37/37
f 38/38/38 30/30/30 32/32/32
f 36/36/36 30/30/30 38/38/38
f 39/39/39 32/32/32 33/33/33
f 38/38/38 32/32/32 39/39/39
f 40/40/40 33/33/33 34/34/34
f 39/39/39 33/33/33 40/40/40
f 41/41/41 37/37/37 36/36/36
f 37/37/37 41/41/41 42/42/42
f 43/43/43 42/42/42 41/41/41
f 42/42/42 43/43/43 44/44/44
f 45/45/45 43/43/43 41/41/41
f 41/41/41 36/36/36 46/46/46
f 41/41/41 46/46/46 45/45/45
f 46/46/46 36/36/36 38/38/38
f 47/47/47 45/45/45 46/46/46
f 46/46/46 38/38/38 48/48/48
f 46/46/46 48/48/48 47/47/47
f 48/48/48 38/38/38 39/39/39
f 49/49/49 47/47/47 48/48/48
f 48/48/48 39/39/39 50/50/50
f 48/48/48 50/50/50 49/49/49
f 50/50/50 39/39/39 40/40/40
f 51/51/51 49/49/49 50/50/50
f 50/50/50 52/52/52 51/51/51
f 50/50/50 40/40/40 52/52/52
f 53/53/53 51/51/51 52/52/52
f 52/52/52 40/40/40 54/54/54
f 52/52/52 55/55/55 53/53/53
f 52/52/52 54/54/54 55/55/55
f 40/40/40 34/34/34 54/54/54
f 56/56/56 53/53/53 55/55/55
f 54/54/54 34/34/34 57/57/57
f 34/34/34 35/35/35 57/57/57
f 55/55/55 54/54/54 58/58/58
f 54/54/54 57/57/57 58/58/58
f 56/56/56 55/55/55 59/59/59
f 55/55/55 58/58/58 59/59/59
f 60/60/60 56/56/56 59/59/59
f 57/57/57 35/35/35 61/61/61
f 35/35/35 62/62/62 61/61/61
f 58/58/58 57/57/57 63/63/63
f 57/57/57 61/61/61 63/63/63
f 59/59/59 58/58/58 64/64/64
f 58/58/58 63/63/63 64/64/64
f 59/59/59 65/65/65 60/60/60
f 59/59/59 64/64/64 65/65/65
f 66/66/66 60/60/60 65/65/65
f 61/61/61 62/62/62 67/67/67
f 62/62/62 68/68/68 67/67/67
f 63/63/63 61/61/61 69/69/69
f 61/61/61 67/67/67 69/69/69
f 63/63/63 69/69/69 70/70/70
f 64/64/64 63/63/63 70/70/70
f 65/65/65 71/71/71 66/66/66
f 65/65/65 64/64/64 72/72/72
f 64/64/64 70/70/70 72/72/72
f 65/65/65 72/72/72 71/71/71
f 73/73/73 66/66/66 71/71/71
f 71/71/71 74/74/74 73/73/73
f 75/75/75 73/73/73 74/74/74
f 75/75/75 74/74/74 76/76/76
f 71/71/71 77/77/77 74/74/74
f 71/71/71 72/72/72 77/77/77
f 78/78/78 76/76/76 74/74/74
f 74/74/74 77/77/77 78/78/78
f 76/76/76 78/78/78 79/79/79
f 72/72/72 80/80/80 77/77/77
f 72/72/72 70/70/70 80/80/80
f 77/77/77 81/81/81 78/78/78
f 77/77/77 80/80/80 81/81/81
f 82/82/82 79/79/79 78/78/78
f 78/78/78 81/81/81 82/82/82
f 79/79/79 82/82/82 83/83/83
f 70/70/70 84/84/84 80/80/80
f 70/70/70 69/69/69 84/84/84
f 80/80/80 85/85/85 81/81/81
f 80/80/80 84/84/84 85/85/85
f 81/81/81 86/86/86 82/82/82
f 81/81/81 85/85/85 86/86/86
f 87/87/87 83/83/83 82/82/82
f 82/82/82 86/86/86 87/87/87
f 83/83/83 87/87/87 88/88/88
f 69/69/69 89/89/89 84/84/84
f 69/69/69 67/67/67 89/89/89
f 84/84/84 90/90/90 85/85/85
f 84/84/84 89/89/89 90/90/90
f 91/91/91 88/88/88 87/87/87
f 88/88/88 91/91/91 92/92/92
f 87/87/87 93/93/93 91/91/91
f 86/86/86 93/93/93 87/87/87
f 85/85/85 94/94/94 86/86/86
f 86/86/86 94/94/94 93/93/93
f 85/85/85 90/90/90 94/94/94
f 10/10/10 92/92/92 91/91/91
f 92/92/92 10/10/10 9/9/9
f 93/93/93 13/13/13 91/91/91
f 91/91/91 13/13/13 10/10/10
f 94/94/94 19/19/19 93/93/93
f 93/93/93 19/19/19 13/13/13
f 90/90/90 95/95/95 94/94/94
f 94/94/94 95/95/95 19/19/19
f 90/90/90 96/96/96 95/95/95
f 89/89/89 96/96/96 90/90/90
f 95/95/95 20/20/20 19/19/19
f 89/89/89 97/97/97 96/96/96
f 67/67/67 97/97/97 89/89/89
f 67/67/67 68/68/68 97/97/97
f 68/68/68 98/98/98 97/97/97
f 97/97/97 98/98/98 99/99/99
f 97/97/97 99/99/99 96/96/96
f 98/98/98 100/100/100 99/99/99
f 96/96/96 101/101/101 95/95/95
f 96/96/96 99/99/99 101/101/101
f 95/95/95 101/101/101 20/20/20
f 99/99/99 100/100/100 102/102/102
f 99/99/99 102/102/102 101/101/101
f 101/101/101 102/102/102 22/22/22
f 101/101/101 22/22/22 20/20/20
f 100/100/100 103/103/103 102/102/102
f 102/102/102 104/104/104 22/22/22
f 104/104/104 102/102/102 103/103/103
f 103/103/103 100/100/100 105/105/105
f 100/100/100 106/106/106 105/105/105
f 106/106/106 107/107/107 105/105/105
f 108/108/108 105/105/105 107/107/107
f 105/105/105 108/108/108 103/103/103
f 107/107/107 109/109/109 108/108/108
f 103/103/103 110/110/110 104/104/104
f 110/110/110 103/103/103 108/108/108
f 111/111/111 108/108/108 109/109/109
f 108/108/108 111/111/111 110/110/110
f 109/109/109 112/112/112 111/111/111
f 113/113/113 104/104/104 110/110/110
f 114/114/114 110/110/110 111/111/111
f 110/110/110 114/114/114 113/113/113
f 115/115/115 111/111/111 112/112/112
f 111/111/111 115/115/115 114/114/114
f 104/104/104 113/113/113 16/16/16
f 16/16/16 22/22/22 104/104/104
f 116/116/116 117/117/117 118/118/118
f 119/119/119 118/118/118 117/117/117
f 118/118/118 119/119/119 120/120/120
f 119/119/119 121/121/121 120/120/120
f 121/121/121 122/122/122 120/120/120
f 122/122/122 118/118/118 120/120/120
f 122/122/122 121/121/121 123/123/123
f 124/124/124 122/122/122 123/123/123
f 125/125/125 116/116/116 118/118/118
f 118/118/118 122/122/122 125/125/125
f 116/116/116 125/125/125 126/126/126
f 122/122/122 124/124/124 127/127/127
f 127/127/127 125/125/125 122/122/122
f 128/128/128 126/126/126 125/125/125
f 125/125/125 127/127/127 128/128/128
f 126/126/126 128/128/128 129/129/129
f 124/124/124 130/130/130 127/127/127
f 130/130/130 128/128/128 127/127/127
f 130/130/130 124/124/124 131/131/131
f 132/132/132 129/129/129 128/128/128
f 128/128/128 130/130/130 132/132/132
f 131/131/131 133/133/133 130/130/130
f 133/133/133 132/132/132 130/130/130
f 133/133/133 131/131/131 134/134/134
f 135/135/135 133/133/133 134/134/134
f 129/129/129 132/132/132 136/136/136
f 137/137/137 129/129/129 136/136/136
f 132/132/132 133/133/133 138/138/138
f 138/138/138 136/136/136 132/132/132
f 133/133/133 135/135/135 139/139/139
f 139/139/139 138/138/138 133/133/133
f 140/140/140 139/139/139 135/135/135
f 136/136/136 138/138/138 141/141/141
f 141/141/141 137/137/137 136/136/136
f 138/138/138 139/139/139 142/142/142
f 142/142/142 141/141/141 138/138/138
f 139/139/139 140/140/140 143/143/143
f 143/143/143 142/142/142 139/139/139
f 144/144/144 143/143/143 140/140/140
f 141/141/141 142/142/142 145/145/145
f 137/137/137 141/141/141 146/146/146
f 145/145/145 146/146/146 141/141/141
f 147/147/147 137/137/137 146/146/146
f 137/137/137 147/147/147 148/148/148
f 142/142/142 143/143/143 149/149/149
f 149/149/149 145/145/145 142/142/142
f 143/143/143 144/144/144 150/150/150
f 150/150/150 149/149/149 143/143/143
f 144/144/144 151/151/151 150/150/150
f 151/151/151 144/144/144 152/152/152
f 149/149/149 150/150/150 153/153/153
f 151/151/151 153/153/153 150/150/150
f 154/154/154 151/151/151 152/152/152
f 153/153/153 155/155/155 149/149/149
f 145/145/145 149/149/149 155/155/155
f 151/151/151 154/154/154 156/156/156
f 154/154/154 157/157/157 156/156/156
f 153/153/153 151/151/151 158/158/158
f 156/156/156 158/158/158 151/151/151
f 157/157/157 159/159/159 156/156/156
f 158/158/158 156/156/156 159/159/159
f 159/159/159 157/157/157 160/160/160
f 161/161/161 159/159/159 160/160/160
f 162/162/162 158/158/158 159/159/159
f 159/159/159 161/161/161 162/162/162
f 158/158/158 163/163/163 153/153/153
f 155/155/155 153/153/153 163/163/163
f 158/158/158 162/162/162 164/164/164
f 163/163/163 158/158/158 164/164/164
f 165/165/165 166/166/166 167/167/167
f 167/167/167 168/168/168 165/165/165
f 168/168/168 167/167/167 169/169/169
f 170/170/170 166/166/166 165/165/165
f 168/168/168 170/170/170 165/165/165
f 166/166/166 170/170/170 171/171/171
f 172/172/172 168/168/168 169/169/169
f 168/168/168 172/172/172 173/173/173
f 174/174/174 173/173/173 172/172/172
f 170/170/170 168/168/168 175/175/175
f 173/173/173 175/175/175 168/168/168
f 176/176/176 171/171/171 170/170/170
f 175/175/175 176/176/176 170/170/170
f 171/171/171 176/176/176 177/177/177
f 178/178/178 177/177/177 176/176/176
f 177/177/177 178/178/178 179/179/179
f 178/178/178 180/180/180 179/179/179
f 181/181/181 178/178/178 176/176/176
f 176/176/176 175/175/175 181/181/181
f 180/180/180 178/178/178 182/182/182
f 182/182/182 183/183/183 180/180/180
f 178/178/178 181/181/181 184/184/184
f 184/184/184 182/182/182 178/178/178
f 185/185/185 181/181/181 175/175/175
f 175/175/175 173/173/173 185/185/185
f 186/186/186 184/184/184 181/181/181
f 181/181/181 185/185/185 186/186/186
f 183/183/183 182/182/182 187/187/187
f 187/187/187 188/188/188 183/183/183
f 182/182/182 184/184/184 189/189/189
f 189/189/189 187/187/187 182/182/182
f 184/184/184 186/186/186 190/190/190
f 190/190/190 189/189/189 184/184/184
f 191/191/191 186/186/186 185/185/185
f 192/192/192 190/190/190 186/186/186
f 186/186/186 191/191/191 192/192/192
f 193/193/193 185/185/185 173/173/173
f 185/185/185 193/193/193 191/191/191
f 173/173/173 174/174/174 193/193/193
f 194/194/194 193/193/193 174/174/174
f 193/193/193 194/194/194 195/195/195
f 195/195/195 191/191/191 193/193/193
f 196/196/196 195/195/195 194/194/194
f 197/197/197 192/192/192 191/191/191
f 191/191/191 195/195/195 197/197/197
f 195/195/195 196/196/196 198/198/198
f 199/199/199 198/198/198 196/196/196
f 195/195/195 200/200/200 197/197/197
f 200/200/200 195/195/195 198/198/198
f 198/198/198 199/199/199 201/201/201
f 202/202/202 201/201/201 199/199/199
f 198/198/198 203/203/203 200/200/200
f 203/203/203 198/198/198 201/201/201
f 201/201/201 202/202/202 204/204/204
f 204/204/204 203/203/203 201/201/201
f 205/205/205 204/204/204 202/202/202
f 204/204/204 205/205/205 206/206/206
f 207/207/207 206/206/206 205/205/205
f 203/203/203 204/204/204 208/208/208
f 206/206/206 208/208/208 204/204/204
f 206/206/206 207/207/207 209/209/209
f 210/210/210 209/209/209 207/207/207
f 208/208/208 206/206/206 211/211/211
f 209/209/209 211/211/211 206/206/206
f 210/210/210 212/212/212 209/209/209
f 211/211/211 209/209/209 212/212/212
f 212/212/212 210/210/210 213/213/213
f 214/214/214 212/212/212 213/213/213
f 211/211/211 215/215/215 208/208/208
f 215/215/215 203/203/203 208/208/208
f 212/212/212 216/216/216 211/211/211
f 215/215/215 211/211/211 216/216/216
f 212/212/212 214/214/214 217/217/217
f 216/216/216 212/212/212 217/217/217
f 218/218/218 217/217/217 214/214/214
f 219/219/219 215/215/215 216/216/216
f 217/217/217 219/219/219 216/216/216
f 217/217/217 218/218/218 220/220/220
f 219/219/219 217/217/217 220/220/220
f 221/221/221 220/220/220 218/218/218
f 220/220/220 221/221/221 222/222/222
f 222/222/222 219/219/219 220/220/220
f 223/223/223 222/222/222 221/221/221
f 222/222/222 223/223/223 224/224/224
f 225/225/225 224/224/224 223/223/223
f 219/219/219 222/222/222 226/226/226
f 224/224/224 226/226/226 222/222/222
f 224/224/224 225/225/225 227/227/227
f 228/228/228 227/227/227 225/225/225
f 226/226/226 224/224/224 229/229/229
f 230/230/230 224/224/224 227/227/227
f 224/224/224 230/230/230 229/229/229
f 231/231/231 219/219/219 226/226/226
f 232/232/232 226/226/226 229/229/229
f 226/226/226 232/232/232 231/231/231
f 233/233/233 229/229/229 230/230/230
f 229/229/229 233/233/233 232/232/232
f 227/227/227 234/234/234 230/230/230
f 230/230/230 235/235/235 233/233/233
f 235/235/235 230/230/230 234/234/234
f 234/234/234 227/227/227 236/236/236
f 227/227/227 228/228/228 236/236/236
f 234/234/234 237/237/237 235/235/235
f 148/148/148 233/233/233 235/235/235
f 237/237/237 148/148/148 235/235/235
f 228/228/228 238/238/238 236/236/236
f 236/236/236 239/239/239 234/234/234
f 237/237/237 234/234/234 239/239/239
f 239/239/239 236/236/236 238/238/238
f 238/238/238 228/228/228 240/240/240
f 239/239/239 129/129/129 237/237/237
f 240/240/240 116/116/116 238/238/238
f 116/116/116 240/240/240 241/241/241
f 238/238/238 126/126/126 239/239/239
f 126/126/126 238/238/238 116/116/116
f 129/129/129 239/239/239 126/126/126
f 117/117/117 116/116/116 241/241/241
f 129/129/129 137/137/137 237/237/237
f 148/148/148 237/237/237 137/137/137
f 161/161/161 242/242/242 162/162/162
f 242/242/242 164/164/164 162/162/162
f 242/242/242 161/161/161 243/243/243
f 244/244/244 242/242/242 243/243/243
f 163/163/163 245/245/245 155/155/155
f 245/245/245 145/145/145 155/155/155
f 164/164/164 246/246/246 163/163/163
f 245/245/245 163/163/163 246/246/246
f 164/164/164 242/242/242 247/247/247
f 246/246/246 164/164/164 247/247/247
f 242/242/242 244/244/244 248/248/248
f 248/248/248 247/247/247 242/242/242
f 188/188/188 248/248/248 244/244/244
f 249/249/249 246/246/246 247/247/247
f 247/247/247 248/248/248 249/249/249
f 248/248/248 188/188/188 250/250/250
f 250/250/250 249/249/249 248/248/248
f 188/188/188 187/187/187 250/250/250
f 246/246/246 249/249/249 251/251/251
f 251/251/251 245/245/245 246/246/246
f 249/249/249 250/250/250 252/252/252
f 252/252/252 251/251/251 249/249/249
f 253/253/253 250/250/250 187/187/187
f 250/250/250 253/253/253 252/252/252
f 187/187/187 189/189/189 253/253/253
f 254/254/254 253/253/253 189/189/189
f 189/189/189 190/190/190 254/254/254
f 255/255/255 252/252/252 253/253/253
f 253/253/253 254/254/254 255/255/255
f 251/251/251 252/252/252 256/256/256
f 252/252/252 255/255/255 256/256/256
f 256/256/256 257/257/257 251/251/251
f 245/245/245 251/251/251 257/257/257
f 258/258/258 254/254/254 190/190/190
f 190/190/190 192/192/192 258/258/258
f 259/259/259 255/255/255 254/254/254
f 254/254/254 258/258/258 259/259/259
f 260/260/260 256/256/256 255/255/255
f 255/255/255 259/259/259 260/260/260
f 256/256/256 260/260/260 261/261/261
f 257/257/257 256/256/256 261/261/261
f 262/262/262 258/258/258 192/192/192
f 192/192/192 197/197/197 262/262/262
f 263/263/263 259/259/259 258/258/258
f 258/258/258 262/262/262 263/263/263
f 264/264/264 260/260/260 259/259/259
f 259/259/259 263/263/263 264/264/264
f 262/262/262 265/265/265 263/263/263
f 265/265/265 264/264/264 263/263/263
f 197/197/197 266/266/266 262/262/262
f 265/265/265 262/262/262 266/266/266
f 266/266/266 197/197/197 200/200/200
f 260/260/260 264/264/264 267/267/267
f 267/267/267 261/261/261 260/260/260
f 264/264/264 265/265/265 268/268/268
f 268/268/268 267/267/267 264/264/264
f 200/200/200 269/269/269 266/266/266
f 269/269/269 200/200/200 203/203/203
f 203/203/203 215/215/215 269/269/269
f 270/270/270 266/266/266 269/269/269
f 266/266/266 270/270/270 265/265/265
f 271/271/271 269/269/269 215/215/215
f 269/269/269 271/271/271 270/270/270
f 215/215/215 219/219/219 271/271/271
f 219/219/219 231/231/231 271/271/271
f 231/231/231 270/270/270 271/271/271
f 272/272/272 265/265/265 270/270/270
f 270/270/270 231/231/231 272/272/272
f 265/265/265 272/272/272 268/268/268
f 231/231/231 273/273/273 272/272/272
f 273/273/273 231/231/231 232/232/232
f 272/272/272 274/274/274 268/268/268
f 274/274/274 272/272/272 273/273/273
f 267/267/267 268/268/268 274/274/274
f 232/232/232 275/275/275 273/273/273
f 275/275/275 232/232/232 233/233/233
f 233/233/233 148/148/148 275/275/275
f 147/147/147 275/275/275 148/148/148
f 276/276/276 273/273/273 275/275/275
f 275/275/275 147/147/147 276/276/276
f 273/273/273 276/276/276 274/274/274
f 274/274/274 277/277/277 267/267/267
f 277/277/277 274/274/274 276/276/276
f 261/261/261 267/267/267 277/277/277
f 277/277/277 257/257/257 261/261/261
f 276/276/276 278/278/278 277/277/277
f 257/257/257 277/277/277 278/278/278
f 278/278/278 276/276/276 147/147/147
f 279/279/279 257/257/257 278/278/278
f 147/147/147 279/279/279 278/278/278
f 257/257/257 279/279/279 245/245/245
f 279/279/279 147/147/147 146/146/146
f 145/145/145 245/245/245 279/279/279
f 146/146/146 145/145/145 279/279/279
f 280/280/280 281/281/281 282/282/282
f 282/282/282 281/281/281 283/283/283
f 280/280/280 284/284/284 285/285/285
f 285/285/285 281/281/281 280/280/280
f 284/284/284 286/286/286 287/287/287
f 287/287/287 285/285/285 284/284/284
f 286/286/286 288/288/288 289/289/289
f 289/289/289 287/287/287 286/286/286
f 281/281/281 290/290/290 283/283/283
f 283/283/283 290/290/290 291/291/291
f 281/281/281 285/285/285 292/292/292
f 292/292/292 290/290/290 281/281/281
f 285/285/285 287/287/287 293/293/293
f 293/293/293 292/292/292 285/285/285
f 287/287/287 289/289/289 294/294/294
f 294/294/294 293/293/293 287/287/287
f 290/290/290 295/295/295 291/291/291
f 291/291/291 295/295/295 296/296/296
f 290/290/290 292/292/292 297/297/297
f 297/297/297 295/295/295 290/290/290
f 292/292/292 293/293/293 298/298/298
f 298/298/298 297/297/297 292/292/292
f 293/293/293 294/294/294 299/299/299
f 299/299/299 298/298/298 293/293/293
f 295/295/295 300/300/300 296/296/296
f 296/296/296 300/300/300 301/301/301
f 295/295/295 297/297/297 302/302/302
f 302/302/302 300/300/300 295/295/295
f 297/297/297 298/298/298 303/303/303
f 303/303/303 302/302/302 297/297/297
f 300/300/300 304/304/304 301/301/301
f 304/304/304 305/305/305 301/301/301
f 300/300/300 302/302/302 306/306/306
f 306/306/306 304/304/304 300/300/300
f 302/302/302 303/303/303 307/307/307
f 307/307/307 306/306/306 302/302/302
f 305/305/305 304/304/304 308/308/308
f 308/308/308 309/309/309 305/305/305
f 304/304/304 306/306/306 310/310/310
f 310/310/310 308/308/308 304/304/304
f 306/306/306 307/307/307 311/311/311
f 311/311/311 310/310/310 306/306/306
f 312/312/312 307/307/307 303/303/303
f 313/313/313 311/311/311 307/307/307
f 307/307/307 312/312/312 313/313/313
f 303/303/303 314/314/314 312/312/312
f 314/314/314 303/303/303 298/298/298
f 315/315/315 313/313/313 312/312/312
f 314/314/314 315/315/315 312/312/312
f 298/298/298 299/299/299 314/314/314
f 299/299/299 316/316/316 314/314/314
f 315/315/315 314/314/314 316/316/316
f 311/311/311 313/313/313 317/317/317
f 313/313/313 315/315/315 318/318/318
f 318/318/318 317/317/317 313/313/313
f 317/317/317 319/319/319 311/311/311
f 310/310/310 311/311/311 319/319/319
f 317/317/317 318/318/318 109/109/109
f 315/315/315 112/112/112 318/318/318
f 112/112/112 109/109/109 318/318/318
f 109/109/109 107/107/107 317/317/317
f 319/319/319 317/317/317 107/107/107
f 319/319/319 320/320/320 310/310/310
f 308/308/308 310/310/310 320/320/320
f 107/107/107 106/106/106 319/319/319
f 320/320/320 319/319/319 106/106/106
f 321/321/321 308/308/308 320/320/320
f 106/106/106 321/321/321 320/320/320
f 322/322/322 308/308/308 321/321/321
f 309/309/309 308/308/308 322/322/322
f 321/321/321 106/106/106 323/323/323
f 324/324/324 309/309/309 322/322/322
f 309/309/309 324/324/324 325/325/325
f 326/326/326 322/322/322 321/321/321
f 322/322/322 326/326/326 324/324/324
f 327/327/327 321/321/321 323/323/323
f 326/326/326 321/321/321 327/327/327
f 323/323/323 106/106/106 100/100/100
f 328/328/328 325/325/325 324/324/324
f 325/325/325 328/328/328 329/329/329
f 330/330/330 324/324/324 326/326/326
f 324/324/324 330/330/330 328/328/328
f 26/26/26 329/329/329 328/328/328
f 330/330/330 26/26/26 328/328/328
f 329/329/329 26/26/26 28/28/28
f 330/330/330 326/326/326 331/331/331
f 331/331/331 326/326/326 327/327/327
f 327/327/327 323/323/323 98/98/98
f 98/98/98 323/323/323 100/100/100
f 331/331/331 327/327/327 68/68/68
f 68/68/68 327/327/327 98/98/98
f 332/332/332 330/330/330 331/331/331
f 62/62/62 331/331/331 68/68/68
f 332/332/332 331/331/331 62/62/62
f 330/330/330 332/332/332 24/24/24
f 26/26/26 330/330/330 24/24/24
f 35/35/35 332/332/332 62/62/62
f 25/25/25 24/24/24 332/332/332
f 25/25/25 332/332/332 35/35/35
f 333/333/333 334/334/334 335/335/335
f 336/336/336 337/337/337 338/338/338
f 334/334/334 336/336/336 338/338/338
f 333/333/333 339/339/339 334/334/334
f 336/336/336 334/334/334 339/339/339
f 340/340/340 339/339/339 333/333/333
f 337/337/337 336/336/336 341/341/341
f 341/341/341 342/342/342 337/337/337
f 343/343/343 342/342/342 341/341/341
f 344/344/344 341/341/341 336/336/336
f 339/339/339 344/344/344 336/336/336
f 340/340/340 345/345/345 339/339/339
f 344/344/344 339/339/339 345/345/345
f 346/346/346 345/345/345 340/340/340
f 347/347/347 345/345/345 346/346/346
f 348/348/348 343/343/343 341/341/341
f 341/341/341 344/344/344 348/348/348
f 349/349/349 343/343/343 348/348/348
f 350/350/350 343/343/343 349/349/349
f 344/344/344 351/351/351 348/348/348
f 351/351/351 349/349/349 348/348/348
f 345/345/345 352/352/352 344/344/344
f 351/351/351 344/344/344 352/352/352
f 345/345/345 347/347/347 353/353/353
f 352/352/352 345/345/345 353/353/353
f 354/354/354 353/353/353 347/347/347
f 352/352/352 355/355/355 351/351/351
f 355/355/355 349/349/349 351/351/351
f 353/353/353 356/356/356 352/352/352
f 355/355/355 352/352/352 356/356/356
f 353/353/353 354/354/354 357/357/357
f 356/356/356 353/353/353 357/357/357
f 358/358/358 357/357/357 354/354/354
f 357/357/357 358/358/358 359/359/359
f 359/359/359 356/356/356 357/357/357
f 360/360/360 359/359/359 358/358/358
f 356/356/356 361/361/361 355/355/355
f 359/359/359 360/360/360 362/362/362
f 356/356/356 359/359/359 363/363/363
f 362/362/362 363/363/363 359/359/359
f 361/361/361 356/356/356 363/363/363
f 364/364/364 362/362/362 360/360/360
f 361/361/361 365/365/365 355/355/355
f 349/349/349 355/355/355 365/365/365
f 362/362/362 364/364/364 366/366/366
f 367/367/367 366/366/366 364/364/364
f 363/363/363 362/362/362 368/368/368
f 366/366/366 368/368/368 362/362/362
f 363/363/363 369/369/369 361/361/361
f 369/369/369 363/363/363 368/368/368
f 369/369/369 370/370/370 361/361/361
f 365/365/365 361/361/361 370/370/370
f 366/366/366 367/367/367 371/371/371
f 372/372/372 371/371/371 367/367/367
f 368/368/368 366/366/366 373/373/373
f 371/371/371 373/373/373 366/366/366
f 368/368/368 374/374/374 369/369/369
f 374/374/374 368/368/368 373/373/373
f 374/374/374 375/375/375 369/369/369
f 370/370/370 369/369/369 375/375/375
f 373/373/373 376/376/376 374/374/374
f 377/377/377 373/373/373 371/371/371
f 376/376/376 373/373/373 377/377/377
f 378/378/378 377/377/377 371/371/371
f 371/371/371 372/372/372 378/378/378
f 379/379/379 377/377/377 378/378/378
f 380/380/380 378/378/378 372/372/372
f 380/380/380 372/372/372 381/381/381
f 378/378/378 382/382/382 379/379/379
f 382/382/382 378/378/378 380/380/380
f 383/383/383 377/377/377 379/379/379
f 377/377/377 383/383/383 376/376/376
f 382/382/382 383/383/383 379/379/379
f 384/384/384 385/385/385 386/386/386
f 386/386/386 387/387/387 388/388/388
f 385/385/385 387/387/387 386/386/386
f 388/388/388 389/389/389 390/390/390
f 387/387/387 389/389/389 388/388/388
f 391/391/391 385/385/385 384/384/384
f 384/384/384 392/392/392 391/391/391
f 385/385/385 393/393/393 387/387/387
f 385/385/385 391/391/391 394/394/394
f 394/394/394 393/393/393 385/385/385
f 395/395/395 391/391/391 392/392/392
f 387/387/387 396/396/396 389/389/389
f 397/397/397 387/387/387 393/393/393
f 387/387/387 397/397/397 396/396/396
f 397/397/397 398/398/398 396/396/396
f 396/396/396 399/399/399 389/389/389
f 396/396/396 398/398/398 399/399/399
f 389/389/389 399/399/399 400/400/400
f 389/389/389 400/400/400 390/390/390
f 390/390/390 400/400/400 401/401/401
f 390/390/390 401/401/401 402/402/402
f 402/402/402 401/401/401 403/403/403
f 401/401/401 404/404/404 403/403/403
f 405/405/405 403/403/403 404/404/404
f 400/400/400 406/406/406 401/401/401
f 401/401/401 406/406/406 404/404/404
f 404/404/404 407/407/407 405/405/405
f 406/406/406 407/407/407 404/404/404
f 407/407/407 408/408/408 405/405/405
f 400/400/400 409/409/409 406/406/406
f 399/399/399 409/409/409 400/400/400
f 406/406/406 410/410/410 407/407/407
f 409/409/409 410/410/410 406/406/406
f 407/407/407 411/411/411 408/408/408
f 410/410/410 411/411/411 407/407/407
f 399/399/399 412/412/412 409/409/409
f 409/409/409 413/413/413 410/410/410
f 412/412/412 413/413/413 409/409/409
f 398/398/398 412/412/412 399/399/399
f 413/413/413 414/414/414 410/410/410
f 410/410/410 414/414/414 411/411/411
f 411/411/411 415/415/415 408/408/408
f 408/408/408 415/415/415 416/416/416
f 415/415/415 417/417/417 416/416/416
f 415/415/415 418/418/418 417/417/417
f 411/411/411 418/418/418 415/415/415
f 418/418/418 419/419/419 417/417/417
f 414/414/414 420/420/420 411/411/411
f 418/418/418 411/411/411 420/420/420
f 418/418/418 421/421/421 419/419/419
f 421/421/421 422/422/422 419/419/419
f 420/420/420 423/423/423 418/418/418
f 423/423/423 421/421/421 418/418/418
f 414/414/414 424/424/424 420/420/420
f 424/424/424 423/423/423 420/420/420
f 425/425/425 424/424/424 414/414/414
f 413/413/413 425/425/425 414/414/414
f 421/421/421 426/426/426 422/422/422
f 426/426/426 427/427/427 422/422/422
f 423/423/423 428/428/428 421/421/421
f 428/428/428 426/426/426 421/421/421
f 424/424/424 429/429/429 423/423/423
f 429/429/429 428/428/428 423/423/423
f 425/425/425 430/430/430 424/424/424
f 430/430/430 429/429/429 424/424/424
f 426/426/426 431/431/431 427/427/427
f 431/431/431 432/432/432 427/427/427
f 428/428/428 433/433/433 426/426/426
f 433/433/433 431/431/431 426/426/426
f 429/429/429 434/434/434 428/428/428
f 434/434/434 433/433/433 428/428/428
f 430/430/430 435/435/435 429/429/429
f 435/435/435 434/434/434 429/429/429
f 436/436/436 437/437/437 438/438/438
f 439/439/439 440/440/440 441/441/441
f 442/442/442 441/441/441 440/440/440
f 441/441/441 443/443/443 439/439/439
f 438/438/438 444/444/444 442/442/442
f 442/442/442 444/444/444 441/441/441
f 443/443/443 441/441/441 445/445/445
f 444/444/444 445/445/445 441/441/441
f 445/445/445 446/446/446 443/443/443
f 438/438/438 447/447/447 444/444/444
f 437/437/437 447/447/447 438/438/438
f 444/444/444 448/448/448 445/445/445
f 437/437/437 449/449/449 447/447/447
f 446/446/446 445/445/445 450/450/450
f 448/448/448 450/450/450 445/445/445
f 450/450/450 451/451/451 446/446/446
f 444/444/444 452/452/452 448/448/448
f 452/452/452 444/444/444 447/447/447
f 450/450/450 448/448/448 453/453/453
f 452/452/452 453/453/453 448/448/448
f 451/451/451 450/450/450 454/454/454
f 453/453/453 454/454/454 450/450/450
f 454/454/454 455/455/455 451/451/451
f 447/447/447 456/456/456 452/452/452
f 456/456/456 447/447/447 449/449/449
f 452/452/452 457/457/457 453/453/453
f 456/456/456 457/457/457 452/452/452
f 453/453/453 458/458/458 454/454/454
f 457/457/457 458/458/458 453/453/453
f 455/455/455 454/454/454 459/459/459
f 458/458/458 459/459/459 454/454/454
f 459/459/459 460/460/460 455/455/455
f 461/461/461 456/456/456 449/449/449
f 437/437/437 461/461/461 449/449/449
f 461/461/461 437/437/437 462/462/462
f 462/462/462 463/463/463 461/461/461
f 460/460/460 459/459/459 464/464/464
f 464/464/464 465/465/465 460/460/460
f 466/466/466 464/464/464 459/459/459
f 458/458/458 466/466/466 459/459/459
f 465/465/465 464/464/464 467/467/467
f 467/467/467 468/468/468 465/465/465
f 467/467/467 469/469/469 468/468/468
f 470/470/470 467/467/467 464/464/464
f 466/466/466 470/470/470 464/464/464
f 469/469/469 467/467/467 471/471/471
f 470/470/470 471/471/471 467/467/467
f 472/472/472 469/469/469 471/471/471
f 473/473/473 466/466/466 458/458/458
f 457/457/457 473/473/473 458/458/458
f 474/474/474 470/470/470 466/466/466
f 473/473/473 474/474/474 466/466/466
f 475/475/475 471/471/471 470/470/470
f 474/474/474 475/475/475 470/470/470
f 476/476/476 472/472/472 471/471/471
f 471/471/471 475/475/475 476/476/476
f 477/477/477 472/472/472 476/476/476
f 478/478/478 473/473/473 457/457/457
f 456/456/456 478/478/478 457/457/457
f 479/479/479 474/474/474 473/473/473
f 478/478/478 479/479/479 473/473/473
f 479/479/479 480/480/480 474/474/474
f 480/480/480 475/475/475 474/474/474
f 481/481/481 479/479/479 478/478/478
f 482/482/482 478/478/478 456/456/456
f 482/482/482 481/481/481 478/478/478
f 461/461/461 482/482/482 456/456/456
f 463/463/463 482/482/482 461/461/461
f 463/463/463 483/483/483 482/482/482
f 483/483/483 481/481/481 482/482/482
f 484/484/484 483/483/483 463/463/463
f 484/484/484 485/485/485 483/483/483
f 485/485/485 486/486/486 483/483/483
f 483/483/483 486/486/486 481/481/481
f 487/487/487 486/486/486 485/485/485
f 481/481/481 488/488/488 479/479/479
f 486/486/486 488/488/488 481/481/481
f 488/488/488 480/480/480 479/479/479
f 487/487/487 489/489/489 486/486/486
f 486/486/486 489/489/489 488/488/488
f 488/488/488 490/490/490 480/480/480
f 489/489/489 490/490/490 488/488/488
f 491/491/491 480/480/480 490/490/490
f 487/487/487 492/492/492 489/489/489
f 489/489/489 493/493/493 490/490/490
f 492/492/492 493/493/493 489/489/489
f 494/494/494 490/490/490 493/493/493
f 490/490/490 494/494/494 491/491/491
f 492/492/492 495/495/495 493/493/493
f 495/495/495 494/494/494 493/493/493
f 487/487/487 496/496/496 492/492/492
f 496/496/496 495/495/495 492/492/492
f 496/496/496 487/487/487 497/497/497
f 497/497/497 498/498/498 496/496/496
f 496/496/496 499/499/499 495/495/495
f 498/498/498 499/499/499 496/496/496
f 495/495/495 500/500/500 494/494/494
f 499/499/499 500/500/500 495/495/495
f 498/498/498 501/501/501 499/499/499
f 499/499/499 502/502/502 500/500/500
f 501/501/501 502/502/502 499/499/499
f 503/503/503 501/501/501 498/498/498
f 504/504/504 503/503/503 498/498/498
f 501/501/501 505/505/505 502/502/502
f 503/503/503 506/506/506 501/501/501
f 506/506/506 505/505/505 501/501/501
f 507/507/507 506/506/506 503/503/503
f 504/504/504 507/507/507 503/503/503
f 506/506/506 508/508/508 505/505/505
f 507/507/507 504/504/504 509/509/509
f 510/510/510 509/509/509 504/504/504
f 507/507/507 511/511/511 506/506/506
f 511/511/511 508/508/508 506/506/506
f 509/509/509 512/512/512 507/507/507
f 512/512/512 511/511/511 507/507/507
f 510/510/510 513/513/513 509/509/509
f 512/512/512 509/509/509 513/513/513
f 513/513/513 510/510/510 514/514/514
f 514/514/514 510/510/510 515/515/515
f 516/516/516 512/512/512 513/513/513
f 514/514/514 516/516/516 513/513/513
f 515/515/515 517/517/517 514/514/514
f 516/516/516 514/514/514 517/517/517
f 517/517/517 515/515/515 518/518/518
f 518/518/518 519/519/519 517/517/517
f 519/519/519 518/518/518 520/520/520
f 520/520/520 521/521/521 519/519/519
f 522/522/522 517/517/517 519/519/519
f 517/517/517 522/522/522 516/516/516
f 523/523/523 519/519/519 521/521/521
f 519/519/519 523/523/523 522/522/522
f 521/521/521 524/524/524 523/523/523
f 522/522/522 525/525/525 516/516/516
f 516/516/516 525/525/525 512/512/512
f 523/523/523 526/526/526 522/522/522
f 522/522/522 526/526/526 525/525/525
f 523/523/523 527/527/527 526/526/526
f 524/524/524 527/527/527 523/523/523
f 525/525/525 528/528/528 512/512/512
f 512/512/512 528/528/528 511/511/511
f 526/526/526 529/529/529 525/525/525
f 525/525/525 529/529/529 528/528/528
f 527/527/527 530/530/530 526/526/526
f 526/526/526 530/530/530 529/529/529
f 528/528/528 531/531/531 511/511/511
f 511/511/511 531/531/531 508/508/508
f 529/529/529 532/532/532 528/528/528
f 528/528/528 532/532/532 531/531/531
f 530/530/530 533/533/533 529/529/529
f 529/529/529 533/533/533 532/532/532
f 527/527/527 534/534/534 530/530/530
f 530/530/530 535/535/535 533/533/533
f 534/534/534 535/535/535 530/530/530
f 536/536/536 534/534/534 527/527/527
f 524/524/524 536/536/536 527/527/527
f 534/534/534 537/537/537 535/535/535
f 524/524/524 538/538/538 536/536/536
f 536/536/536 539/539/539 534/534/534
f 539/539/539 537/537/537 534/534/534
f 538/538/538 539/539/539 536/536/536
f 537/537/537 540/540/540 535/535/535
f 535/535/535 541/541/541 533/533/533
f 541/541/541 535/535/535 540/540/540
f 542/542/542 533/533/533 541/541/541
f 533/533/533 542/542/542 532/532/532
f 540/540/540 543/543/543 541/541/541
f 543/543/543 544/544/544 541/541/541
f 541/541/541 544/544/544 542/542/542
f 545/545/545 543/543/543 540/540/540
f 544/544/544 546/546/546 542/542/542
f 545/545/545 540/540/540 547/547/547
f 540/540/540 537/537/537 547/547/547
f 548/548/548 545/545/545 547/547/547
f 542/542/542 546/546/546 549/549/549
f 549/549/549 532/532/532 542/542/542
f 546/546/546 550/550/550 549/549/549
f 532/532/532 549/549/549 531/531/531
f 549/549/549 550/550/550 551/551/551
f 551/551/551 531/531/531 549/549/549
f 550/550/550 552/552/552 551/551/551
f 531/531/531 551/551/551 508/508/508
f 551/551/551 552/552/552 553/553/553
f 553/553/553 508/508/508 551/551/551
f 552/552/552 554/554/554 553/553/553
f 508/508/508 553/553/553 505/505/505
f 555/555/555 553/553/553 554/554/554
f 556/556/556 505/505/505 553/553/553
f 553/553/553 555/555/555 556/556/556
f 505/505/505 556/556/556 502/502/502
f 557/557/557 556/556/556 555/555/555
f 558/558/558 502/502/502 556/556/556
f 556/556/556 557/557/557 558/558/558
f 502/502/502 558/558/558 500/500/500
f 559/559/559 558/558/558 557/557/557
f 560/560/560 500/500/500 558/558/558
f 558/558/558 559/559/559 560/560/560
f 500/500/500 560/560/560 494/494/494
f 561/561/282 560/560/560 559/559/559
f 562/562/561 494/494/494 560/560/560
f 560/560/560 561/561/282 562/562/561
f 494/494/494 562/562/561 491/491/491
f 477/477/477 562/562/561 561/561/282
f 562/562/561 477/477/477 563/563/562
f 563/563/562 491/491/491 562/562/561
f 477/477/477 476/476/476 563/563/562
f 491/491/491 563/563/562 564/564/563
f 476/476/476 564/564/563 563/563/562
f 480/480/480 491/491/491 564/564/563
f 564/564/563 476/476/476 475/475/475
f 480/480/480 564/564/563 475/475/475
f 565/565/564 566/566/565 567/567/566
f 568/568/567 569/569/568 570/570/569
f 571/571/570 570/570/569 569/569/568
f 569/569/568 572/572/571 571/571/570
f 573/573/572 571/571/570 572/572/571
f 570/570/569 571/571/570 574/574/573
f 567/567/566 570/570/569 574/574/573
f 571/571/570 573/573/572 575/575/574
f 576/576/575 575/575/574 573/573/572
f 574/574/573 571/571/570 577/577/576
f 571/571/570 575/575/574 577/577/576
f 574/574/573 578/578/577 567/567/566
f 565/565/564 567/567/566 578/578/577
f 577/577/576 579/579/578 574/574/573
f 578/578/577 574/574/573 579/579/578
f 575/575/574 576/576/575 580/580/579
f 581/581/580 580/580/579 576/576/575
f 577/577/576 575/575/574 582/582/581
f 575/575/574 580/580/579 582/582/581
f 580/580/579 581/581/580 583/583/582
f 582/582/581 584/584/583 577/577/576
f 579/579/578 577/577/576 584/584/583
f 582/582/581 580/580/579 585/585/584
f 580/580/579 583/583/582 585/585/584
f 586/586/585 583/583/582 581/581/580
f 586/586/585 585/585/584 583/583/582
f 581/581/580 587/587/586 586/586/585
f 588/588/587 586/586/585 587/587/586
f 587/587/586 589/589/124 588/588/587
f 590/590/123 588/588/587 589/589/124
f 588/588/587 591/591/588 586/586/585
f 585/585/584 586/586/585 591/591/588
f 588/588/587 590/590/123 592/592/589
f 593/593/590 592/592/589 590/590/123
f 591/591/588 588/588/587 594/594/591
f 592/592/589 594/594/591 588/588/587
f 592/592/589 593/593/590 595/595/592
f 596/596/593 595/595/592 593/593/590
f 595/595/592 596/596/593 597/597/594
f 598/598/595 592/592/589 595/595/592
f 594/594/591 592/592/589 598/598/595
f 599/599/596 595/595/592 597/597/594
f 598/598/595 595/595/592 599/599/596
f 599/599/596 597/597/594 600/600/597
f 601/601/598 599/599/596 600/600/597
f 599/599/596 601/601/598 602/602/599
f 602/602/599 598/598/595 599/599/596
f 603/603/600 602/602/599 601/601/598
f 594/594/591 598/598/595 604/604/601
f 598/598/595 602/602/599 604/604/601
f 602/602/599 603/603/600 605/605/602
f 606/606/603 605/605/602 603/603/600
f 602/602/599 607/607/604 604/604/601
f 607/607/604 602/602/599 605/605/602
f 605/605/602 606/606/603 608/608/605
f 608/608/605 607/607/604 605/605/602
f 609/609/606 608/608/605 606/606/603
f 610/610/607 594/594/591 604/604/601
f 608/608/605 609/609/606 611/611/608
f 591/591/588 594/594/591 610/610/607
f 609/609/606 612/612/609 611/611/608
f 613/613/610 612/612/609 609/609/606
f 614/614/611 612/612/609 613/613/610
f 612/612/609 615/615/612 611/611/608
f 615/615/612 608/608/605 611/611/608
f 612/612/609 614/614/611 616/616/613
f 617/617/614 616/616/613 614/614/611
f 616/616/613 618/618/615 612/612/609
f 615/615/612 612/612/609 618/618/615
f 616/616/613 617/617/614 619/619/616
f 620/620/617 619/619/616 617/617/614
f 618/618/615 616/616/613 621/621/618
f 619/619/616 621/621/618 616/616/613
f 432/432/432 618/618/615 621/621/618
f 432/432/432 615/615/612 618/618/615
f 621/621/618 619/619/616 622/622/619
f 619/619/616 620/620/617 623/623/620
f 623/623/620 622/622/619 619/619/616
f 624/624/621 623/623/620 620/620/617
f 427/427/427 621/621/618 622/622/619
f 427/427/427 432/432/432 621/621/618
f 623/623/620 624/624/621 625/625/622
f 626/626/623 625/625/622 624/624/621
f 622/622/619 623/623/620 627/627/624
f 625/625/622 627/627/624 623/623/620
f 422/422/422 427/427/427 622/622/619
f 422/422/422 622/622/619 627/627/624
f 625/625/622 626/626/623 628/628/625
f 629/629/626 628/628/625 626/626/623
f 627/627/624 625/625/622 630/630/627
f 628/628/625 630/630/627 625/625/622
f 628/628/625 629/629/626 631/631/628
f 419/419/419 627/627/624 630/630/627
f 419/419/419 422/422/422 627/627/624
f 630/630/627 628/628/625 632/632/629
f 631/631/628 632/632/629 628/628/625
f 633/633/630 631/631/628 629/629/626
f 417/417/417 630/630/627 632/632/629
f 417/417/417 419/419/419 630/630/627
f 632/632/629 631/631/628 634/634/631
f 416/416/416 417/417/417 632/632/629
f 416/416/416 632/632/629 634/634/631
f 635/635/632 634/634/631 631/631/628
f 636/636/633 416/416/416 634/634/631
f 636/636/633 634/634/631 635/635/632
f 631/631/628 633/633/630 637/637/634
f 635/635/632 631/631/628 637/637/634
f 633/633/630 638/638/635 637/637/634
f 639/639/636 638/638/635 633/633/630
f 640/640/637 635/635/632 637/637/634
f 640/640/637 637/637/634 638/638/635
f 639/639/636 641/641/638 638/638/635
f 642/642/639 641/641/638 639/639/636
f 643/643/640 640/640/637 638/638/635
f 643/643/640 638/638/635 641/641/638
f 642/642/639 644/644/641 641/641/638
f 645/645/642 644/644/641 642/642/639
f 646/646/643 643/643/640 641/641/638
f 646/646/643 641/641/638 644/644/641
f 645/645/642 647/647/644 644/644/641
f 647/647/644 646/646/643 644/644/641
f 648/648/645 647/647/644 645/645/642
f 648/648/645 649/649/646 647/647/644
f 650/650/647 649/649/646 648/648/645
f 646/646/643 647/647/644 651/651/648
f 649/649/646 651/651/648 647/647/644
f 652/652/649 643/643/640 646/646/643
f 652/652/649 646/646/643 651/651/648
f 643/643/640 652/652/649 653/653/650
f 653/653/650 640/640/637 643/643/640
f 650/650/647 654/654/651 649/649/646
f 655/655/652 654/654/651 650/650/647
f 651/651/648 649/649/646 656/656/653
f 654/654/651 656/656/653 649/649/646
f 657/657/654 652/652/649 651/651/648
f 657/657/654 651/651/648 656/656/653
f 658/658/655 653/653/650 652/652/649
f 658/658/655 652/652/649 657/657/654
f 655/655/652 659/659/656 654/654/651
f 660/660/657 659/659/656 655/655/652
f 656/656/653 654/654/651 661/661/658
f 659/659/656 661/661/658 654/654/651
f 662/662/659 657/657/654 656/656/653
f 662/662/659 656/656/653 661/661/658
f 663/663/660 658/658/655 657/657/654
f 663/663/660 657/657/654 662/662/659
f 660/660/657 664/664/661 659/659/656
f 665/665/662 664/664/661 660/660/657
f 661/661/658 659/659/656 666/666/663
f 664/664/661 666/666/663 659/659/656
f 667/667/664 662/662/659 661/661/658
f 667/667/664 661/661/658 666/666/663
f 668/668/665 663/663/660 662/662/659
f 668/668/665 662/662/659 667/667/664
f 665/665/662 669/669/666 664/664/661
f 670/670/667 669/669/666 665/665/662
f 666/666/663 664/664/661 671/671/668
f 669/669/666 671/671/668 664/664/661
f 670/670/667 672/672/669 669/669/666
f 673/673/670 672/672/669 670/670/667
f 671/671/668 669/669/666 674/674/671
f 672/672/669 674/674/671 669/669/666
f 675/675/672 672/672/669 673/673/670
f 676/676/673 671/671/668 674/674/671
f 672/672/669 675/675/672 677/677/674
f 678/678/675 677/677/674 675/675/672
f 674/674/671 672/672/669 679/679/676
f 677/677/674 679/679/676 672/672/669
f 680/680/677 674/674/671 679/679/676
f 674/674/671 680/680/677 676/676/673
f 679/679/676 677/677/674 681/681/678
f 680/680/677 679/679/676 681/681/678
f 677/677/674 678/678/675 682/682/679
f 682/682/679 681/681/678 677/677/674
f 678/678/675 683/683/680 682/682/679
f 684/684/681 683/683/680 678/678/675
f 681/681/678 682/682/679 685/685/682
f 683/683/680 685/685/682 682/682/679
f 684/684/681 686/686/683 683/683/680
f 687/687/684 686/686/683 684/684/681
f 685/685/682 683/683/680 688/688/685
f 686/686/683 688/688/685 683/683/680
f 689/689/686 686/686/683 687/687/684
f 690/690/687 681/681/678 685/685/682
f 680/680/677 681/681/678 690/690/687
f 690/690/687 685/685/682 691/691/688
f 691/691/688 685/685/682 688/688/685
f 692/692/689 680/680/677 690/690/687
f 692/692/689 676/676/673 680/680/677
f 693/693/690 690/690/687 691/691/688
f 692/692/689 690/690/687 693/693/690
f 691/691/688 688/688/685 694/694/691
f 693/693/690 691/691/688 695/695/692
f 695/695/692 691/691/688 694/694/691
f 688/688/685 696/696/693 694/694/691
f 676/676/673 692/692/689 697/697/694
f 698/698/695 692/692/689 693/693/690
f 698/698/695 697/697/694 692/692/689
f 697/697/694 699/699/696 676/676/673
f 671/671/668 676/676/673 699/699/696
f 699/699/696 666/666/663 671/671/668
f 666/666/663 699/699/696 700/700/697
f 700/700/697 667/667/664 666/666/663
f 699/699/696 697/697/694 701/701/698
f 701/701/698 700/700/697 699/699/696
f 697/697/694 698/698/695 702/702/699
f 702/702/699 701/701/698 697/697/694
f 703/703/700 667/667/664 700/700/697
f 703/703/700 668/668/665 667/667/664
f 700/700/697 701/701/698 704/704/701
f 704/704/701 703/703/700 700/700/697
f 701/701/698 702/702/699 705/705/702
f 705/705/702 704/704/701 701/701/698
f 706/706/703 702/702/699 698/698/695
f 707/707/704 668/668/665 703/703/700
f 708/708/705 703/703/700 704/704/701
f 708/708/705 707/707/704 703/703/700
f 709/709/706 708/708/705 704/704/701
f 704/704/701 705/705/702 709/709/706
f 710/710/707 707/707/704 708/708/705
f 707/707/704 711/711/708 668/668/665
f 711/711/708 663/663/660 668/668/665
f 712/712/709 711/711/708 707/707/704
f 710/710/707 712/712/709 707/707/704
f 711/711/708 713/713/710 663/663/660
f 713/713/710 658/658/655 663/663/660
f 712/712/709 714/714/711 711/711/708
f 714/714/711 713/713/710 711/711/708
f 713/713/710 715/715/712 658/658/655
f 653/653/650 658/658/655 715/715/712
f 714/714/711 716/716/713 713/713/710
f 715/715/712 713/713/710 716/716/713
f 715/715/712 717/717/714 653/653/650
f 640/640/637 653/653/650 717/717/714
f 717/717/714 635/635/632 640/640/637
f 717/717/714 715/715/712 718/718/715
f 716/716/713 718/718/715 715/715/712
f 635/635/632 717/717/714 719/719/716
f 718/718/715 719/719/716 717/717/714
f 719/719/716 636/636/633 635/635/632
f 718/718/715 716/716/713 720/720/717
f 719/719/716 718/718/715 721/721/718
f 720/720/717 721/721/718 718/718/715
f 721/721/718 405/405/405 719/719/716
f 405/405/405 636/636/633 719/719/716
f 721/721/718 720/720/717 403/403/403
f 403/403/403 405/405/405 721/721/718
f 722/722/719 720/720/717 716/716/713
f 716/716/713 714/714/711 722/722/719
f 402/402/402 403/403/403 720/720/717
f 405/405/405 408/408/408 636/636/633
f 408/408/408 416/416/416 636/636/633
f 723/723/720 722/722/719 714/714/711
f 723/723/720 714/714/711 712/712/709
f 720/720/717 722/722/719 724/724/721
f 724/724/721 402/402/402 720/720/717
f 722/722/719 723/723/720 725/725/722
f 725/725/722 724/724/721 722/722/719
f 726/726/723 723/723/720 712/712/709
f 726/726/723 712/712/709 710/710/707
f 727/727/724 725/725/722 723/723/720
f 727/727/724 723/723/720 726/726/723
f 724/724/721 725/725/722 728/728/725
f 725/725/722 727/727/724 729/729/726
f 729/729/726 728/728/725 725/725/722
f 728/728/725 730/730/727 724/724/721
f 730/730/727 402/402/402 724/724/721
f 728/728/725 729/729/726 731/731/728
f 731/731/728 730/730/727 728/728/725
f 732/732/729 729/729/726 727/727/724
f 733/733/730 731/731/728 729/729/726
f 729/729/726 732/732/729 733/733/730
f 730/730/727 390/390/390 402/402/402
f 730/730/727 731/731/728 734/734/731
f 734/734/731 390/390/390 730/730/727
f 731/731/728 733/733/730 735/735/732
f 735/735/732 734/734/731 731/731/728
f 736/736/733 735/735/732 733/733/730
f 734/734/731 735/735/732 737/737/734
f 738/738/735 736/736/733 733/733/730
f 738/738/735 733/733/730 732/732/729
f 736/736/733 739/739/736 735/735/732
f 739/739/736 737/737/734 735/735/732
f 740/740/737 736/736/733 738/738/735
f 741/741/738 739/739/736 736/736/733
f 736/736/733 740/740/737 741/741/738
f 742/742/739 738/738/735 732/732/729
f 742/742/739 740/740/737 738/738/735
f 737/737/734 388/388/388 734/734/731
f 390/390/390 734/734/731 388/388/388
f 739/739/736 384/384/384 737/737/734
f 388/388/388 737/737/734 386/386/386
f 384/384/384 386/386/386 737/737/734
f 392/392/392 384/384/384 739/739/736
f 739/739/736 741/741/738 392/392/392
f 743/743/740 744/744/741 745/745/742
f 745/745/742 744/744/741 746/746/743
f 747/747/744 748/748/745 743/743/740
f 749/749/746 748/748/745 747/747/744
f 743/743/740 750/750/747 744/744/741
f 748/748/745 750/750/747 743/743/740
f 744/744/741 751/751/748 746/746/743
f 746/746/743 751/751/748 752/752/749
f 750/750/747 753/753/750 744/744/741
f 744/744/741 753/753/750 751/751/748
f 748/748/745 754/754/751 750/750/747
f 749/749/746 755/755/752 748/748/745
f 748/748/745 755/755/752 754/754/751
f 749/749/746 756/756/753 755/755/752
f 749/749/746 757/757/754 756/756/753
f 515/515/515 756/756/753 757/757/754
f 757/757/754 518/518/518 515/515/515
f 758/758/755 755/755/752 756/756/753
f 756/756/753 515/515/515 758/758/755
f 755/755/752 758/758/755 759/759/756
f 759/759/756 754/754/751 755/755/752
f 515/515/515 510/510/510 758/758/755
f 758/758/755 760/760/757 759/759/756
f 758/758/755 510/510/510 760/760/757
f 754/754/751 759/759/756 761/761/758
f 760/760/757 761/761/758 759/759/756
f 754/754/751 761/761/758 762/762/759
f 761/761/758 760/760/757 763/763/760
f 763/763/760 762/762/759 761/761/758
f 760/760/757 764/764/761 763/763/760
f 754/754/751 762/762/759 765/765/762
f 750/750/747 754/754/751 765/765/762
f 750/750/747 765/765/762 753/753/750
f 762/762/759 763/763/760 766/766/763
f 764/764/761 766/766/763 763/763/760
f 760/760/757 504/504/504 764/764/761
f 510/510/510 504/504/504 760/760/757
f 766/766/763 764/764/761 497/497/497
f 498/498/498 497/497/497 764/764/761
f 504/504/504 498/498/498 764/764/761
f 766/766/763 497/497/497 487/487/487
f 766/766/763 485/485/485 762/762/759
f 766/766/763 487/487/487 485/485/485
f 762/762/759 485/485/485 484/484/484
f 762/762/759 484/484/484 765/765/762
f 765/765/762 484/484/484 767/767/764
f 753/753/750 765/765/762 767/767/764
f 767/767/764 484/484/484 463/463/463
f 753/753/750 767/767/764 768/768/765
f 753/753/750 768/768/765 751/751/748
f 768/768/765 767/767/764 769/769/766
f 767/767/764 463/463/463 769/769/766
f 751/751/748 768/768/765 770/770/767
f 751/751/748 770/770/767 752/752/749
f 752/752/749 770/770/767 771/771/768
f 768/768/765 772/772/769 770/770/767
f 768/768/765 769/769/766 772/772/769
f 770/770/767 773/773/770 771/771/768
f 770/770/767 772/772/769 773/773/770
f 771/771/768 773/773/770 774/774/771
f 772/772/769 769/769/766 462/462/462
f 463/463/463 462/462/462 769/769/766
f 772/772/769 775/775/772 773/773/770
f 772/772/769 462/462/462 775/775/772
f 773/773/770 776/776/773 774/774/771
f 773/773/770 775/775/772 776/776/773
f 774/774/771 776/776/773 777/777/774
f 778/778/775 774/774/771 777/777/774
f 777/777/774 779/779/776 778/778/775
f 775/775/772 462/462/462 437/437/437
f 779/779/776 777/777/774 780/780/777
f 780/780/777 781/781/778 779/779/776
f 776/776/773 782/782/779 777/777/774
f 777/777/774 782/782/779 780/780/777
f 775/775/772 436/436/436 776/776/773
f 776/776/773 436/436/436 782/782/779
f 775/775/772 437/437/437 436/436/436
f 781/781/778 780/780/777 783/783/780
f 784/784/781 781/781/778 783/783/780
f 782/782/779 785/785/782 780/780/777
f 785/785/782 783/783/780 780/780/777
f 783/783/780 786/786/783 784/784/781
f 783/783/780 785/785/782 786/786/783
f 786/786/783 787/787/784 784/784/781
f 782/782/779 788/788/785 785/785/782
f 436/436/436 788/788/785 782/782/779
f 785/785/782 789/789/786 786/786/783
f 788/788/785 789/789/786 785/785/782
f 787/787/784 786/786/783 790/790/787
f 789/789/786 790/790/787 786/786/783
f 790/790/787 791/791/788 787/787/784
f 791/791/788 790/790/787 440/440/440
f 789/789/786 440/440/440 790/790/787
f 440/440/440 439/439/439 791/791/788
f 788/788/785 442/442/442 789/789/786
f 440/440/440 789/789/786 442/442/442
f 436/436/436 438/438/438 788/788/785
f 788/788/785 438/438/438 442/442/442
f 792/792/789 793/793/790 696/696/693
f 696/696/693 688/688/685 792/792/789
f 688/688/685 686/686/683 792/792/789
f 794/794/791 792/792/789 686/686/683
f 686/686/683 689/689/686 794/794/791
f 795/795/792 794/794/791 689/689/686
f 792/792/789 794/794/791 796/796/793
f 793/793/790 792/792/789 796/796/793
f 794/794/791 795/795/792 797/797/794
f 797/797/794 796/796/793 794/794/791
f 798/798/795 797/797/794 795/795/792
f 796/796/793 797/797/794 799/799/796
f 793/793/790 796/796/793 799/799/796
f 797/797/794 798/798/795 800/800/797
f 800/800/797 799/799/796 797/797/794
f 798/798/795 801/801/798 800/800/797
f 798/798/795 802/802/799 801/801/798
f 799/799/796 800/800/797 803/803/800
f 801/801/798 803/803/800 800/800/797
f 793/793/790 799/799/796 804/804/801
f 804/804/801 799/799/796 803/803/800
f 802/802/799 805/805/802 801/801/798
f 802/802/799 806/806/803 805/805/802
f 803/803/800 801/801/798 807/807/804
f 805/805/802 807/807/804 801/801/798
f 804/804/801 803/803/800 808/808/805
f 808/808/805 803/803/800 807/807/804
f 806/806/803 809/809/806 805/805/802
f 806/806/803 810/810/807 809/809/806
f 807/807/804 805/805/802 811/811/808
f 809/809/806 811/811/808 805/805/802
f 810/810/807 812/812/809 809/809/806
f 810/810/807 813/813/810 812/812/809
f 811/811/808 809/809/806 814/814/811
f 812/812/809 814/814/811 809/809/806
f 815/815/812 807/807/804 811/811/808
f 812/812/809 813/813/810 816/816/813
f 813/813/810 817/817/814 816/816/813
f 814/814/811 812/812/809 818/818/815
f 816/816/813 818/818/815 812/812/809
f 819/819/816 811/811/808 814/814/811
f 811/811/808 819/819/816 815/815/812
f 820/820/817 814/814/811 818/818/815
f 814/814/811 820/820/817 819/819/816
f 818/818/815 816/816/813 821/821/818
f 820/820/817 818/818/815 821/821/818
f 822/822/819 823/823/820 824/824/821
f 823/823/820 822/822/819 825/825/822
f 822/822/819 826/826/823 825/825/822
f 827/827/824 824/824/821 823/823/820
f 828/828/825 826/826/823 822/822/819
f 828/828/825 829/829/826 826/826/823
f 824/824/821 830/830/827 822/822/819
f 830/830/827 828/828/825 822/822/819
f 830/830/827 824/824/821 831/831/828
f 832/832/829 831/831/828 824/824/821
f 824/824/821 827/827/824 832/832/829
f 833/833/830 832/832/829 827/827/824
f 832/832/829 833/833/830 834/834/831
f 834/834/831 833/833/830 835/835/832
f 836/836/833 832/832/829 834/834/831
f 837/837/834 834/834/831 835/835/832
f 834/834/831 837/837/834 836/836/833
f 828/828/825 830/830/827 838/838/835
f 839/839/836 838/838/835 830/830/827
f 838/838/835 839/839/836 840/840/837
f 838/838/835 841/841/838 828/828/825
f 841/841/838 829/829/826 828/828/825
f 840/840/837 842/842/839 838/838/835
f 841/841/838 838/838/835 842/842/839
f 842/842/839 840/840/837 843/843/840
f 841/841/838 844/844/841 829/829/826
f 843/843/840 845/845/842 842/842/839
f 845/845/842 841/841/838 842/842/839
f 845/845/842 843/843/840 846/846/843
f 847/847/844 844/844/841 841/841/838
f 841/841/838 845/845/842 847/847/844
f 847/847/844 848/848/845 844/844/841
f 846/846/843 849/849/846 845/845/842
f 849/849/846 847/847/844 845/845/842
f 850/850/847 848/848/845 847/847/844
f 847/847/844 849/849/846 850/850/847
f 851/851/848 848/848/845 850/850/847
f 848/848/845 851/851/848 852/852/849
f 853/853/850 850/850/847 849/849/846
f 850/850/847 853/853/850 851/851/848
f 849/849/846 846/846/843 854/854/851
f 855/855/852 854/854/851 846/846/843
f 849/849/846 856/856/853 853/853/850
f 856/856/853 849/849/846 854/854/851
f 854/854/851 855/855/852 857/857/854
f 855/855/852 858/858/855 857/857/854
f 854/854/851 859/859/856 856/856/853
f 859/859/856 854/854/851 857/857/854
f 860/860/857 853/853/850 856/856/853
f 861/861/858 856/856/853 859/859/856
f 856/856/853 861/861/858 860/860/857
f 857/857/854 862/862/859 859/859/856
f 862/862/859 857/857/854 858/858/855
f 859/859/856 863/863/860 861/861/858
f 863/863/860 859/859/856 862/862/859
f 853/853/850 860/860/857 864/864/861
f 864/864/861 851/851/848 853/853/850
f 861/861/858 865/865/862 860/860/857
f 851/851/848 864/864/861 866/866/863
f 866/866/863 852/852/849 851/851/848
f 852/852/849 866/866/863 867/867/864
f 866/866/863 868/868/865 867/867/864
f 869/869/866 868/868/865 866/866/863
f 864/864/861 869/869/866 866/866/863
f 869/869/866 870/870/867 868/868/865
f 860/860/857 871/871/868 864/864/861
f 869/869/866 864/864/861 871/871/868
f 871/871/868 860/860/857 865/865/862
f 872/872/869 870/870/867 869/869/866
f 871/871/868 872/872/869 869/869/866
f 872/872/869 873/873/870 870/870/867
f 874/874/871 873/873/870 872/872/869
f 872/872/869 871/871/868 875/875/872
f 875/875/872 874/874/871 872/872/869
f 865/865/862 875/875/872 871/871/868
f 874/874/871 875/875/872 876/876/873
f 875/875/872 865/865/862 877/877/874
f 877/877/874 876/876/873 875/875/872
f 878/878/875 877/877/874 865/865/862
f 865/865/862 861/861/858 878/878/875
f 863/863/860 878/878/875 861/861/858
f 876/876/873 877/877/874 879/879/876
f 879/879/876 880/880/877 876/876/873
f 880/880/877 879/879/876 881/881/878
f 882/882/879 879/879/876 877/877/874
f 877/877/874 878/878/875 882/882/879
f 883/883/880 881/881/878 879/879/876
f 879/879/876 882/882/879 883/883/880
f 881/881/878 883/883/880 884/884/881
f 885/885/882 884/884/881 883/883/880
f 883/883/880 886/886/883 885/885/882
f 886/886/883 883/883/880 882/882/879
f 887/887/884 885/885/882 886/886/883
f 888/888/885 882/882/879 878/878/875
f 882/882/879 888/888/885 886/886/883
f 878/878/875 863/863/860 888/888/885
f 886/886/883 889/889/886 887/887/884
f 889/889/886 886/886/883 888/888/885
f 890/890/887 887/887/884 889/889/886
f 891/891/888 888/888/885 863/863/860
f 888/888/885 891/891/888 889/889/886
f 862/862/859 891/891/888 863/863/860
f 889/889/886 892/892/889 890/890/887
f 892/892/889 889/889/886 891/891/888
f 893/893/890 890/890/887 892/892/889
f 891/891/888 862/862/859 894/894/891
f 894/894/891 892/892/889 891/891/888
f 858/858/855 894/894/891 862/862/859
f 895/895/892 893/893/890 892/892/889
f 892/892/889 894/894/891 895/895/892
f 893/893/890 895/895/892 896/896/893
f 894/894/891 858/858/855 897/897/894
f 897/897/894 895/895/892 894/894/891
f 858/858/855 898/898/895 897/897/894
f 899/899/896 896/896/893 895/895/892
f 895/895/892 897/897/894 899/899/896
f 898/898/895 899/899/896 897/897/894
f 896/896/893 899/899/896 900/900/897
f 899/899/896 898/898/895 901/901/898
f 901/901/898 900/900/897 899/899/896
f 902/902/899 903/903/900 904/904/901
f 904/904/901 905/905/902 902/902/899
f 903/903/900 902/902/899 906/906/903
f 907/907/904 904/904/901 903/903/900
f 902/902/899 908/908/905 906/906/903
f 906/906/903 909/909/906 903/903/900
f 908/908/905 902/902/899 910/910/907
f 905/905/902 910/910/907 902/902/899
f 911/911/908 906/906/903 908/908/905
f 903/903/900 912/912/909 907/907/904
f 912/912/909 903/903/900 909/909/906
f 909/909/906 906/906/903 913/913/910
f 906/906/903 911/911/908 913/913/910
f 909/909/906 914/914/911 912/912/909
f 913/913/910 915/915/912 909/909/906
f 914/914/911 909/909/906 915/915/912
f 916/916/913 907/907/904 912/912/909
f 917/917/914 912/912/909 914/914/911
f 912/912/909 917/917/914 916/916/913
f 915/915/912 918/918/915 914/914/911
f 914/914/911 919/919/916 917/917/914
f 919/919/916 914/914/911 918/918/915
f 919/919/916 920/920/917 917/917/914
f 920/920/917 916/916/913 917/917/914
f 918/918/915 921/921/918 919/919/916
f 907/907/904 916/916/913 922/922/919
f 918/918/915 915/915/912 923/923/920
f 922/922/919 924/924/921 907/907/904
f 904/904/901 907/907/904 924/924/921
f 916/916/913 925/925/922 922/922/919
f 924/924/921 926/926/923 904/904/901
f 924/924/921 922/922/919 927/927/924
f 925/925/922 927/927/924 922/922/919
f 927/927/924 928/928/925 924/924/921
f 926/926/923 924/924/921 928/928/925
f 905/905/902 904/904/901 926/926/923
f 928/928/925 927/927/924 929/929/926
f 926/926/923 930/930/927 905/905/902
f 928/928/925 931/931/928 926/926/923
f 930/930/927 926/926/923 931/931/928
f 931/931/928 928/928/925 932/932/929
f 929/929/926 932/932/929 928/928/925
f 931/931/928 933/933/930 930/930/927
f 934/934/931 929/929/926 927/927/924
f 927/927/924 925/925/922 934/934/931
f 935/935/932 905/905/902 930/930/927
f 933/933/930 935/935/932 930/930/927
f 905/905/902 935/935/932 936/936/933
f 936/936/933 910/910/907 905/905/902
f 937/937/934 936/936/933 935/935/932
f 936/936/933 938/938/935 910/910/907
f 936/936/933 937/937/934 939/939/936
f 939/939/936 938/938/935 936/936/933
f 940/940/937 939/939/936 937/937/934
f 941/941/938 910/910/907 938/938/935
f 910/910/907 941/941/938 908/908/905
f 942/942/939 938/938/935 939/939/936
f 939/939/936 940/940/937 942/942/939
f 938/938/935 943/943/940 941/941/938
f 944/944/941 908/908/905 941/941/938
f 938/938/935 942/942/939 945/945/942
f 943/943/940 938/938/935 945/945/942
f 908/908/905 944/944/941 911/911/908
f 941/941/938 946/946/943 944/944/941
f 946/946/943 941/941/938 943/943/940
f 947/947/944 911/911/908 944/944/941
f 901/901/898 944/944/941 946/946/943
f 944/944/941 901/901/898 947/947/944
f 943/943/940 900/900/897 946/946/943
f 900/900/897 901/901/898 946/946/943
f 911/911/908 947/947/944 948/948/945
f 948/948/945 913/913/910 911/911/908
f 898/898/895 947/947/944 901/901/898
f 913/913/910 948/948/945 949/949/946
f 915/915/912 913/913/910 949/949/946
f 949/949/946 923/923/920 915/915/912
f 950/950/947 948/948/945 947/947/944
f 947/947/944 898/898/895 950/950/947
f 951/951/948 949/949/946 948/948/945
f 948/948/945 950/950/947 951/951/948
f 923/923/920 949/949/946 952/952/949
f 949/949/946 951/951/948 952/952/949
f 952/952/949 953/953/950 923/923/920
f 954/954/951 951/951/948 950/950/947
f 955/955/952 952/952/949 951/951/948
f 951/951/948 954/954/951 955/955/952
f 952/952/949 955/955/952 956/956/953
f 953/953/950 952/952/949 956/956/953
f 957/957/954 923/923/920 953/953/950
f 923/923/920 957/957/954 918/918/915
f 921/921/918 918/918/915 957/957/954
f 950/950/947 958/958/955 954/954/951
f 958/958/955 950/950/947 898/898/895
f 855/855/852 954/954/951 958/958/955
f 898/898/895 858/858/855 958/958/955
f 858/858/855 855/855/852 958/958/955
f 959/959/956 955/955/952 954/954/951
f 954/954/951 855/855/852 959/959/956
f 955/955/952 959/959/956 960/960/957
f 960/960/957 956/956/953 955/955/952
f 846/846/843 959/959/956 855/855/852
f 843/843/840 960/960/957 959/959/956
f 959/959/956 846/846/843 843/843/840
f 960/960/957 843/843/840 840/840/837
f 956/956/953 960/960/957 961/961/958
f 840/840/837 961/961/958 960/960/957
f 962/962/959 956/956/953 961/961/958
f 956/956/953 962/962/959 953/953/950
f 961/961/958 840/840/837 839/839/836
f 963/963/960 953/953/950 962/962/959
f 953/953/950 963/963/960 957/957/954
f 961/961/958 964/964/961 962/962/959
f 964/964/961 961/961/958 839/839/836
f 962/962/959 965/965/962 963/963/960
f 965/965/962 962/962/959 964/964/961
f 966/966/963 957/957/954 963/963/960
f 965/965/962 966/966/963 963/963/960
f 957/957/954 966/966/963 921/921/918
f 830/830/827 964/964/961 839/839/836
f 831/831/828 965/965/962 964/964/961
f 964/964/961 830/830/827 831/831/828
f 966/966/963 965/965/962 967/967/964
f 968/968/965 921/921/918 966/966/963
f 967/967/964 968/968/965 966/966/963
f 969/969/966 967/967/964 965/965/962
f 965/965/962 831/831/828 969/969/966
f 967/967/964 969/969/966 836/836/833
f 831/831/828 832/832/829 969/969/966
f 832/832/829 836/836/833 969/969/966
f 836/836/833 970/970/967 967/967/964
f 968/968/965 967/967/964 970/970/967
f 970/970/967 836/836/833 837/837/834
f 921/921/918 968/968/965 971/971/968
f 972/972/969 921/921/918 971/971/968
f 921/921/918 972/972/969 919/919/916
f 920/920/917 919/919/916 972/972/969
f 971/971/968 973/973/970 972/972/969
f 973/973/970 920/920/917 972/972/969
f 968/968/965 974/974/971 971/971/968
f 973/973/970 971/971/968 974/974/971
f 970/970/967 975/975/972 968/968/965
f 974/974/971 968/968/965 975/975/972
f 975/975/972 970/970/967 976/976/973
f 837/837/834 976/976/973 970/970/967
f 977/977/974 974/974/971 975/975/972
f 976/976/973 977/977/974 975/975/972
f 978/978/975 973/973/970 974/974/971
f 974/974/971 977/977/974 978/978/975
f 977/977/974 976/976/973 979/979/976
f 342/342/342 978/978/975 977/977/974
f 979/979/976 342/342/342 977/977/974
f 980/980/977 979/979/976 976/976/973
f 976/976/973 837/837/834 980/980/977
f 973/973/970 978/978/975 350/350/350
f 979/979/976 980/980/977 981/981/978
f 835/835/832 980/980/977 837/837/834
f 342/342/342 979/979/976 982/982/979
f 981/981/978 982/982/979 979/979/976
f 978/978/975 342/342/342 343/343/343
f 343/343/343 350/350/350 978/978/975
f 983/983/980 981/981/978 980/980/977
f 980/980/977 835/835/832 983/983/980
f 835/835/832 984/984/981 983/983/980
f 983/983/980 984/984/981 985/985/982
f 835/835/832 833/833/830 984/984/981
f 983/983/980 985/985/982 986/986/983
f 981/981/978 983/983/980 986/986/983
f 986/986/983 985/985/982 987/987/984
f 986/986/983 988/988/985 981/981/978
f 982/982/979 981/981/978 988/988/985
f 986/986/983 987/987/984 989/989/986
f 988/988/985 986/986/983 989/989/986
f 989/989/986 987/987/984 990/990/987
f 989/989/986 990/990/987 991/991/598
f 988/988/985 989/989/986 992/992/988
f 992/992/988 989/989/986 991/991/598
f 982/982/979 988/988/985 993/993/989
f 993/993/989 988/988/985 992/992/988
f 337/337/337 982/982/979 993/993/989
f 342/342/342 982/982/979 337/337/337
f 992/992/988 991/991/598 994/994/990
f 994/994/990 991/991/598 995/995/991
f 996/996/992 994/994/990 995/995/991
f 997/997/993 992/992/988 994/994/990
f 992/992/988 997/997/993 993/993/989
f 994/994/990 996/996/992 998/998/994
f 998/998/994 997/997/993 994/994/990
f 999/999/995 998/998/994 996/996/992
f 998/998/994 999/999/995 1000/1000/996
f 1000/1000/996 1001/1001/997 998/998/994
f 997/997/993 998/998/994 1001/1001/997
f 335/335/335 1001/1001/997 1000/1000/996
f 338/338/338 993/993/989 997/997/993
f 1001/1001/997 338/338/338 997/997/993
f 993/993/989 338/338/338 337/337/337
f 335/335/335 334/334/334 1001/1001/997
f 338/338/338 1001/1001/997 334/334/334
f 1002/1002/998 1003/1003/999 1004/1004/1000
f 1003/1003/999 1002/1002/998 1005/1005/1001
f 1005/1005/1001 1006/1006/1002 1003/1003/999
f 1006/1006/1002 1007/1007/1003 1003/1003/999
f 1003/1003/999 1007/1007/1003 1008/1008/1004
f 1008/1008/1004 1004/1004/1000 1003/1003/999
f 1007/1007/1003 1009/1009/1005 1008/1008/1004
f 1010/1010/1006 1004/1004/1000 1011/1011/1007
f 1004/1004/1000 1008/1008/1004 1011/1011/1007
f 1008/1008/1004 1009/1009/1005 1012/1012/1008
f 1012/1012/1008 1011/1011/1007 1008/1008/1004
f 1009/1009/1005 1013/1013/1009 1012/1012/1008
f 1014/1014/1010 1012/1012/1008 1013/1013/1009
f 1012/1012/1008 1014/1014/1010 1015/1015/1011
f 1016/1016/1012 1015/1015/1011 1014/1014/1010
f 1011/1011/1007 1012/1012/1008 1017/1017/1013
f 1015/1015/1011 1017/1017/1013 1012/1012/1008
f 1015/1015/1011 1016/1016/1012 1018/1018/1014
f 1019/1019/1015 1011/1011/1007 1017/1017/1013
f 1010/1010/1006 1011/1011/1007 1019/1019/1015
f 1017/1017/1013 1015/1015/1011 1020/1020/1016
f 1018/1018/1014 1020/1020/1016 1015/1015/1011
f 1021/1021/1017 1018/1018/1014 1016/1016/1012
f 1022/1022/1018 1017/1017/1013 1020/1020/1016
f 1019/1019/1015 1017/1017/1013 1022/1022/1018
f 1023/1023/1019 1010/1010/1006 1019/1019/1015
f 1024/1024/1020 1010/1010/1006 1023/1023/1019
f 1025/1025/1021 1024/1024/1020 1023/1023/1019
f 1023/1023/1019 1019/1019/1015 1026/1026/1022
f 1026/1026/1022 1019/1019/1015 1022/1022/1018
f 1025/1025/1021 1023/1023/1019 1027/1027/1023
f 1027/1027/1023 1023/1023/1019 1026/1026/1022
f 1028/1028/1024 1025/1025/1021 1027/1027/1023
f 1029/1029/1025 1025/1025/1021 1028/1028/1024
f 1027/1027/1023 1026/1026/1022 1030/1030/1026
f 1026/1026/1022 1022/1022/1018 1031/1031/1027
f 1030/1030/1026 1026/1026/1022 1031/1031/1027
f 1031/1031/1027 1022/1022/1018 1032/1032/1028
f 1022/1022/1018 1020/1020/1016 1032/1032/1028
f 1028/1028/1024 1027/1027/1023 1033/1033/1029
f 1033/1033/1029 1027/1027/1023 1030/1030/1026
f 1032/1032/1028 1020/1020/1016 1034/1034/1030
f 1020/1020/1016 1018/1018/1014 1034/1034/1030
f 1035/1035/1031 1034/1034/1030 1018/1018/1014
f 1018/1018/1014 1021/1021/1017 1035/1035/1031
f 1021/1021/1017 1036/1036/1032 1035/1035/1031
f 1021/1021/1017 1037/1037/1033 1036/1036/1032
f 1034/1034/1030 1035/1035/1031 1038/1038/1034
f 1036/1036/1032 1038/1038/1034 1035/1035/1031
f 1032/1032/1028 1034/1034/1030 1039/1039/1035
f 1039/1039/1035 1034/1034/1030 1038/1038/1034
f 1037/1037/1033 1040/1040/1036 1036/1036/1032
f 1041/1041/1037 1032/1032/1028 1039/1039/1035
f 1037/1037/1033 1042/1042/1038 1040/1040/1036
f 1031/1031/1027 1032/1032/1028 1041/1041/1037
f 1038/1038/1034 1036/1036/1032 1043/1043/1039
f 1040/1040/1036 1043/1043/1039 1036/1036/1032
f 1039/1039/1035 1038/1038/1034 1044/1044/1040
f 1044/1044/1040 1038/1038/1034 1043/1043/1039
f 1041/1041/1037 1039/1039/1035 1045/1045/1041
f 1045/1045/1041 1039/1039/1035 1044/1044/1040
f 1046/1046/1042 1031/1031/1027 1041/1041/1037
f 1030/1030/1026 1031/1031/1027 1046/1046/1042
f 1046/1046/1042 1041/1041/1037 1047/1047/1043
f 1047/1047/1043 1041/1041/1037 1045/1045/1041
f 1048/1048/1044 1030/1030/1026 1046/1046/1042
f 1033/1033/1029 1030/1030/1026 1048/1048/1044
f 1045/1045/1041 1044/1044/1040 1049/1049/1045
f 1048/1048/1044 1046/1046/1042 1050/1050/1046
f 1050/1050/1046 1046/1046/1042 1047/1047/1043
f 1047/1047/1043 1045/1045/1041 1051/1051/1047
f 1052/1052/1048 1045/1045/1041 1049/1049/1045
f 1045/1045/1041 1052/1052/1048 1051/1051/1047
f 1053/1053/1049 1047/1047/1043 1051/1051/1047
f 1053/1053/1049 1051/1051/1047 1052/1052/1048
f 1050/1050/1046 1047/1047/1043 1054/1054/1050
f 1047/1047/1043 1053/1053/1049 1054/1054/1050
f 1052/1052/1048 1049/1049/1045 1055/1055/1051
f 1044/1044/1040 1055/1055/1051 1049/1049/1045
f 1055/1055/1051 1044/1044/1040 1056/1056/1052
f 1044/1044/1040 1043/1043/1039 1056/1056/1052
f 1056/1056/1052 1057/1057/1053 1055/1055/1051
f 1052/1052/1048 1055/1055/1051 1058/1058/1054
f 1058/1058/1054 1055/1055/1051 1057/1057/1053
f 1053/1053/1049 1052/1052/1048 1059/1059/1055
f 1059/1059/1055 1052/1052/1048 1058/1058/1054
f 1056/1056/1052 1043/1043/1039 1060/1060/1056
f 1043/1043/1039 1040/1040/1036 1060/1060/1056
f 1056/1056/1052 1060/1060/1056 1061/1061/1057
f 1057/1057/1053 1056/1056/1052 1061/1061/1057
f 1062/1062/1058 1060/1060/1056 1040/1040/1036
f 1040/1040/1036 1042/1042/1038 1062/1062/1058
f 1042/1042/1038 1063/1063/1059 1062/1062/1058
f 1060/1060/1056 1062/1062/1058 1064/1064/1060
f 1061/1061/1057 1060/1060/1056 1064/1064/1060
f 1063/1063/1059 1065/1065/1061 1062/1062/1058
f 1065/1065/1061 1064/1064/1060 1062/1062/1058
f 1063/1063/1059 548/548/548 1065/1065/1061
f 548/548/548 547/547/547 1065/1065/1061
f 547/547/547 1066/1066/1062 1065/1065/1061
f 1064/1064/1060 1065/1065/1061 1066/1066/1062
f 1066/1066/1062 547/547/547 537/537/537
f 539/539/539 1066/1066/1062 537/537/537
f 1067/1067/1063 1064/1064/1060 1066/1066/1062
f 1067/1067/1063 1066/1066/1062 539/539/539
f 1061/1061/1057 1064/1064/1060 1067/1067/1063
f 816/816/813 817/817/814 1068/1068/1064
f 1068/1068/1064 821/821/818 816/816/813
f 817/817/814 1069/1069/1065 1068/1068/1064
f 1068/1068/1064 1069/1069/1065 1070/1070/1066
f 1069/1069/1065 1071/1071/1067 1070/1070/1066
f 821/821/818 1068/1068/1064 1072/1072/1068
f 1070/1070/1066 1072/1072/1068 1068/1068/1064
f 820/820/817 821/821/818 1073/1073/1069
f 1073/1073/1069 821/821/818 1072/1072/1068
f 1070/1070/1066 1071/1071/1067 1005/1005/1001
f 1074/1074/1070 820/820/817 1073/1073/1069
f 1074/1074/1070 819/819/816 820/820/817
f 1071/1071/1067 1006/1006/1002 1005/1005/1001
f 819/819/816 1074/1074/1070 1075/1075/1071
f 1072/1072/1068 1070/1070/1066 1076/1076/1072
f 1005/1005/1001 1076/1076/1072 1070/1070/1066
f 1077/1077/1073 1072/1072/1068 1076/1076/1072
f 1073/1073/1069 1072/1072/1068 1077/1077/1073
f 1076/1076/1072 1005/1005/1001 1002/1002/998
f 1074/1074/1070 1073/1073/1069 1078/1078/1074
f 1078/1078/1074 1073/1073/1069 1077/1077/1073
f 1077/1077/1073 1076/1076/1072 1079/1079/1075
f 1079/1079/1075 1076/1076/1072 1002/1002/998
f 1078/1078/1074 1077/1077/1073 1080/1080/1076
f 1080/1080/1076 1077/1077/1073 1079/1079/1075
f 1074/1074/1070 1078/1078/1074 1081/1081/1077
f 1081/1081/1077 1075/1075/1071 1074/1074/1070
f 1082/1082/1078 1078/1078/1074 1080/1080/1076
f 1081/1081/1077 1078/1078/1074 1082/1082/1078
f 1080/1080/1076 1079/1079/1075 1083/1083/1079
f 1075/1075/1071 1081/1081/1077 1084/1084/1080
f 1082/1082/1078 1080/1080/1076 1085/1085/1081
f 1085/1085/1081 1080/1080/1076 1083/1083/1079
f 1086/1086/1082 1081/1081/1077 1082/1082/1078
f 1086/1086/1082 1084/1084/1080 1081/1081/1077
f 1083/1083/1079 1079/1079/1075 1087/1087/1083
f 1079/1079/1075 1002/1002/998 1087/1087/1083
f 1085/1085/1081 1083/1083/1079 1088/1088/1084
f 1083/1083/1079 1087/1087/1083 1024/1024/1020
f 1088/1088/1084 1083/1083/1079 1024/1024/1020
f 1029/1029/1025 1085/1085/1081 1088/1088/1084
f 1088/1088/1084 1024/1024/1020 1025/1025/1021
f 1029/1029/1025 1088/1088/1084 1025/1025/1021
f 1024/1024/1020 1087/1087/1083 1010/1010/1006
f 1087/1087/1083 1002/1002/998 1004/1004/1000
f 1087/1087/1083 1004/1004/1000 1010/1010/1006
f 1061/1061/1057 1067/1067/1063 1057/1057/1053
f 538/538/538 1067/1067/1063 539/539/539
f 1057/1057/1053 1067/1067/1063 538/538/538
f 1089/1089/1085 1057/1057/1053 538/538/538
f 1058/1058/1054 1057/1057/1053 1089/1089/1085
f 1089/1089/1085 538/538/538 1090/1090/1086
f 538/538/538 524/524/524 1090/1090/1086
f 1091/1091/1087 1090/1090/1086 524/524/524
f 1092/1092/1088 1090/1090/1086 1091/1091/1087
f 1089/1089/1085 1090/1090/1086 1092/1092/1088
f 1093/1093/1089 1089/1089/1085 1092/1092/1088
f 1093/1093/1089 1058/1058/1054 1089/1089/1085
f 1059/1059/1055 1058/1058/1054 1093/1093/1089
f 1094/1094/1090 1059/1059/1055 1093/1093/1089
f 1094/1094/1090 1093/1093/1089 1095/1095/1091
f 1096/1096/1092 1094/1094/1090 1095/1095/1091
f 1097/1097/1093 1059/1059/1055 1094/1094/1090
f 1098/1098/1094 1094/1094/1090 1096/1096/1092
f 1098/1098/1094 1097/1097/1093 1094/1094/1090
f 1097/1097/1093 1053/1053/1049 1059/1059/1055
f 1099/1099/1095 1098/1098/1094 1096/1096/1092
f 1100/1100/1096 1053/1053/1049 1097/1097/1093
f 1100/1100/1096 1054/1054/1050 1053/1053/1049
f 1101/1101/1097 1097/1097/1093 1098/1098/1094
f 1101/1101/1097 1100/1100/1096 1097/1097/1093
f 1099/1099/1095 1101/1101/1097 1098/1098/1094
f 1102/1102/1098 1054/1054/1050 1100/1100/1096
f 1102/1102/1098 1050/1050/1046 1054/1054/1050
f 1103/1103/1099 1100/1100/1096 1101/1101/1097
f 1103/1103/1099 1102/1102/1098 1100/1100/1096
f 1101/1101/1097 1099/1099/1095 1104/1104/1100
f 1104/1104/1100 1103/1103/1099 1101/1101/1097
f 1104/1104/1100 1099/1099/1095 1105/1105/1101
f 1105/1105/1101 1099/1099/1095 1106/1106/1102
f 1107/1107/1103 1050/1050/1046 1102/1102/1098
f 1048/1048/1044 1050/1050/1046 1107/1107/1103
f 1108/1108/1104 1102/1102/1098 1103/1103/1099
f 1108/1108/1104 1107/1107/1103 1102/1102/1098
f 1103/1103/1099 1104/1104/1100 1109/1109/1105
f 1109/1109/1105 1108/1108/1104 1103/1103/1099
f 1110/1110/1106 1104/1104/1100 1105/1105/1101
f 1109/1109/1105 1104/1104/1100 1110/1110/1106
f 1111/1111/1107 1048/1048/1044 1107/1107/1103
f 1033/1033/1029 1048/1048/1044 1111/1111/1107
f 1112/1112/1108 1107/1107/1103 1108/1108/1104
f 1112/1112/1108 1111/1111/1107 1107/1107/1103
f 1108/1108/1104 1109/1109/1105 1113/1113/1109
f 1113/1113/1109 1112/1112/1108 1108/1108/1104
f 1114/1114/1110 1109/1109/1105 1110/1110/1106
f 1113/1113/1109 1109/1109/1105 1114/1114/1110
f 1115/1115/1111 1033/1033/1029 1111/1111/1107
f 1115/1115/1111 1028/1028/1024 1033/1033/1029
f 1116/1116/1112 1111/1111/1107 1112/1112/1108
f 1116/1116/1112 1115/1115/1111 1111/1111/1107
f 1112/1112/1108 1113/1113/1109 1117/1117/1113
f 1117/1117/1113 1116/1116/1112 1112/1112/1108
f 1118/1118/1114 1113/1113/1109 1114/1114/1110
f 1117/1117/1113 1113/1113/1109 1118/1118/1114
f 1119/1119/1115 1028/1028/1024 1115/1115/1111
f 1119/1119/1115 1029/1029/1025 1028/1028/1024
f 1120/1120/1116 1115/1115/1111 1116/1116/1112
f 1120/1120/1116 1119/1119/1115 1115/1115/1111
f 1116/1116/1112 1117/1117/1113 1121/1121/1117
f 1121/1121/1117 1120/1120/1116 1116/1116/1112
f 1122/1122/1118 1117/1117/1113 1118/1118/1114
f 1121/1121/1117 1117/1117/1113 1122/1122/1118
f 1123/1123/1119 1122/1122/1118 1118/1118/1114
f 1120/1120/1116 1121/1121/1117 1124/1124/1120
f 1125/1125/1121 1121/1121/1117 1122/1122/1118
f 1124/1124/1120 1121/1121/1117 1125/1125/1121
f 1126/1126/1122 1125/1125/1121 1122/1122/1118
f 1122/1122/1118 1123/1123/1119 1126/1126/1122
f 1127/1127/1123 1128/1128/75 1129/1129/1124
f 1129/1129/1124 1130/1130/1125 1127/1127/1123
f 1131/1131/1126 1128/1128/75 1127/1127/1123
f 1130/1130/1125 1131/1131/1126 1127/1127/1123
f 1128/1128/75 1131/1131/1126 1132/1132/1127
f 1130/1130/1125 1133/1133/1128 1134/1134/1129
f 1135/1135/1130 1134/1134/1129 1133/1133/1128
f 1131/1131/1126 1130/1130/1125 1136/1136/1131
f 1134/1134/1129 1136/1136/1131 1130/1130/1125
f 1137/1137/1132 1132/1132/1127 1131/1131/1126
f 1132/1132/1127 1137/1137/1132 1138/1138/1133
f 1139/1139/1134 1131/1131/1126 1136/1136/1131
f 1131/1131/1126 1139/1139/1134 1137/1137/1132
f 1136/1136/1131 1134/1134/1129 1140/1140/1135
f 1139/1139/1134 1136/1136/1131 1140/1140/1135
f 1134/1134/1129 1135/1135/1130 1141/1141/1136
f 1141/1141/1136 1140/1140/1135 1134/1134/1129
f 1142/1142/1137 1141/1141/1136 1135/1135/1130
f 1141/1141/1136 1142/1142/1137 1143/1143/1138
f 1143/1143/1138 1144/1144/1139 1141/1141/1136
f 1140/1140/1135 1141/1141/1136 1144/1144/1139
f 1144/1144/1139 1143/1143/1138 1145/1145/1140
f 1139/1139/1134 1140/1140/1135 1146/1146/1141
f 1146/1146/1141 1140/1140/1135 1144/1144/1139
f 1147/1147/1142 1144/1144/1139 1145/1145/1140
f 1146/1146/1141 1144/1144/1139 1147/1147/1142
f 1147/1147/1142 1145/1145/1140 1148/1148/1143
f 1149/1149/1144 1139/1139/1134 1146/1146/1141
f 1149/1149/1144 1146/1146/1141 1147/1147/1142
f 1150/1150/1145 1147/1147/1142 1148/1148/1143
f 1149/1149/1144 1147/1147/1142 1150/1150/1145
f 1150/1150/1145 1148/1148/1143 1151/1151/1146
f 1148/1148/1143 1152/1152/1147 1151/1151/1146
f 1153/1153/1148 1149/1149/1144 1150/1150/1145
f 1139/1139/1134 1149/1149/1144 1154/1154/1149
f 1154/1154/1149 1137/1137/1132 1139/1139/1134
f 1149/1149/1144 1155/1155/1150 1154/1154/1149
f 1155/1155/1150 1149/1149/1144 1153/1153/1148
f 1137/1137/1132 1154/1154/1149 1156/1156/1151
f 1155/1155/1150 1156/1156/1151 1154/1154/1149
f 1156/1156/1151 1138/1138/1133 1137/1137/1132
f 1138/1138/1133 1156/1156/1151 1157/1157/1152
f 1158/1158/1153 1157/1157/1152 1156/1156/1151
f 1156/1156/1151 1155/1155/1150 1158/1158/1153
f 1157/1157/1152 1158/1158/1153 1159/1159/56
f 1160/1160/1154 1158/1158/1153 1155/1155/1150
f 1160/1160/1154 1155/1155/1150 1153/1153/1148
f 1161/1161/1155 1159/1159/56 1158/1158/1153
f 1158/1158/1153 1160/1160/1154 1161/1161/1155
f 1159/1159/56 1161/1161/1155 1162/1162/1156
f 1163/1163/1157 1162/1162/1156 1161/1161/1155
f 1162/1162/1156 1163/1163/1157 1164/1164/51
f 1165/1165/1158 1161/1161/1155 1160/1160/1154
f 1161/1161/1155 1165/1165/1158 1163/1163/1157
f 1166/1166/1159 1164/1164/51 1163/1163/1157
f 1163/1163/1157 1165/1165/1158 1166/1166/1159
f 1164/1164/51 1166/1166/1159 1167/1167/49
f 1165/1165/1158 1160/1160/1154 1168/1168/1160
f 1160/1160/1154 1153/1153/1148 1168/1168/1160
f 1169/1169/1161 1167/1167/49 1166/1166/1159
f 1167/1167/49 1169/1169/1161 1170/1170/1162
f 1166/1166/1159 1165/1165/1158 1171/1171/1163
f 1166/1166/1159 1171/1171/1163 1169/1169/1161
f 1165/1165/1158 1168/1168/1160 1172/1172/1164
f 1171/1171/1163 1165/1165/1158 1172/1172/1164
f 1168/1168/1160 1173/1173/1165 1172/1172/1164
f 1171/1171/1163 1172/1172/1164 1174/1174/1166
f 1173/1173/1165 1174/1174/1166 1172/1172/1164
f 1169/1169/1161 1171/1171/1163 1175/1175/1167
f 1174/1174/1166 1175/1175/1167 1171/1171/1163
f 1176/1176/1168 1170/1170/1162 1169/1169/1161
f 1169/1169/1161 1175/1175/1167 1176/1176/1168
f 1170/1170/1162 1176/1176/1168 1177/1177/45
f 781/781/778 1177/1177/45 1176/1176/1168
f 1177/1177/45 781/781/778 1178/1178/1169
f 1176/1176/1168 1175/1175/1167 1179/1179/1170
f 1176/1176/1168 1179/1179/1170 781/781/778
f 1175/1175/1167 1174/1174/1166 1180/1180/1171
f 1180/1180/1171 1179/1179/1170 1175/1175/1167
f 781/781/778 784/784/781 1178/1178/1169
f 1180/1180/1171 1174/1174/1166 1181/1181/1172
f 1174/1174/1166 1173/1173/1165 1181/1181/1172
f 1179/1179/1170 1180/1180/1171 1182/1182/1173
f 781/781/778 1179/1179/1170 779/779/776
f 779/779/776 1179/1179/1170 1182/1182/1173
f 1182/1182/1173 1180/1180/1171 1183/1183/1174
f 1180/1180/1171 1181/1181/1172 1183/1183/1174
f 779/779/776 1182/1182/1173 778/778/775
f 1182/1182/1173 1183/1183/1174 1184/1184/1175
f 1184/1184/1175 778/778/775 1182/1182/1173
f 1183/1183/1174 1181/1181/1172 1185/1185/1176
f 1184/1184/1175 1183/1183/1174 1186/1186/1177
f 1183/1183/1174 1185/1185/1176 1186/1186/1177
f 1181/1181/1172 1187/1187/1178 1185/1185/1176
f 1181/1181/1172 1173/1173/1165 1187/1187/1178
f 1186/1186/1177 1185/1185/1176 1188/1188/1179
f 1185/1185/1176 1187/1187/1178 1189/1189/1180
f 1185/1185/1176 1189/1189/1180 1188/1188/1179
f 1173/1173/1165 1190/1190/1181 1187/1187/1178
f 1187/1187/1178 1191/1191/1182 1189/1189/1180
f 1187/1187/1178 1190/1190/1181 1191/1191/1182
f 1173/1173/1165 1192/1192/1183 1190/1190/1181
f 1173/1173/1165 1168/1168/1160 1192/1192/1183
f 1153/1153/1148 1192/1192/1183 1168/1168/1160
f 1192/1192/1183 1153/1153/1148 1193/1193/1184
f 1153/1153/1148 1150/1150/1145 1193/1193/1184
f 1193/1193/1184 1150/1150/1145 1151/1151/1146
f 1192/1192/1183 1193/1193/1184 1194/1194/1185
f 1193/1193/1184 1151/1151/1146 1194/1194/1185
f 1192/1192/1183 1194/1194/1185 1190/1190/1181
f 1194/1194/1185 1151/1151/1146 1152/1152/1147
f 1190/1190/1181 1194/1194/1185 1195/1195/1186
f 1194/1194/1185 1152/1152/1147 1195/1195/1186
f 1190/1190/1181 1195/1195/1186 1191/1191/1182
f 1195/1195/1186 1152/1152/1147 1196/1196/1187
f 1195/1195/1186 1196/1196/1187 1197/1197/1188
f 1191/1191/1182 1195/1195/1186 1197/1197/1188
f 1197/1197/1188 1196/1196/1187 1198/1198/1189
f 1191/1191/1182 1197/1197/1188 1199/1199/1190
f 1189/1189/1180 1191/1191/1182 1199/1199/1190
f 1197/1197/1188 1198/1198/1189 1200/1200/1191
f 1200/1200/1191 1198/1198/1189 1201/1201/1192
f 1197/1197/1188 1202/1202/1193 1199/1199/1190
f 1202/1202/1193 1197/1197/1188 1200/1200/1191
f 1189/1189/1180 1199/1199/1190 1203/1203/1194
f 1203/1203/1194 1199/1199/1190 1202/1202/1193
f 1188/1188/1179 1189/1189/1180 1203/1203/1194
f 1200/1200/1191 1201/1201/1192 1204/1204/1195
f 1202/1202/1193 1200/1200/1191 1204/1204/1195
f 1201/1201/1192 1205/1205/1196 1204/1204/1195
f 1202/1202/1193 1204/1204/1195 1206/1206/1197
f 1206/1206/1197 1204/1204/1195 1205/1205/1196
f 1203/1203/1194 1202/1202/1193 1207/1207/1198
f 1207/1207/1198 1202/1202/1193 1206/1206/1197
f 1188/1188/1179 1203/1203/1194 1208/1208/1199
f 1208/1208/1199 1203/1203/1194 1207/1207/1198
f 1209/1209/1200 1188/1188/1179 1208/1208/1199
f 1186/1186/1177 1188/1188/1179 1209/1209/1200
f 1208/1208/1199 1207/1207/1198 1210/1210/1201
f 1211/1211/1202 1186/1186/1177 1209/1209/1200
f 1184/1184/1175 1186/1186/1177 1211/1211/1202
f 1209/1209/1200 1208/1208/1199 1212/1212/1203
f 1212/1212/1203 1208/1208/1199 1210/1210/1201
f 1211/1211/1202 1209/1209/1200 1213/1213/1204
f 1213/1213/1204 1209/1209/1200 1212/1212/1203
f 1214/1214/1205 1184/1184/1175 1211/1211/1202
f 778/778/775 1184/1184/1175 1214/1214/1205
f 1215/1215/1206 1211/1211/1202 1213/1213/1204
f 1214/1214/1205 1211/1211/1202 1215/1215/1206
f 1213/1213/1204 1212/1212/1203 1216/1216/1207
f 774/774/771 778/778/775 1214/1214/1205
f 1215/1215/1206 1213/1213/1204 1217/1217/1208
f 1217/1217/1208 1213/1213/1204 1216/1216/1207
f 771/771/768 1214/1214/1205 1215/1215/1206
f 1214/1214/1205 771/771/768 774/774/771
f 752/752/749 1215/1215/1206 1217/1217/1208
f 1215/1215/1206 752/752/749 771/771/768
f 1216/1216/1207 1212/1212/1203 1218/1218/1209
f 1212/1212/1203 1210/1210/1201 1218/1218/1209
f 705/705/702 1219/1219/1210 1220/1220/1211
f 1219/1219/1210 705/705/702 702/702/699
f 702/702/699 706/706/703 1219/1219/1210
f 1221/1221/1212 1220/1220/1211 1219/1219/1210
f 1222/1222/1213 1223/1223/1214 1220/1220/1211
f 1220/1220/1211 1221/1221/1212 1222/1222/1213
f 1224/1224/1215 1225/1225/1216 1223/1223/1214
f 1224/1224/1215 1223/1223/1214 1222/1222/1213
f 1226/1226/1217 1219/1219/1210 706/706/703
f 1219/1219/1210 1226/1226/1217 1221/1221/1212
f 1226/1226/1217 706/706/703 1227/1227/1218
f 1228/1228/1219 1222/1222/1213 1221/1221/1212
f 1229/1229/1220 1221/1221/1212 1226/1226/1217
f 1221/1221/1212 1229/1229/1220 1228/1228/1219
f 1229/1229/1220 1226/1226/1217 1230/1230/1221
f 1226/1226/1217 1227/1227/1218 1230/1230/1221
f 1231/1231/1222 1228/1228/1219 1229/1229/1220
f 1222/1222/1213 1228/1228/1219 1232/1232/1223
f 1232/1232/1223 1224/1224/1215 1222/1222/1213
f 1233/1233/1224 1232/1232/1223 1228/1228/1219
f 1228/1228/1219 1231/1231/1222 1233/1233/1224
f 1234/1234/1225 1224/1224/1215 1232/1232/1223
f 1232/1232/1223 1233/1233/1224 1234/1234/1225
f 1224/1224/1215 1234/1234/1225 1235/1235/1226
f 1235/1235/1226 1225/1225/1216 1224/1224/1215
f 1225/1225/1216 1235/1235/1226 1236/1236/1227
f 1236/1236/1227 1237/1237/1228 1225/1225/1216
f 1237/1237/1228 1236/1236/1227 1238/1238/1229
f 1238/1238/1229 1236/1236/1227 1239/1239/1230
f 1236/1236/1227 1235/1235/1226 1239/1239/1230
f 1240/1240/1231 1238/1238/1229 1239/1239/1230
f 1235/1235/1226 1234/1234/1225 1241/1241/1232
f 1239/1239/1230 1235/1235/1226 1241/1241/1232
f 1239/1239/1230 1242/1242/1233 1240/1240/1231
f 1242/1242/1233 1239/1239/1230 1241/1241/1232
f 1243/1243/1234 1240/1240/1231 1242/1242/1233
f 1241/1241/1232 1234/1234/1225 1244/1244/1235
f 1234/1234/1225 1233/1233/1224 1244/1244/1235
f 1241/1241/1232 1245/1245/1236 1242/1242/1233
f 1245/1245/1236 1241/1241/1232 1244/1244/1235
f 1242/1242/1233 1246/1246/1237 1243/1243/1234
f 1246/1246/1237 1242/1242/1233 1245/1245/1236
f 1247/1247/1238 1243/1243/1234 1246/1246/1237
f 1243/1243/1234 1247/1247/1238 1248/1248/1239
f 1249/1249/1240 1248/1248/1239 1247/1247/1238
f 1244/1244/1235 1233/1233/1224 1250/1250/1241
f 1244/1244/1235 1251/1251/1242 1245/1245/1236
f 1251/1251/1242 1244/1244/1235 1250/1250/1241
f 1233/1233/1224 1231/1231/1222 1250/1250/1241
f 1252/1252/1243 1245/1245/1236 1251/1251/1242
f 1245/1245/1236 1252/1252/1243 1246/1246/1237
f 1250/1250/1241 1253/1253/1244 1251/1251/1242
f 1253/1253/1244 1252/1252/1243 1251/1251/1242
f 1250/1250/1241 1231/1231/1222 1254/1254/1245
f 1253/1253/1244 1250/1250/1241 1254/1254/1245
f 1255/1255/1246 1246/1246/1237 1252/1252/1243
f 1246/1246/1237 1255/1255/1246 1247/1247/1238
f 1252/1252/1243 1253/1253/1244 1256/1256/1247
f 1256/1256/1247 1255/1255/1246 1252/1252/1243
f 1254/1254/1245 1257/1257/1248 1253/1253/1244
f 1257/1257/1248 1256/1256/1247 1253/1253/1244
f 1258/1258/1249 1247/1247/1238 1255/1255/1246
f 1247/1247/1238 1258/1258/1249 1249/1249/1240
f 1259/1259/1250 1260/1260/1251 1261/1261/1252
f 1259/1259/1250 1261/1261/1252 1262/1262/1253
f 1263/1263/1254 1259/1259/1250 1262/1262/1253
f 1261/1261/1252 1260/1260/1251 1264/1264/1255
f 1265/1265/1256 1259/1259/1250 1263/1263/1254
f 1263/1263/1254 1266/1266/1257 1265/1265/1256
f 1267/1267/1258 1265/1265/1256 1266/1266/1257
f 1259/1259/1250 1265/1265/1256 1268/1268/1259
f 1268/1268/1259 1260/1260/1251 1259/1259/1250
f 1265/1265/1256 1267/1267/1258 1269/1269/1260
f 1269/1269/1260 1268/1268/1259 1265/1265/1256
f 1270/1270/1261 1269/1269/1260 1267/1267/1258
f 1269/1269/1260 1270/1270/1261 1271/1271/1262
f 1271/1271/1262 1272/1272/1263 1269/1269/1260
f 1268/1268/1259 1269/1269/1260 1272/1272/1263
f 1272/1272/1263 1271/1271/1262 1273/1273/1264
f 1260/1260/1251 1268/1268/1259 1274/1274/1265
f 1272/1272/1263 1274/1274/1265 1268/1268/1259
f 1273/1273/1264 1275/1275/1266 1272/1272/1263
f 1274/1274/1265 1272/1272/1263 1275/1275/1266
f 1275/1275/1266 1273/1273/1264 1276/1276/1267
f 1276/1276/1267 1277/1277/1268 1275/1275/1266
f 1278/1278/1269 1275/1275/1266 1277/1277/1268
f 1275/1275/1266 1278/1278/1269 1274/1274/1265
f 1277/1277/1268 1279/1279/1270 1278/1278/1269
f 1280/1280/1271 1278/1278/1269 1279/1279/1270
f 1281/1281/1272 1274/1274/1265 1278/1278/1269
f 1278/1278/1269 1280/1280/1271 1281/1281/1272
f 1274/1274/1265 1281/1281/1272 1260/1260/1251
f 1281/1281/1272 1280/1280/1271 1282/1282/1273
f 1260/1260/1251 1281/1281/1272 1264/1264/1255
f 1264/1264/1255 1281/1281/1272 1282/1282/1273
f 1283/1283/1274 1284/1284/1275 1285/1285/1276
f 1286/1286/1277 1287/1287/1278 1288/1288/1279
f 1289/1289/1280 1288/1288/1279 1287/1287/1278
f 1288/1288/1279 1289/1289/1280 1290/1290/1281
f 1286/1286/1277 1291/1291/1282 1283/1283/1274
f 1284/1284/1275 1283/1283/1274 1291/1291/1282
f 1288/1288/1279 1292/1292/1283 1286/1286/1277
f 1291/1291/1282 1286/1286/1277 1292/1292/1283
f 1290/1290/1281 1293/1293/1284 1288/1288/1279
f 1292/1292/1283 1288/1288/1279 1293/1293/1284
f 1293/1293/1284 1290/1290/1281 1294/1294/1285
f 1294/1294/1285 1295/1295/1286 1293/1293/1284
f 1295/1295/1286 1294/1294/1285 1296/1296/1287
f 1293/1293/1284 1297/1297/1288 1292/1292/1283
f 1297/1297/1288 1293/1293/1284 1295/1295/1286
f 1292/1292/1283 1298/1298/1289 1291/1291/1282
f 1298/1298/1289 1292/1292/1283 1297/1297/1288
f 1299/1299/1290 1291/1291/1282 1298/1298/1289
f 1291/1291/1282 1299/1299/1290 1284/1284/1275
f 1296/1296/1287 1300/1300/1291 1295/1295/1286
f 1300/1300/1291 1296/1296/1287 1301/1301/1292
f 1295/1295/1286 1302/1302/1293 1297/1297/1288
f 1302/1302/1293 1295/1295/1286 1300/1300/1291
f 1297/1297/1288 1303/1303/1294 1298/1298/1289
f 1303/1303/1294 1297/1297/1288 1302/1302/1293
f 1298/1298/1289 1304/1304/1295 1299/1299/1290
f 1304/1304/1295 1298/1298/1289 1303/1303/1294
f 1301/1301/1292 1305/1305/1296 1300/1300/1291
f 1305/1305/1296 1301/1301/1292 1306/1306/1297
f 1300/1300/1291 1307/1307/1298 1302/1302/1293
f 1307/1307/1298 1300/1300/1291 1305/1305/1296
f 1302/1302/1293 1308/1308/1299 1303/1303/1294
f 1308/1308/1299 1302/1302/1293 1307/1307/1298
f 1303/1303/1294 1309/1309/1300 1304/1304/1295
f 1309/1309/1300 1303/1303/1294 1308/1308/1299
f 1306/1306/1297 1310/1310/1301 1305/1305/1296
f 1310/1310/1301 1306/1306/1297 1311/1311/1302
f 1305/1305/1296 1312/1312/1303 1307/1307/1298
f 1312/1312/1303 1305/1305/1296 1310/1310/1301
f 1307/1307/1298 1313/1313/1304 1308/1308/1299
f 1313/1313/1304 1307/1307/1298 1312/1312/1303
f 1308/1308/1299 1314/1314/1305 1309/1309/1300
f 1314/1314/1305 1308/1308/1299 1313/1313/1304
f 1310/1310/1301 1315/1315/1306 1312/1312/1303
f 1316/1316/1307 1309/1309/1300 1314/1314/1305
f 1311/1311/1302 1317/1317/1308 1310/1310/1301
f 1315/1315/1306 1310/1310/1301 1317/1317/1308
f 1317/1317/1308 1311/1311/1302 1318/1318/1309
f 1311/1311/1302 1319/1319/1310 1318/1318/1309
f 1318/1318/1309 1320/1320/1311 1317/1317/1308
f 1320/1320/1311 1315/1315/1306 1317/1317/1308
f 1319/1319/1310 1321/1321/1312 1318/1318/1309
f 1320/1320/1311 1318/1318/1309 1321/1321/1312
f 1321/1321/1312 1319/1319/1310 1322/1322/1313
f 1322/1322/1313 1323/1323/1314 1321/1321/1312
f 1324/1324/1315 1321/1321/1312 1323/1323/1314
f 1321/1321/1312 1324/1324/1315 1320/1320/1311
f 1323/1323/1314 1325/1325/1316 1324/1324/1315
f 1315/1315/1306 1320/1320/1311 1326/1326/1317
f 1324/1324/1315 1326/1326/1317 1320/1320/1311
f 1327/1327/1318 1324/1324/1315 1325/1325/1316
f 1325/1325/1316 1328/1328/1319 1327/1327/1318
f 1326/1326/1317 1324/1324/1315 1329/1329/1320
f 1324/1324/1315 1327/1327/1318 1329/1329/1320
f 1330/1330/1321 1327/1327/1318 1328/1328/1319
f 1328/1328/1319 1331/1331/1322 1330/1330/1321
f 1332/1332/1323 1329/1329/1320 1327/1327/1318
f 1327/1327/1318 1330/1330/1321 1332/1332/1323
f 1333/1333/1324 1326/1326/1317 1329/1329/1320
f 1329/1329/1320 1332/1332/1323 1333/1333/1324
f 1326/1326/1317 1333/1333/1324 1334/1334/1325
f 1334/1334/1325 1315/1315/1306 1326/1326/1317
f 1335/1335/1326 1330/1330/1321 1331/1331/1322
f 1331/1331/1322 1336/1336/1327 1335/1335/1326
f 1337/1337/1328 1332/1332/1323 1330/1330/1321
f 1330/1330/1321 1335/1335/1326 1337/1337/1328
f 1338/1338/1329 1333/1333/1324 1332/1332/1323
f 1332/1332/1323 1337/1337/1328 1338/1338/1329
f 1339/1339/1330 1334/1334/1325 1333/1333/1324
f 1333/1333/1324 1338/1338/1329 1339/1339/1330
f 1340/1340/1331 1335/1335/1326 1336/1336/1327
f 1336/1336/1327 1341/1341/1332 1340/1340/1331
f 1342/1342/1333 1337/1337/1328 1335/1335/1326
f 1335/1335/1326 1340/1340/1331 1342/1342/1333
f 1343/1343/1334 1338/1338/1329 1337/1337/1328
f 1337/1337/1328 1342/1342/1333 1343/1343/1334
f 1344/1344/1335 1339/1339/1330 1338/1338/1329
f 1338/1338/1329 1343/1343/1334 1344/1344/1335
f 1345/1345/1336 1346/1346/1337 1347/1347/1338
f 1348/1348/1339 1347/1347/1338 1346/1346/1337
f 1347/1347/1338 1348/1348/1339 1349/1349/1340
f 1347/1347/1338 884/884/881 1345/1345/1336
f 884/884/881 885/885/882 1345/1345/1336
f 1349/1349/1340 1350/1350/1341 1347/1347/1338
f 884/884/881 1347/1347/1338 1350/1350/1341
f 1350/1350/1341 1349/1349/1340 1351/1351/1342
f 1352/1352/1343 1351/1351/1342 1349/1349/1340
f 1350/1350/1341 881/881/878 884/884/881
f 1351/1351/1342 1352/1352/1343 1353/1353/1344
f 1354/1354/1345 1353/1353/1344 1352/1352/1343
f 1351/1351/1342 1355/1355/846 1350/1350/1341
f 881/881/878 1350/1350/1341 1355/1355/846
f 1353/1353/1344 1356/1356/1346 1351/1351/1342
f 1355/1355/846 1351/1351/1342 1356/1356/1346
f 1353/1353/1344 1354/1354/1345 1357/1357/1347
f 1358/1358/1348 1357/1357/1347 1354/1354/1345
f 1356/1356/1346 1353/1353/1344 1359/1359/1349
f 1357/1357/1347 1359/1359/1349 1353/1353/1344
f 1356/1356/1346 1360/1360/1350 1355/1355/846
f 1355/1355/846 880/880/877 881/881/878
f 880/880/877 1355/1355/846 1360/1360/1350
f 1360/1360/1350 1356/1356/1346 1361/1361/1351
f 1359/1359/1349 1361/1361/1351 1356/1356/1346
f 1360/1360/1350 1362/1362/1352 880/880/877
f 1361/1361/1351 1363/1363/1353 1360/1360/1350
f 1362/1362/1352 1360/1360/1350 1363/1363/1353
f 1363/1363/1353 1361/1361/1351 1364/1364/1354
f 1363/1363/1353 1365/1365/1355 1362/1362/1352
f 1364/1364/1354 1365/1365/1355 1363/1363/1353
f 1362/1362/1352 1365/1365/1355 1366/1366/657
f 1365/1365/1355 1364/1364/1354 1367/1367/1356
f 1362/1362/1352 1366/1366/657 874/874/871
f 874/874/871 1366/1366/657 873/873/870
f 1362/1362/1352 876/876/873 880/880/877
f 876/876/873 1362/1362/1352 874/874/871
f 1368/1368/1357 1367/1367/1356 1364/1364/1354
f 1367/1367/1356 1368/1368/1357 1369/1369/1358
f 1368/1368/1357 1370/1370/1359 1369/1369/1358
f 1364/1364/1354 1371/1371/1360 1368/1368/1357
f 1371/1371/1360 1364/1364/1354 1361/1361/1351
f 1361/1361/1351 1359/1359/1349 1371/1371/1360
f 1372/1372/1361 1371/1371/1360 1359/1359/1349
f 1359/1359/1349 1357/1357/1347 1372/1372/1361
f 1373/1373/1362 1368/1368/1357 1371/1371/1360
f 1371/1371/1360 1372/1372/1361 1373/1373/1362
f 1374/1374/1363 1370/1370/1359 1368/1368/1357
f 1368/1368/1357 1373/1373/1362 1374/1374/1363
f 1375/1375/1364 1370/1370/1359 1374/1374/1363
f 1370/1370/1359 1375/1375/1364 1376/1376/1365
f 1375/1375/1364 1377/1377/1366 1376/1376/1365
f 1374/1374/1363 1378/1378/1367 1375/1375/1364
f 1378/1378/1367 1374/1374/1363 1373/1373/1362
f 1379/1379/1368 1377/1377/1366 1375/1375/1364
f 1379/1379/1368 1380/1380/1369 1377/1377/1366
f 1381/1381/1370 1375/1375/1364 1378/1378/1367
f 1375/1375/1364 1381/1381/1370 1379/1379/1368
f 1373/1373/1362 1382/1382/1371 1378/1378/1367
f 1382/1382/1371 1373/1373/1362 1372/1372/1361
f 1378/1378/1367 1383/1383/1372 1381/1381/1370
f 1383/1383/1372 1378/1378/1367 1382/1382/1371
f 1384/1384/1373 1380/1380/1369 1379/1379/1368
f 1384/1384/1373 1385/1385/1374 1380/1380/1369
f 1386/1386/1375 1379/1379/1368 1381/1381/1370
f 1379/1379/1368 1386/1386/1375 1384/1384/1373
f 1387/1387/1376 1381/1381/1370 1383/1383/1372
f 1381/1381/1370 1387/1387/1376 1386/1386/1375
f 1388/1388/1377 1385/1385/1374 1384/1384/1373
f 1388/1388/1377 1389/1389/1378 1385/1385/1374
f 1390/1390/1379 1384/1384/1373 1386/1386/1375
f 1384/1384/1373 1390/1390/1379 1388/1388/1377
f 1391/1391/1380 1389/1389/1378 1388/1388/1377
f 1390/1390/1379 1391/1391/1380 1388/1388/1377
f 1391/1391/1380 1392/1392/1381 1389/1389/1378
f 1386/1386/1375 1393/1393/1382 1390/1390/1379
f 1393/1393/1382 1386/1386/1375 1387/1387/1376
f 1391/1391/1380 1390/1390/1379 1394/1394/1383
f 1393/1393/1382 1394/1394/1383 1390/1390/1379
f 1395/1395/1384 1392/1392/1381 1391/1391/1380
f 1394/1394/1383 1395/1395/1384 1391/1391/1380
f 1395/1395/1384 1396/1396/1385 1392/1392/1381
f 1397/1397/1386 1396/1396/1385 1395/1395/1384
f 1397/1397/1386 1398/1398/1387 1396/1396/1385
f 1395/1395/1384 1394/1394/1383 1399/1399/1388
f 1399/1399/1388 1397/1397/1386 1395/1395/1384
f 1394/1394/1383 1393/1393/1382 1400/1400/1389
f 1400/1400/1389 1399/1399/1388 1394/1394/1383
f 1401/1401/1390 1400/1400/1389 1393/1393/1382
f 1387/1387/1376 1401/1401/1390 1393/1393/1382
f 1397/1397/1386 1263/1263/1254 1398/1398/1387
f 1263/1263/1254 1262/1262/1253 1398/1398/1387
f 1397/1397/1386 1399/1399/1388 1266/1266/1257
f 1266/1266/1257 1263/1263/1254 1397/1397/1386
f 1399/1399/1388 1400/1400/1389 1402/1402/1391
f 1402/1402/1391 1266/1266/1257 1399/1399/1388
f 1400/1400/1389 1401/1401/1390 1403/1403/1392
f 1403/1403/1392 1402/1402/1391 1400/1400/1389
f 1402/1402/1391 1403/1403/1392 1404/1404/1393
f 1405/1405/1394 1404/1404/1393 1403/1403/1392
f 1404/1404/1393 1267/1267/1258 1402/1402/1391
f 1266/1266/1257 1402/1402/1391 1267/1267/1258
f 1267/1267/1258 1404/1404/1393 1270/1270/1261
f 1403/1403/1392 1406/1406/1395 1405/1405/1394
f 1406/1406/1395 1403/1403/1392 1401/1401/1390
f 1407/1407/1396 1405/1405/1394 1406/1406/1395
f 1408/1408/1397 1406/1406/1395 1401/1401/1390
f 1401/1401/1390 1387/1387/1376 1408/1408/1397
f 1383/1383/1372 1408/1408/1397 1387/1387/1376
f 1409/1409/1398 1407/1407/1396 1406/1406/1395
f 1406/1406/1395 1408/1408/1397 1409/1409/1398
f 1407/1407/1396 1409/1409/1398 1410/1410/1399
f 1408/1408/1397 1383/1383/1372 1411/1411/1400
f 1411/1411/1400 1409/1409/1398 1408/1408/1397
f 1382/1382/1371 1411/1411/1400 1383/1383/1372
f 1412/1412/1401 1410/1410/1399 1409/1409/1398
f 1409/1409/1398 1411/1411/1400 1412/1412/1401
f 1410/1410/1399 1412/1412/1401 1413/1413/1402
f 1358/1358/1348 1413/1413/1402 1412/1412/1401
f 1414/1414/1403 1412/1412/1401 1411/1411/1400
f 1412/1412/1401 1414/1414/1403 1358/1358/1348
f 1411/1411/1400 1382/1382/1371 1414/1414/1403
f 1357/1357/1347 1358/1358/1348 1414/1414/1403
f 1372/1372/1361 1414/1414/1403 1382/1382/1371
f 1414/1414/1403 1372/1372/1361 1357/1357/1347
f 1415/1415/1404 113/113/113 114/114/114
f 1416/1416/1405 114/114/114 115/115/115
f 114/114/114 1416/1416/1405 1415/1415/1404
f 112/112/112 1417/1417/1406 115/115/115
f 1417/1417/1406 1416/1416/1405 115/115/115
f 1417/1417/1406 112/112/112 1418/1418/1407
f 112/112/112 315/315/315 1418/1418/1407
f 316/316/316 1418/1418/1407 315/315/315
f 113/113/113 1415/1415/1404 15/15/15
f 15/15/15 16/16/16 113/113/113
f 1416/1416/1405 1419/1419/1408 1415/1415/1404
f 1419/1419/1408 15/15/15 1415/1415/1404
f 1418/1418/1407 316/316/316 1420/1420/1409
f 1421/1421/1321 1418/1418/1407 1420/1420/1409
f 1418/1418/1407 1421/1421/1321 1417/1417/1406
f 316/316/316 1422/1422/1410 1420/1420/1409
f 1416/1416/1405 1417/1417/1406 1423/1423/1411
f 1421/1421/1321 1423/1423/1411 1417/1417/1406
f 1423/1423/1411 1424/1424/1412 1416/1416/1405
f 1419/1419/1408 1416/1416/1405 1424/1424/1412
f 1420/1420/1409 1425/1425/1413 1421/1421/1321
f 1425/1425/1413 1420/1420/1409 1422/1422/1410
f 1422/1422/1410 316/316/316 1426/1426/1414
f 316/316/316 299/299/299 1426/1426/1414
f 1422/1422/1410 1427/1427/1415 1425/1425/1413
f 1428/1428/1416 1421/1421/1321 1425/1425/1413
f 1427/1427/1415 1428/1428/1416 1425/1425/1413
f 299/299/299 1429/1429/1417 1426/1426/1414
f 1426/1426/1414 1430/1430/1418 1422/1422/1410
f 1427/1427/1415 1422/1422/1410 1430/1430/1418
f 1430/1430/1418 1426/1426/1414 1429/1429/1417
f 1429/1429/1417 299/299/299 294/294/294
f 1430/1430/1418 1431/1431/1419 1427/1427/1415
f 294/294/294 1432/1432/1420 1429/1429/1417
f 1429/1429/1417 1433/1433/1421 1430/1430/1418
f 1433/1433/1421 1429/1429/1417 1432/1432/1420
f 1431/1431/1419 1430/1430/1418 1433/1433/1421
f 1432/1432/1420 294/294/294 289/289/289
f 289/289/289 1434/1434/1422 1432/1432/1420
f 1434/1434/1422 289/289/289 288/288/288
f 1432/1432/1420 1435/1435/1423 1433/1433/1421
f 1435/1435/1423 1432/1432/1420 1434/1434/1422
f 1436/1436/1424 1433/1433/1421 1435/1435/1423
f 1433/1433/1421 1436/1436/1424 1431/1431/1419
f 288/288/288 1437/1437/1425 1434/1434/1422
f 1437/1437/1425 288/288/288 1438/1438/1426
f 1434/1434/1422 1439/1439/1427 1435/1435/1423
f 1439/1439/1427 1434/1434/1422 1437/1437/1425
f 1435/1435/1423 1440/1440/1428 1436/1436/1424
f 1440/1440/1428 1435/1435/1423 1439/1439/1427
f 1438/1438/1426 1441/1441/1429 1437/1437/1425
f 1441/1441/1429 1438/1438/1426 1442/1442/1430
f 1437/1437/1425 1443/1443/1431 1439/1439/1427
f 1443/1443/1431 1437/1437/1425 1441/1441/1429
f 1439/1439/1427 1444/1444/1432 1440/1440/1428
f 1444/1444/1432 1439/1439/1427 1443/1443/1431
f 1445/1445/1433 1436/1436/1424 1440/1440/1428
f 1442/1442/1430 1287/1287/1278 1441/1441/1429
f 1287/1287/1278 1442/1442/1430 1289/1289/1280
f 1441/1441/1429 1446/1446/1434 1443/1443/1431
f 1446/1446/1434 1441/1441/1429 1287/1287/1278
f 1443/1443/1431 1447/1447/1435 1444/1444/1432
f 1447/1447/1435 1443/1443/1431 1446/1446/1434
f 1448/1448/1436 1440/1440/1428 1444/1444/1432
f 1440/1440/1428 1448/1448/1436 1445/1445/1433
f 1449/1449/1437 1444/1444/1432 1447/1447/1435
f 1444/1444/1432 1449/1449/1437 1448/1448/1436
f 1447/1447/1435 1285/1285/1276 1449/1449/1437
f 1450/1450/1438 1448/1448/1436 1449/1449/1437
f 1285/1285/1276 1450/1450/1438 1449/1449/1437
f 1446/1446/1434 1283/1283/1274 1447/1447/1435
f 1285/1285/1276 1447/1447/1435 1283/1283/1274
f 1283/1283/1274 1446/1446/1434 1286/1286/1277
f 1287/1287/1278 1286/1286/1277 1446/1446/1434
f 1451/1451/1439 1452/1452/1440 1453/1453/1441
f 1454/1454/1442 1453/1453/1441 1452/1452/1440
f 1452/1452/1440 1451/1451/1439 1455/1455/1443
f 1451/1451/1439 1456/1456/1444 1455/1455/1443
f 1452/1452/1440 1457/1457/1445 1454/1454/1442
f 1458/1458/1446 1454/1454/1442 1457/1457/1445
f 1455/1455/1443 1459/1459/1447 1452/1452/1440
f 1457/1457/1445 1452/1452/1440 1459/1459/1447
f 1460/1460/1448 1455/1455/1443 1456/1456/1444
f 1456/1456/1444 1461/1461/1449 1460/1460/1448
f 1459/1459/1447 1455/1455/1443 1462/1462/1450
f 1455/1455/1443 1460/1460/1448 1462/1462/1450
f 1461/1461/1449 1463/1463/1451 1460/1460/1448
f 1463/1463/1451 1462/1462/1450 1460/1460/1448
f 1463/1463/1451 1461/1461/1449 1464/1464/1452
f 1464/1464/1452 1465/1465/1453 1463/1463/1451
f 1462/1462/1450 1463/1463/1451 1466/1466/1454
f 1465/1465/1453 1466/1466/1454 1463/1463/1451
f 1462/1462/1450 1467/1467/1455 1459/1459/1447
f 1467/1467/1455 1462/1462/1450 1466/1466/1454
f 1468/1468/1456 1459/1459/1447 1467/1467/1455
f 1459/1459/1447 1468/1468/1456 1457/1457/1445
f 1466/1466/1454 1410/1410/1399 1467/1467/1455
f 1466/1466/1454 1465/1465/1453 1407/1407/1396
f 1410/1410/1399 1466/1466/1454 1407/1407/1396
f 1405/1405/1394 1407/1407/1396 1465/1465/1453
f 1465/1465/1453 1469/1469/1457 1405/1405/1394
f 1404/1404/1393 1405/1405/1394 1469/1469/1457
f 1467/1467/1455 1413/1413/1402 1468/1468/1456
f 1413/1413/1402 1467/1467/1455 1410/1410/1399
f 1470/1470/1458 1457/1457/1445 1468/1468/1456
f 1457/1457/1445 1470/1470/1458 1458/1458/1446
f 1470/1470/1458 1471/1471/1459 1458/1458/1446
f 1468/1468/1456 1472/1472/1460 1470/1470/1458
f 1472/1472/1460 1468/1468/1456 1413/1413/1402
f 1471/1471/1459 1470/1470/1458 1473/1473/1461
f 1472/1472/1460 1473/1473/1461 1470/1470/1458
f 1473/1473/1461 1474/1474/1462 1471/1471/1459
f 1413/1413/1402 1358/1358/1348 1472/1472/1460
f 1473/1473/1461 1472/1472/1460 1475/1475/1463
f 1472/1472/1460 1354/1354/1345 1475/1475/1463
f 1354/1354/1345 1472/1472/1460 1358/1358/1348
f 1475/1475/1463 1476/1476/1464 1473/1473/1461
f 1474/1474/1462 1473/1473/1461 1476/1476/1464
f 1476/1476/1464 1475/1475/1463 1477/1477/1465
f 1354/1354/1345 1477/1477/1465 1475/1475/1463
f 1478/1478/1466 1474/1474/1462 1476/1476/1464
f 1474/1474/1462 1478/1478/1466 1479/1479/1467
f 1348/1348/1339 1476/1476/1464 1477/1477/1465
f 1476/1476/1464 1348/1348/1339 1478/1478/1466
f 1477/1477/1465 1354/1354/1345 1352/1352/1343
f 1480/1480/1468 1479/1479/1467 1478/1478/1466
f 1479/1479/1467 1480/1480/1468 1481/1481/1469
f 1346/1346/1337 1478/1478/1466 1348/1348/1339
f 1478/1478/1466 1346/1346/1337 1480/1480/1468
f 1477/1477/1465 1349/1349/1340 1348/1348/1339
f 1349/1349/1340 1477/1477/1465 1352/1352/1343
f 1480/1480/1468 1482/1482/1470 1481/1481/1469
f 1483/1483/1471 1481/1481/1469 1482/1482/1470
f 1482/1482/1470 1484/1484/1472 1483/1483/1471
f 1482/1482/1470 1480/1480/1468 1485/1485/1473
f 1346/1346/1337 1485/1485/1473 1480/1480/1468
f 1484/1484/1472 1482/1482/1470 1486/1486/1474
f 1485/1485/1473 1486/1486/1474 1482/1482/1470
f 1486/1486/1474 1487/1487/1475 1484/1484/1472
f 1486/1486/1474 1485/1485/1473 1488/1488/1476
f 1487/1487/1475 1486/1486/1474 1489/1489/1477
f 1488/1488/1476 1489/1489/1477 1486/1486/1474
f 1489/1489/1477 1490/1490/1478 1487/1487/1475
f 1490/1490/1478 1489/1489/1477 1491/1491/1479
f 1491/1491/1479 1492/1492/1480 1490/1490/1478
f 1493/1493/1481 1491/1491/1479 1489/1489/1477
f 1489/1489/1477 1488/1488/1476 1493/1493/1481
f 1492/1492/1480 1491/1491/1479 893/893/890
f 896/896/893 1492/1492/1480 893/893/890
f 1491/1491/1479 1493/1493/1481 890/890/887
f 890/890/887 893/893/890 1491/1491/1479
f 1488/1488/1476 887/887/884 1493/1493/1481
f 887/887/884 890/890/887 1493/1493/1481
f 1494/1494/1482 1488/1488/1476 1485/1485/1473
f 1485/1485/1473 1346/1346/1337 1494/1494/1482
f 1488/1488/1476 1494/1494/1482 1495/1495/1483
f 887/887/884 1488/1488/1476 1495/1495/1483
f 1494/1494/1482 885/885/882 1495/1495/1483
f 885/885/882 887/887/884 1495/1495/1483
f 1346/1346/1337 1345/1345/1336 1494/1494/1482
f 885/885/882 1494/1494/1482 1345/1345/1336
f 1496/1496/1484 1124/1124/1120 1125/1125/1121
f 1118/1118/1114 1497/1497/1485 1123/1123/1119
f 1497/1497/1485 1118/1118/1114 1114/1114/1110
f 1125/1125/1121 1126/1126/1122 1498/1498/1486
f 1498/1498/1486 1496/1496/1484 1125/1125/1121
f 1114/1114/1110 1499/1499/1487 1497/1497/1485
f 1499/1499/1487 1114/1114/1110 1110/1110/1106
f 1110/1110/1106 1500/1500/1488 1499/1499/1487
f 1500/1500/1488 1110/1110/1106 1105/1105/1101
f 1499/1499/1487 1501/1501/1489 1497/1497/1485
f 1502/1502/1490 1124/1124/1120 1496/1496/1484
f 1502/1502/1490 1120/1120/1116 1124/1124/1120
f 1502/1502/1490 1503/1503/1491 1120/1120/1116
f 1503/1503/1491 1119/1119/1115 1120/1120/1116
f 1504/1504/1492 1502/1502/1490 1496/1496/1484
f 1503/1503/1491 1505/1505/1493 1119/1119/1115
f 1505/1505/1493 1029/1029/1025 1119/1119/1115
f 1506/1506/1494 1503/1503/1491 1502/1502/1490
f 1506/1506/1494 1502/1502/1490 1504/1504/1492
f 1507/1507/1495 1505/1505/1493 1503/1503/1491
f 1506/1506/1494 1507/1507/1495 1503/1503/1491
f 1505/1505/1493 1508/1508/1496 1029/1029/1025
f 1085/1085/1081 1029/1029/1025 1508/1508/1496
f 1508/1508/1496 1082/1082/1078 1085/1085/1081
f 1509/1509/1497 1508/1508/1496 1505/1505/1493
f 1507/1507/1495 1509/1509/1497 1505/1505/1493
f 1082/1082/1078 1508/1508/1496 1510/1510/1498
f 1509/1509/1497 1510/1510/1498 1508/1508/1496
f 1086/1086/1082 1082/1082/1078 1510/1510/1498
f 1511/1511/1499 1510/1510/1498 1509/1509/1497
f 1511/1511/1499 1086/1086/1082 1510/1510/1498
f 1512/1512/1500 1509/1509/1497 1507/1507/1495
f 1512/1512/1500 1511/1511/1499 1509/1509/1497
f 1513/1513/1501 1512/1512/1500 1507/1507/1495
f 1513/1513/1501 1507/1507/1495 1506/1506/1494
f 1514/1514/1502 1511/1511/1499 1512/1512/1500
f 1513/1513/1501 1514/1514/1502 1512/1512/1500
f 1515/1515/1503 1086/1086/1082 1511/1511/1499
f 1514/1514/1502 1515/1515/1503 1511/1511/1499
f 1515/1515/1503 1516/1516/1504 1086/1086/1082
f 1084/1084/1080 1086/1086/1082 1516/1516/1504
f 1514/1514/1502 1517/1517/1505 1515/1515/1503
f 1517/1517/1505 1516/1516/1504 1515/1515/1503
f 1518/1518/1506 1084/1084/1080 1516/1516/1504
f 1517/1517/1505 1518/1518/1506 1516/1516/1504
f 1518/1518/1506 1519/1519/1507 1084/1084/1080
f 1517/1517/1505 1514/1514/1502 1520/1520/1508
f 1521/1521/1509 1518/1518/1506 1517/1517/1505
f 1520/1520/1508 1521/1521/1509 1517/1517/1505
f 1521/1521/1509 1522/1522/1510 1518/1518/1506
f 1522/1522/1510 1519/1519/1507 1518/1518/1506
f 1523/1523/1511 1084/1084/1080 1519/1519/1507
f 1084/1084/1080 1523/1523/1511 1075/1075/1071
f 1522/1522/1510 1524/1524/1512 1519/1519/1507
f 1524/1524/1512 1523/1523/1511 1519/1519/1507
f 1525/1525/1513 1522/1522/1510 1521/1521/1509
f 815/815/812 1075/1075/1071 1523/1523/1511
f 1075/1075/1071 815/815/812 819/819/816
f 1524/1524/1512 1526/1526/1514 1523/1523/1511
f 1526/1526/1514 815/815/812 1523/1523/1511
f 1527/1527/1515 1524/1524/1512 1522/1522/1510
f 1525/1525/1513 1527/1527/1515 1522/1522/1510
f 1528/1528/1516 1526/1526/1514 1524/1524/1512
f 1527/1527/1515 1528/1528/1516 1524/1524/1512
f 1526/1526/1514 1529/1529/1517 815/815/812
f 807/807/804 815/815/812 1529/1529/1517
f 808/808/805 807/807/804 1529/1529/1517
f 1530/1530/1518 1529/1529/1517 1526/1526/1514
f 1530/1530/1518 808/808/805 1529/1529/1517
f 1528/1528/1516 1530/1530/1518 1526/1526/1514
f 1531/1531/1519 808/808/805 1530/1530/1518
f 1531/1531/1519 804/804/801 808/808/805
f 1532/1532/1520 1530/1530/1518 1528/1528/1516
f 1532/1532/1520 1531/1531/1519 1530/1530/1518
f 1533/1533/1521 1532/1532/1520 1528/1528/1516
f 1533/1533/1521 1528/1528/1516 1527/1527/1515
f 1534/1534/1522 804/804/801 1531/1531/1519
f 1534/1534/1522 793/793/790 804/804/801
f 1535/1535/1523 1531/1531/1519 1532/1532/1520
f 1535/1535/1523 1534/1534/1522 1531/1531/1519
f 1536/1536/1524 793/793/790 1534/1534/1522
f 1535/1535/1523 1536/1536/1524 1534/1534/1522
f 1536/1536/1524 696/696/693 793/793/790
f 1537/1537/1525 1535/1535/1523 1532/1532/1520
f 1537/1537/1525 1532/1532/1520 1533/1533/1521
f 1536/1536/1524 1535/1535/1523 1538/1538/1526
f 1537/1537/1525 1538/1538/1526 1535/1535/1523
f 1539/1539/1527 696/696/693 1536/1536/1524
f 1538/1538/1526 1539/1539/1527 1536/1536/1524
f 1539/1539/1527 694/694/691 696/696/693
f 695/695/692 694/694/691 1539/1539/1527
f 1539/1539/1527 1538/1538/1526 1540/1540/1528
f 1540/1540/1528 695/695/692 1539/1539/1527
f 1538/1538/1526 1537/1537/1525 1541/1541/1529
f 1541/1541/1529 1540/1540/1528 1538/1538/1526
f 1542/1542/1530 1541/1541/1529 1537/1537/1525
f 1542/1542/1530 1537/1537/1525 1533/1533/1521
f 1540/1540/1528 1541/1541/1529 1543/1543/1531
f 1541/1541/1529 1542/1542/1530 1544/1544/1532
f 1544/1544/1532 1543/1543/1531 1541/1541/1529
f 1542/1542/1530 1533/1533/1521 1545/1545/1533
f 1545/1545/1533 1533/1533/1521 1527/1527/1515
f 1546/1546/1534 1544/1544/1532 1542/1542/1530
f 1546/1546/1534 1542/1542/1530 1545/1545/1533
f 1545/1545/1533 1527/1527/1515 1525/1525/1513
f 1547/1547/1535 1545/1545/1533 1525/1525/1513
f 1546/1546/1534 1545/1545/1533 1547/1547/1535
f 1547/1547/1535 1525/1525/1513 1548/1548/1536
f 1544/1544/1532 1546/1546/1534 1549/1549/1537
f 1543/1543/1531 1544/1544/1532 1550/1550/1538
f 1549/1549/1537 1550/1550/1538 1544/1544/1532
f 1525/1525/1513 1551/1551/1539 1548/1548/1536
f 1551/1551/1539 1525/1525/1513 1521/1521/1509
f 1521/1521/1509 1520/1520/1508 1551/1551/1539
f 1552/1552/1540 1543/1543/1531 1550/1550/1538
f 1550/1550/1538 1549/1549/1537 1553/1553/1541
f 1553/1553/1541 1552/1552/1540 1550/1550/1538
f 1554/1554/1542 1551/1551/1539 1520/1520/1508
f 1555/1555/1543 1553/1553/1541 1549/1549/1537
f 1556/1556/1544 1548/1548/1536 1551/1551/1539
f 1551/1551/1539 1554/1554/1542 1556/1556/1544
f 1548/1548/1536 1556/1556/1544 1557/1557/1545
f 1557/1557/1545 1547/1547/1535 1548/1548/1536
f 1520/1520/1508 1558/1558/1546 1554/1554/1542
f 1558/1558/1546 1520/1520/1508 1514/1514/1502
f 1514/1514/1502 1513/1513/1501 1558/1558/1546
f 1547/1547/1535 1557/1557/1545 1559/1559/1547
f 1559/1559/1547 1546/1546/1534 1547/1547/1535
f 1560/1560/1548 1549/1549/1537 1546/1546/1534
f 1546/1546/1534 1559/1559/1547 1560/1560/1548
f 1549/1549/1537 1560/1560/1548 1555/1555/1543
f 1558/1558/1546 1513/1513/1501 1561/1561/1549
f 1559/1559/1547 1557/1557/1545 1562/1562/1550
f 1560/1560/1548 1559/1559/1547 1563/1563/1551
f 1563/1563/1551 1559/1559/1547 1562/1562/1550
f 1555/1555/1543 1560/1560/1548 1564/1564/1552
f 1564/1564/1552 1560/1560/1548 1563/1563/1551
f 1562/1562/1550 1557/1557/1545 1565/1565/1553
f 1557/1557/1545 1556/1556/1544 1565/1565/1553
f 1566/1566/1554 1562/1562/1550 1565/1565/1553
f 1567/1567/1555 1563/1563/1551 1562/1562/1550
f 1562/1562/1550 1566/1566/1554 1567/1567/1555
f 1568/1568/1556 1564/1564/1552 1563/1563/1551
f 1563/1563/1551 1567/1567/1555 1568/1568/1556
f 1565/1565/1553 1556/1556/1544 1569/1569/1557
f 1556/1556/1544 1554/1554/1542 1569/1569/1557
f 1570/1570/1558 1565/1565/1553 1569/1569/1557
f 1565/1565/1553 1570/1570/1558 1566/1566/1554
f 1569/1569/1557 1554/1554/1542 1571/1571/1559
f 1554/1554/1542 1558/1558/1546 1571/1571/1559
f 1571/1571/1559 1558/1558/1546 1561/1561/1549
f 1572/1572/1560 1569/1569/1557 1571/1571/1559
f 1569/1569/1557 1572/1572/1560 1570/1570/1558
f 1573/1573/1561 1571/1571/1559 1561/1561/1549
f 1571/1571/1559 1573/1573/1561 1572/1572/1560
f 1561/1561/1549 1574/1574/1562 1573/1573/1561
f 1575/1575/1563 1572/1572/1560 1573/1573/1561
f 1574/1574/1562 1575/1575/1563 1573/1573/1561
f 1576/1576/1564 1570/1570/1558 1572/1572/1560
f 1572/1572/1560 1575/1575/1563 1576/1576/1564
f 1574/1574/1562 1561/1561/1549 1577/1577/1565
f 1561/1561/1549 1513/1513/1501 1577/1577/1565
f 1513/1513/1501 1506/1506/1494 1577/1577/1565
f 1577/1577/1565 1506/1506/1494 1504/1504/1492
f 1577/1577/1565 1578/1578/1566 1574/1574/1562
f 1578/1578/1566 1577/1577/1565 1504/1504/1492
f 1575/1575/1563 1574/1574/1562 1579/1579/1567
f 1578/1578/1566 1579/1579/1567 1574/1574/1562
f 1579/1579/1567 1580/1580/1568 1575/1575/1563
f 1580/1580/1568 1576/1576/1564 1575/1575/1563
f 1504/1504/1492 1581/1581/1569 1578/1578/1566
f 1581/1581/1569 1504/1504/1492 1496/1496/1484
f 1496/1496/1484 1498/1498/1486 1581/1581/1569
f 1581/1581/1569 1582/1582/1570 1578/1578/1566
f 1579/1579/1567 1578/1578/1566 1582/1582/1570
f 1498/1498/1486 1583/1583/1571 1581/1581/1569
f 1582/1582/1570 1581/1581/1569 1583/1583/1571
f 1582/1582/1570 1584/1584/1572 1579/1579/1567
f 1579/1579/1567 1584/1584/1572 1580/1580/1568
f 1583/1583/1571 1585/1585/1573 1582/1582/1570
f 1582/1582/1570 1585/1585/1573 1584/1584/1572
f 1583/1583/1571 1498/1498/1486 1586/1586/1574
f 1126/1126/1122 1586/1586/1574 1498/1498/1486
f 1583/1583/1571 1587/1587/1575 1585/1585/1573
f 1586/1586/1574 1587/1587/1575 1583/1583/1571
f 1586/1586/1574 1126/1126/1122 1588/1588/1576
f 1123/1123/1119 1588/1588/1576 1126/1126/1122
f 1586/1586/1574 1589/1589/1577 1587/1587/1575
f 1588/1588/1576 1589/1589/1577 1586/1586/1574
f 1588/1588/1576 1123/1123/1119 1590/1590/1578
f 1497/1497/1485 1590/1590/1578 1123/1123/1119
f 1588/1588/1576 1591/1591/1579 1589/1589/1577
f 1590/1590/1578 1591/1591/1579 1588/1588/1576
f 1590/1590/1578 1497/1497/1485 1501/1501/1489
f 1590/1590/1578 1592/1592/1580 1591/1591/1579
f 1501/1501/1489 1592/1592/1580 1590/1590/1578
f 1591/1591/1579 1593/1593/1581 1589/1589/1577
f 1589/1589/1577 1594/1594/1582 1587/1587/1575
f 1589/1589/1577 1593/1593/1581 1594/1594/1582
f 1591/1591/1579 1595/1595/1583 1593/1593/1581
f 1592/1592/1580 1595/1595/1583 1591/1591/1579
f 1587/1587/1575 1594/1594/1582 1596/1596/1584
f 1587/1587/1575 1596/1596/1584 1585/1585/1573
f 1597/1597/1585 1340/1340/1331 1341/1341/1332
f 1341/1341/1332 1598/1598/1586 1597/1597/1585
f 1599/1599/1587 1342/1342/1333 1340/1340/1331
f 1340/1340/1331 1597/1597/1585 1599/1599/1587
f 1600/1600/1588 1343/1343/1334 1342/1342/1333
f 1342/1342/1333 1599/1599/1587 1600/1600/1588
f 1601/1601/1589 1344/1344/1335 1343/1343/1334
f 1343/1343/1334 1600/1600/1588 1601/1601/1589
f 1598/1598/1586 1602/1602/1590 1597/1597/1585
f 1602/1602/1590 1598/1598/1586 1603/1603/1591
f 1597/1597/1585 1604/1604/1592 1599/1599/1587
f 1604/1604/1592 1597/1597/1585 1602/1602/1590
f 1599/1599/1587 1605/1605/1593 1600/1600/1588
f 1605/1605/1593 1599/1599/1587 1604/1604/1592
f 1600/1600/1588 1606/1606/1594 1601/1601/1589
f 1606/1606/1594 1600/1600/1588 1605/1605/1593
f 1603/1603/1591 1607/1607/1595 1602/1602/1590
f 1607/1607/1595 1603/1603/1591 1608/1608/1596
f 1602/1602/1590 1609/1609/1597 1604/1604/1592
f 1609/1609/1597 1602/1602/1590 1607/1607/1595
f 1604/1604/1592 1610/1610/1598 1605/1605/1593
f 1610/1610/1598 1604/1604/1592 1609/1609/1597
f 1605/1605/1593 1611/1611/1599 1606/1606/1594
f 1611/1611/1599 1605/1605/1593 1610/1610/1598
f 1608/1608/1596 1612/1612/1600 1607/1607/1595
f 1612/1612/1600 1608/1608/1596 1613/1613/1601
f 1607/1607/1595 1614/1614/1602 1609/1609/1597
f 1614/1614/1602 1607/1607/1595 1612/1612/1600
f 1609/1609/1597 1615/1615/1603 1610/1610/1598
f 1615/1615/1603 1609/1609/1597 1614/1614/1602
f 1610/1610/1598 1616/1616/1604 1611/1611/1599
f 1616/1616/1604 1610/1610/1598 1615/1615/1603
f 1613/1613/1601 1617/1617/1605 1612/1612/1600
f 1612/1612/1600 1618/1618/1606 1614/1614/1602
f 1618/1618/1606 1612/1612/1600 1617/1617/1605
f 1617/1617/1605 1613/1613/1601 1619/1619/1607
f 1620/1620/1608 1614/1614/1602 1618/1618/1606
f 1614/1614/1602 1620/1620/1608 1615/1615/1603
f 1621/1621/1609 1618/1618/1606 1617/1617/1605
f 1622/1622/1610 1617/1617/1605 1619/1619/1607
f 1617/1617/1605 1622/1622/1610 1621/1621/1609
f 1623/1623/1611 1615/1615/1603 1620/1620/1608
f 1615/1615/1603 1623/1623/1611 1616/1616/1604
f 1624/1624/1612 1620/1620/1608 1618/1618/1606
f 1618/1618/1606 1621/1621/1609 1624/1624/1612
f 1625/1625/1613 1623/1623/1611 1620/1620/1608
f 1620/1620/1608 1624/1624/1612 1625/1625/1613
f 1626/1626/1614 1616/1616/1604 1623/1623/1611
f 1623/1623/1611 1625/1625/1613 1627/1627/1615
f 1627/1627/1615 1626/1626/1614 1623/1623/1611
f 1616/1616/1604 1626/1626/1614 1628/1628/1616
f 1628/1628/1616 1611/1611/1599 1616/1616/1604
f 1626/1626/1614 1627/1627/1615 1629/1629/1617
f 1611/1611/1599 1628/1628/1616 1630/1630/1618
f 1630/1630/1618 1606/1606/1594 1611/1611/1599
f 1631/1631/1619 1628/1628/1616 1626/1626/1614
f 1629/1629/1617 1631/1631/1619 1626/1626/1614
f 1632/1632/1620 1630/1630/1618 1628/1628/1616
f 1628/1628/1616 1631/1631/1619 1632/1632/1620
f 1606/1606/1594 1630/1630/1618 1633/1633/1621
f 1633/1633/1621 1601/1601/1589 1606/1606/1594
f 1630/1630/1618 1632/1632/1620 1634/1634/1622
f 1634/1634/1622 1633/1633/1621 1630/1630/1618
f 1601/1601/1589 1633/1633/1621 1635/1635/1623
f 1344/1344/1335 1601/1601/1589 1635/1635/1623
f 1633/1633/1621 1634/1634/1622 1636/1636/1624
f 1636/1636/1624 1635/1635/1623 1633/1633/1621
f 1635/1635/1623 1637/1637/1625 1344/1344/1335
f 1339/1339/1330 1344/1344/1335 1637/1637/1625
f 1635/1635/1623 1636/1636/1624 1638/1638/1626
f 1637/1637/1625 1635/1635/1623 1638/1638/1626
f 1637/1637/1625 1639/1639/1627 1339/1339/1330
f 1334/1334/1325 1339/1339/1330 1639/1639/1627
f 1638/1638/1626 1640/1640/1628 1637/1637/1625
f 1639/1639/1627 1637/1637/1625 1640/1640/1628
f 1639/1639/1627 1641/1641/1629 1334/1334/1325
f 1315/1315/1306 1334/1334/1325 1641/1641/1629
f 1641/1641/1629 1312/1312/1303 1315/1315/1306
f 1312/1312/1303 1641/1641/1629 1313/1313/1304
f 1641/1641/1629 1639/1639/1627 1642/1642/1630
f 1642/1642/1630 1313/1313/1304 1641/1641/1629
f 1640/1640/1628 1642/1642/1630 1639/1639/1627
f 1313/1313/1304 1642/1642/1630 1314/1314/1305
f 1643/1643/1631 1314/1314/1305 1642/1642/1630
f 1642/1642/1630 1640/1640/1628 1643/1643/1631
f 1314/1314/1305 1643/1643/1631 1316/1316/1307
f 1644/1644/1632 1643/1643/1631 1640/1640/1628
f 1640/1640/1628 1638/1638/1626 1644/1644/1632
f 1645/1645/1633 1316/1316/1307 1643/1643/1631
f 1643/1643/1631 1644/1644/1632 1645/1645/1633
f 1638/1638/1626 1646/1646/1634 1644/1644/1632
f 1646/1646/1634 1638/1638/1626 1636/1636/1624
f 1644/1644/1632 1647/1647/1635 1645/1645/1633
f 1647/1647/1635 1644/1644/1632 1646/1646/1634
f 1316/1316/1307 1645/1645/1633 1648/1648/1636
f 1649/1649/1637 1645/1645/1633 1647/1647/1635
f 1645/1645/1633 1649/1649/1637 1648/1648/1636
f 1648/1648/1636 1650/1650/1638 1316/1316/1307
f 1309/1309/1300 1316/1316/1307 1650/1650/1638
f 1650/1650/1638 1304/1304/1295 1309/1309/1300
f 1304/1304/1295 1650/1650/1638 1651/1651/1639
f 1651/1651/1639 1299/1299/1290 1304/1304/1295
f 1650/1650/1638 1648/1648/1636 1652/1652/1640
f 1652/1652/1640 1651/1651/1639 1650/1650/1638
f 1653/1653/1641 1648/1648/1636 1649/1649/1637
f 1648/1648/1636 1653/1653/1641 1652/1652/1640
f 1299/1299/1290 1651/1651/1639 1654/1654/1642
f 1654/1654/1642 1284/1284/1275 1299/1299/1290
f 1651/1651/1639 1652/1652/1640 1655/1655/1643
f 1655/1655/1643 1654/1654/1642 1651/1651/1639
f 1656/1656/1644 1652/1652/1640 1653/1653/1641
f 1652/1652/1640 1656/1656/1644 1655/1655/1643
f 1284/1284/1275 1654/1654/1642 1657/1657/1645
f 1657/1657/1645 1285/1285/1276 1284/1284/1275
f 1654/1654/1642 1655/1655/1643 1658/1658/1646
f 1658/1658/1646 1657/1657/1645 1654/1654/1642
f 1659/1659/1647 1655/1655/1643 1656/1656/1644
f 1655/1655/1643 1659/1659/1647 1658/1658/1646
f 1285/1285/1276 1657/1657/1645 1660/1660/1648
f 1450/1450/1438 1285/1285/1276 1660/1660/1648
f 1657/1657/1645 1658/1658/1646 1661/1661/1649
f 1661/1661/1649 1660/1660/1648 1657/1657/1645
f 1662/1662/1650 1658/1658/1646 1659/1659/1647
f 1658/1658/1646 1662/1662/1650 1661/1661/1649
f 1663/1663/1651 1450/1450/1438 1660/1660/1648
f 1660/1660/1648 1661/1661/1649 1663/1663/1651
f 1664/1664/1652 1665/1665/1653 1666/1666/1654
f 1667/1667/1655 1666/1666/1654 1665/1665/1653
f 1668/1668/1656 1669/1669/1657 1670/1670/1658
f 1670/1670/1658 1671/1671/1659 1668/1668/1656
f 1667/1667/1655 1669/1669/1657 1672/1672/1660
f 1673/1673/1661 1668/1668/1656 1671/1671/1659
f 1673/1673/1661 1671/1671/1659 1674/1674/1662
f 1669/1669/1657 1668/1668/1656 1675/1675/1663
f 1675/1675/1663 1672/1672/1660 1669/1669/1657
f 1676/1676/1664 1675/1675/1663 1668/1668/1656
f 1676/1676/1664 1668/1668/1656 1673/1673/1661
f 1672/1672/1660 1677/1677/1665 1667/1667/1655
f 1666/1666/1654 1667/1667/1655 1677/1677/1665
f 1672/1672/1660 1675/1675/1663 1678/1678/1666
f 1679/1679/1667 1675/1675/1663 1676/1676/1664
f 1679/1679/1667 1678/1678/1666 1675/1675/1663
f 1678/1678/1666 1680/1680/1668 1672/1672/1660
f 1677/1677/1665 1672/1672/1660 1680/1680/1668
f 1681/1681/1669 1678/1678/1666 1679/1679/1667
f 1677/1677/1665 1682/1682/1670 1666/1666/1654
f 1681/1681/1669 1683/1683/1671 1678/1678/1666
f 1680/1680/1668 1678/1678/1666 1683/1683/1671
f 1680/1680/1668 1684/1684/1672 1677/1677/1665
f 1682/1682/1670 1677/1677/1665 1684/1684/1672
f 1683/1683/1671 1685/1685/1673 1680/1680/1668
f 1684/1684/1672 1680/1680/1668 1685/1685/1673
f 1686/1686/1674 1666/1666/1654 1682/1682/1670
f 1666/1666/1654 1686/1686/1674 1664/1664/1652
f 1684/1684/1672 1687/1687/1675 1682/1682/1670
f 1685/1685/1673 1688/1688/1676 1684/1684/1672
f 1687/1687/1675 1684/1684/1672 1688/1688/1676
f 1689/1689/1677 1664/1664/1652 1686/1686/1674
f 1664/1664/1652 1689/1689/1677 1690/1690/1678
f 1682/1682/1670 1691/1691/1679 1686/1686/1674
f 1691/1691/1679 1682/1682/1670 1687/1687/1675
f 1686/1686/1674 1692/1692/1680 1689/1689/1677
f 1692/1692/1680 1686/1686/1674 1691/1691/1679
f 1693/1693/1681 1690/1690/1678 1689/1689/1677
f 1694/1694/1682 1689/1689/1677 1692/1692/1680
f 1689/1689/1677 1694/1694/1682 1693/1693/1681
f 1690/1690/1678 1693/1693/1681 1695/1695/1683
f 1695/1695/1683 1696/1696/1684 1690/1690/1678
f 1696/1696/1684 1695/1695/1683 1697/1697/1685
f 1697/1697/1685 1698/1698/1686 1696/1696/1684
f 1693/1693/1681 1699/1699/1687 1695/1695/1683
f 1698/1698/1686 1697/1697/1685 1700/1700/1688
f 1700/1700/1688 1701/1701/1689 1698/1698/1686
f 1695/1695/1683 1702/1702/1690 1697/1697/1685
f 1702/1702/1690 1695/1695/1683 1699/1699/1687
f 1697/1697/1685 1703/1703/1691 1700/1700/1688
f 1703/1703/1691 1697/1697/1685 1702/1702/1690
f 1701/1701/1689 1700/1700/1688 1704/1704/1692
f 1704/1704/1692 1705/1705/1693 1701/1701/1689
f 1706/1706/1694 1700/1700/1688 1703/1703/1691
f 1700/1700/1688 1706/1706/1694 1704/1704/1692
f 1703/1703/1691 1707/1707/1695 1706/1706/1694
f 1705/1705/1693 1704/1704/1692 1708/1708/1696
f 1706/1706/1694 1708/1708/1696 1704/1704/1692
f 1708/1708/1696 1709/1709/1697 1705/1705/1693
f 1708/1708/1696 1706/1706/1694 1710/1710/1698
f 1709/1709/1697 1708/1708/1696 1711/1711/1699
f 1710/1710/1698 1711/1711/1699 1708/1708/1696
f 1712/1712/1700 1709/1709/1697 1711/1711/1699
f 1711/1711/1699 1710/1710/1698 1713/1713/1701
f 1713/1713/1701 1712/1712/1700 1711/1711/1699
f 1707/1707/1695 1703/1703/1691 1714/1714/1702
f 1702/1702/1690 1714/1714/1702 1703/1703/1691
f 1714/1714/1702 1715/1715/1703 1707/1707/1695
f 1714/1714/1702 1702/1702/1690 1716/1716/1704
f 1715/1715/1703 1714/1714/1702 1717/1717/1705
f 1716/1716/1704 1717/1717/1705 1714/1714/1702
f 1717/1717/1705 1663/1663/1651 1715/1715/1703
f 1699/1699/1687 1716/1716/1704 1702/1702/1690
f 1663/1663/1651 1717/1717/1705 1718/1718/1706
f 1450/1450/1438 1663/1663/1651 1718/1718/1706
f 1717/1717/1705 1716/1716/1704 1719/1719/1707
f 1719/1719/1707 1718/1718/1706 1717/1717/1705
f 1716/1716/1704 1699/1699/1687 1720/1720/1708
f 1720/1720/1708 1719/1719/1707 1716/1716/1704
f 1721/1721/1709 1720/1720/1708 1699/1699/1687
f 1699/1699/1687 1693/1693/1681 1721/1721/1709
f 1694/1694/1682 1721/1721/1709 1693/1693/1681
f 1718/1718/1706 1722/1722/1710 1450/1450/1438
f 1448/1448/1436 1450/1450/1438 1722/1722/1710
f 1722/1722/1710 1445/1445/1433 1448/1448/1436
f 1722/1722/1710 1718/1718/1706 1723/1723/1711
f 1718/1718/1706 1719/1719/1707 1723/1723/1711
f 1445/1445/1433 1722/1722/1710 1724/1724/1712
f 1723/1723/1711 1724/1724/1712 1722/1722/1710
f 1725/1725/1713 1723/1723/1711 1719/1719/1707
f 1719/1719/1707 1720/1720/1708 1725/1725/1713
f 1724/1724/1712 1723/1723/1711 1726/1726/1714
f 1723/1723/1711 1725/1725/1713 1726/1726/1714
f 1727/1727/1715 1445/1445/1433 1724/1724/1712
f 1728/1728/1716 1725/1725/1713 1720/1720/1708
f 1720/1720/1708 1721/1721/1709 1728/1728/1716
f 1729/1729/1717 1724/1724/1712 1726/1726/1714
f 1724/1724/1712 1729/1729/1717 1727/1727/1715
f 1730/1730/1718 1726/1726/1714 1725/1725/1713
f 1725/1725/1713 1728/1728/1716 1730/1730/1718
f 1726/1726/1714 1730/1730/1718 1729/1729/1717
f 1731/1731/1719 1728/1728/1716 1721/1721/1709
f 1721/1721/1709 1694/1694/1682 1731/1731/1719
f 1732/1732/1720 1730/1730/1718 1728/1728/1716
f 1728/1728/1716 1731/1731/1719 1732/1732/1720
f 1733/1733/1721 1729/1729/1717 1730/1730/1718
f 1730/1730/1718 1732/1732/1720 1733/1733/1721
f 1734/1734/1722 1731/1731/1719 1694/1694/1682
f 1692/1692/1680 1734/1734/1722 1694/1694/1682
f 1735/1735/1723 1732/1732/1720 1731/1731/1719
f 1731/1731/1719 1734/1734/1722 1735/1735/1723
f 1736/1736/1724 1733/1733/1721 1732/1732/1720
f 1732/1732/1720 1735/1735/1723 1736/1736/1724
f 1734/1734/1722 1692/1692/1680 1737/1737/1725
f 1691/1691/1679 1737/1737/1725 1692/1692/1680
f 1738/1738/1726 1735/1735/1723 1734/1734/1722
f 1737/1737/1725 1738/1738/1726 1734/1734/1722
f 1739/1739/1727 1736/1736/1724 1735/1735/1723
f 1735/1735/1723 1738/1738/1726 1739/1739/1727
f 1737/1737/1725 1691/1691/1679 1740/1740/1728
f 1687/1687/1675 1740/1740/1728 1691/1691/1679
f 1738/1738/1726 1737/1737/1725 1741/1741/1729
f 1740/1740/1728 1741/1741/1729 1737/1737/1725
f 1742/1742/1730 1739/1739/1727 1738/1738/1726
f 1741/1741/1729 1742/1742/1730 1738/1738/1726
f 1740/1740/1728 1687/1687/1675 1743/1743/1731
f 1688/1688/1676 1743/1743/1731 1687/1687/1675
f 1741/1741/1729 1740/1740/1728 1744/1744/1732
f 1743/1743/1731 1744/1744/1732 1740/1740/1728
f 1742/1742/1730 1741/1741/1729 1745/1745/1733
f 1744/1744/1732 1745/1745/1733 1741/1741/1729
f 1745/1745/1733 1746/1746/1734 1742/1742/1730
f 1739/1739/1727 1742/1742/1730 1747/1747/1735
f 1746/1746/1734 1747/1747/1735 1742/1742/1730
f 1747/1747/1735 1748/1748/1736 1739/1739/1727
f 1736/1736/1724 1739/1739/1727 1748/1748/1736
f 1748/1748/1736 1749/1749/1737 1736/1736/1724
f 1733/1733/1721 1736/1736/1724 1749/1749/1737
f 1749/1749/1737 1750/1750/1738 1733/1733/1721
f 1729/1729/1717 1733/1733/1721 1750/1750/1738
f 1751/1751/1739 1729/1729/1717 1750/1750/1738
f 1729/1729/1717 1751/1751/1739 1727/1727/1715
f 1750/1750/1738 1749/1749/1737 1752/1752/1740
f 1752/1752/1740 1751/1751/1739 1750/1750/1738
f 1749/1749/1737 1748/1748/1736 1753/1753/1741
f 1753/1753/1741 1752/1752/1740 1749/1749/1737
f 1754/1754/1742 1753/1753/1741 1748/1748/1736
f 1748/1748/1736 1747/1747/1735 1754/1754/1742
f 1752/1752/1740 1753/1753/1741 1755/1755/1743
f 1751/1751/1739 1756/1756/1744 1727/1727/1715
f 1445/1445/1433 1727/1727/1715 1756/1756/1744
f 1436/1436/1424 1445/1445/1433 1756/1756/1744
f 1756/1756/1744 1431/1431/1419 1436/1436/1424
f 1756/1756/1744 1751/1751/1739 1757/1757/1745
f 1431/1431/1419 1756/1756/1744 1757/1757/1745
f 1751/1751/1739 1752/1752/1740 1758/1758/1746
f 1758/1758/1746 1757/1757/1745 1751/1751/1739
f 1755/1755/1743 1758/1758/1746 1752/1752/1740
f 1759/1759/1747 1431/1431/1419 1757/1757/1745
f 1757/1757/1745 1758/1758/1746 1759/1759/1747
f 1431/1431/1419 1759/1759/1747 1427/1427/1415
f 1428/1428/1416 1427/1427/1415 1759/1759/1747
f 1760/1760/1748 1759/1759/1747 1758/1758/1746
f 1759/1759/1747 1760/1760/1748 1428/1428/1416
f 1758/1758/1746 1755/1755/1743 1760/1760/1748
f 1761/1761/1749 1760/1760/1748 1755/1755/1743
f 1762/1762/1750 1428/1428/1416 1760/1760/1748
f 1760/1760/1748 1761/1761/1749 1762/1762/1750
f 1428/1428/1416 1762/1762/1750 1763/1763/1751
f 1421/1421/1321 1428/1428/1416 1763/1763/1751
f 1423/1423/1411 1421/1421/1321 1763/1763/1751
f 1764/1764/1752 1763/1763/1751 1762/1762/1750
f 1763/1763/1751 1764/1764/1752 1423/1423/1411
f 1761/1761/1749 1764/1764/1752 1762/1762/1750
f 1424/1424/1412 1423/1423/1411 1764/1764/1752
f 1755/1755/1743 1765/1765/1753 1761/1761/1749
f 1765/1765/1753 1755/1755/1743 1753/1753/1741
f 1753/1753/1741 1754/1754/1742 1765/1765/1753
f 1764/1764/1752 1761/1761/1749 1766/1766/1754
f 1766/1766/1754 1424/1424/1412 1764/1764/1752
f 1767/1767/1755 1761/1761/1749 1765/1765/1753
f 1761/1761/1749 1767/1767/1755 1766/1766/1754
f 1768/1768/1756 1765/1765/1753 1754/1754/1742
f 1765/1765/1753 1768/1768/1756 1767/1767/1755
f 1754/1754/1742 1769/1769/1757 1768/1768/1756
f 1769/1769/1757 1754/1754/1742 1747/1747/1735
f 1747/1747/1735 1746/1746/1734 1769/1769/1757
f 1424/1424/1412 1766/1766/1754 1770/1770/1758
f 1770/1770/1758 1419/1419/1408 1424/1424/1412
f 1771/1771/1759 1766/1766/1754 1767/1767/1755
f 1766/1766/1754 1771/1771/1759 1770/1770/1758
f 1767/1767/1755 1772/1772/1760 1771/1771/1759
f 1772/1772/1760 1767/1767/1755 1768/1768/1756
f 1773/1773/1761 1768/1768/1756 1769/1769/1757
f 1768/1768/1756 1773/1773/1761 1772/1772/1760
f 1769/1769/1757 1774/1774/1762 1773/1773/1761
f 1774/1774/1762 1769/1769/1757 1746/1746/1734
f 1775/1775/1763 1772/1772/1760 1773/1773/1761
f 1776/1776/1764 1773/1773/1761 1774/1774/1762
f 1773/1773/1761 1776/1776/1764 1775/1775/1763
f 1777/1777/1765 1771/1771/1759 1772/1772/1760
f 1772/1772/1760 1775/1775/1763 1777/1777/1765
f 1771/1771/1759 1777/1777/1765 1778/1778/1766
f 1778/1778/1766 1770/1770/1758 1771/1771/1759
f 1779/1779/1767 1777/1777/1765 1775/1775/1763
f 1777/1777/1765 1780/1780/1768 1778/1778/1766
f 1777/1777/1765 1779/1779/1767 1780/1780/1768
f 1770/1770/1758 1778/1778/1766 1781/1781/1769
f 1419/1419/1408 1770/1770/1758 1781/1781/1769
f 1778/1778/1766 1780/1780/1768 1782/1782/1770
f 1782/1782/1770 1781/1781/1769 1778/1778/1766
f 1781/1781/1769 7/7/7 1419/1419/1408
f 1782/1782/1770 1780/1780/1768 1783/1783/1771
f 1779/1779/1767 1783/1783/1771 1780/1780/1768
f 1781/1781/1769 1782/1782/1770 6/6/6
f 7/7/7 1781/1781/1769 6/6/6
f 15/15/15 1419/1419/1408 7/7/7
f 1784/1784/1772 1783/1783/1771 1779/1779/1767
f 1779/1779/1767 1785/1785/1773 1784/1784/1772
f 1783/1783/1771 1/1/1 1782/1782/1770
f 1/1/1 6/6/6 1782/1782/1770
f 2/2/2 1/1/1 1783/1783/1771
f 1785/1785/1773 1779/1779/1767 1786/1786/1774
f 1775/1775/1763 1786/1786/1774 1779/1779/1767
f 1786/1786/1774 1787/1787/1775 1785/1785/1773
f 1786/1786/1774 1775/1775/1763 1776/1776/1764
f 1787/1787/1775 1786/1786/1774 1788/1788/1776
f 1776/1776/1764 1788/1788/1776 1786/1786/1774
f 1788/1788/1776 1789/1789/1777 1787/1787/1775
f 1788/1788/1776 1776/1776/1764 1790/1790/1778
f 1789/1789/1777 1788/1788/1776 1791/1791/1779
f 1790/1790/1778 1791/1791/1779 1788/1788/1776
f 1791/1791/1779 1792/1792/88 1789/1789/1777
f 1774/1774/1762 1790/1790/1778 1776/1776/1764
f 1792/1792/88 1791/1791/1779 1793/1793/1780
f 1793/1793/1780 1794/1794/83 1792/1792/88
f 1791/1791/1779 1790/1790/1778 1795/1795/1781
f 1795/1795/1781 1793/1793/1780 1791/1791/1779
f 1790/1790/1778 1774/1774/1762 1796/1796/1782
f 1796/1796/1782 1795/1795/1781 1790/1790/1778
f 1746/1746/1734 1796/1796/1782 1774/1774/1762
f 1794/1794/83 1793/1793/1780 1797/1797/1783
f 1797/1797/1783 1798/1798/79 1794/1794/83
f 1793/1793/1780 1795/1795/1781 1799/1799/1784
f 1799/1799/1784 1797/1797/1783 1793/1793/1780
f 1796/1796/1782 1746/1746/1734 1800/1800/1785
f 1746/1746/1734 1745/1745/1733 1800/1800/1785
f 1795/1795/1781 1796/1796/1782 1801/1801/1786
f 1800/1800/1785 1801/1801/1786 1796/1796/1782
f 1795/1795/1781 1802/1802/1787 1799/1799/1784
f 1802/1802/1787 1795/1795/1781 1801/1801/1786
f 1803/1803/1788 1800/1800/1785 1745/1745/1733
f 1745/1745/1733 1744/1744/1732 1803/1803/1788
f 1801/1801/1786 1800/1800/1785 1804/1804/1789
f 1800/1800/1785 1803/1803/1788 1804/1804/1789
f 1801/1801/1786 1805/1805/1790 1802/1802/1787
f 1805/1805/1790 1801/1801/1786 1804/1804/1789
f 1806/1806/1791 1804/1804/1789 1803/1803/1788
f 1804/1804/1789 1806/1806/1791 1805/1805/1790
f 1807/1807/1792 1803/1803/1788 1744/1744/1732
f 1803/1803/1788 1807/1807/1792 1806/1806/1791
f 1744/1744/1732 1743/1743/1731 1807/1807/1792
f 1808/1808/1793 1807/1807/1792 1743/1743/1731
f 1743/1743/1731 1688/1688/1676 1808/1808/1793
f 1809/1809/1794 1806/1806/1791 1807/1807/1792
f 1807/1807/1792 1808/1808/1793 1809/1809/1794
f 1810/1810/1795 1805/1805/1790 1806/1806/1791
f 1806/1806/1791 1809/1809/1794 1810/1810/1795
f 1805/1805/1790 1810/1810/1795 1811/1811/1796
f 1811/1811/1796 1802/1802/1787 1805/1805/1790
f 1812/1812/1797 1808/1808/1793 1688/1688/1676
f 1688/1688/1676 1685/1685/1673 1812/1812/1797
f 1813/1813/1798 1809/1809/1794 1808/1808/1793
f 1808/1808/1793 1812/1812/1797 1813/1813/1798
f 1814/1814/1799 1810/1810/1795 1809/1809/1794
f 1809/1809/1794 1813/1813/1798 1814/1814/1799
f 1815/1815/1800 1811/1811/1796 1810/1810/1795
f 1810/1810/1795 1814/1814/1799 1815/1815/1800
f 1816/1816/1801 1812/1812/1797 1685/1685/1673
f 1685/1685/1673 1683/1683/1671 1816/1816/1801
f 1817/1817/1802 1813/1813/1798 1812/1812/1797
f 1812/1812/1797 1816/1816/1801 1817/1817/1802
f 1818/1818/1803 1814/1814/1799 1813/1813/1798
f 1813/1813/1798 1817/1817/1802 1818/1818/1803
f 1819/1819/1804 1815/1815/1800 1814/1814/1799
f 1814/1814/1799 1818/1818/1803 1819/1819/1804
f 1820/1820/1805 1816/1816/1801 1683/1683/1671
f 1820/1820/1805 1683/1683/1671 1681/1681/1669
f 1821/1821/1806 1817/1817/1802 1816/1816/1801
f 1821/1821/1806 1816/1816/1801 1820/1820/1805
f 1822/1822/1807 1818/1818/1803 1817/1817/1802
f 1822/1822/1807 1817/1817/1802 1821/1821/1806
f 1823/1823/1808 1818/1818/1803 1822/1822/1807
f 1823/1823/1808 1819/1819/1804 1818/1818/1803
f 1821/1821/1806 1824/1824/1809 1822/1822/1807
f 1824/1824/1809 1823/1823/1808 1822/1822/1807
f 1825/1825/1810 1820/1820/1805 1681/1681/1669
f 1679/1679/1667 1825/1825/1810 1681/1681/1669
f 1826/1826/1811 1821/1821/1806 1820/1820/1805
f 1826/1826/1811 1820/1820/1805 1825/1825/1810
f 1827/1827/1812 1821/1821/1806 1826/1826/1811
f 1824/1824/1809 1821/1821/1806 1827/1827/1812
f 1825/1825/1810 1679/1679/1667 1828/1828/1811
f 1676/1676/1664 1828/1828/1811 1679/1679/1667
f 1825/1825/1810 1829/1829/1813 1826/1826/1811
f 1828/1828/1811 1676/1676/1664 1830/1830/1814
f 1673/1673/1661 1830/1830/1814 1676/1676/1664
f 1828/1828/1811 1831/1831/1815 1825/1825/1810
f 1829/1829/1813 1825/1825/1810 1831/1831/1815
f 1830/1830/1814 1832/1832/1816 1828/1828/1811
f 1831/1831/1815 1828/1828/1811 1832/1832/1816
f 1833/1833/1817 1826/1826/1811 1829/1829/1813
f 1826/1826/1811 1833/1833/1817 1827/1827/1812
f 1834/1834/1818 1829/1829/1813 1831/1831/1815
f 1835/1835/1819 1831/1831/1815 1832/1832/1816
f 1834/1834/1818 1831/1831/1815 1835/1835/1819
f 1836/1836/1820 1827/1827/1812 1833/1833/1817
f 1827/1827/1812 1836/1836/1820 1824/1824/1809
f 1837/1837/1821 1833/1833/1817 1829/1829/1813
f 1837/1837/1821 1829/1829/1813 1834/1834/1818
f 1838/1838/1822 1836/1836/1820 1833/1833/1817
f 1838/1838/1822 1833/1833/1817 1837/1837/1821
f 1839/1839/1823 1824/1824/1809 1836/1836/1820
f 1840/1840/1824 1836/1836/1820 1838/1838/1822
f 1840/1840/1824 1839/1839/1823 1836/1836/1820
f 1201/1201/1192 1837/1837/1821 1834/1834/1818
f 1198/1198/1189 1838/1838/1822 1837/1837/1821
f 1198/1198/1189 1837/1837/1821 1201/1201/1192
f 1196/1196/1187 1838/1838/1822 1198/1198/1189
f 1196/1196/1187 1840/1840/1824 1838/1838/1822
f 1824/1824/1809 1839/1839/1823 1841/1841/1825
f 1841/1841/1825 1823/1823/1808 1824/1824/1809
f 1841/1841/1825 1842/1842/1826 1823/1823/1808
f 1842/1842/1826 1819/1819/1804 1823/1823/1808
f 1152/1152/1147 1840/1840/1824 1196/1196/1187
f 1843/1843/1827 1839/1839/1823 1840/1840/1824
f 1152/1152/1147 1843/1843/1827 1840/1840/1824
f 1844/1844/1828 1841/1841/1825 1839/1839/1823
f 1843/1843/1827 1844/1844/1828 1839/1839/1823
f 1841/1841/1825 1844/1844/1828 1845/1845/1829
f 1845/1845/1829 1842/1842/1826 1841/1841/1825
f 1148/1148/1143 1844/1844/1828 1843/1843/1827
f 1152/1152/1147 1148/1148/1143 1843/1843/1827
f 1145/1145/1140 1845/1845/1829 1844/1844/1828
f 1148/1148/1143 1145/1145/1140 1844/1844/1828
f 1143/1143/1138 1842/1842/1826 1845/1845/1829
f 1845/1845/1829 1145/1145/1140 1143/1143/1138
f 1842/1842/1826 1846/1846/1830 1819/1819/1804
f 1815/1815/1800 1819/1819/1804 1846/1846/1830
f 1842/1842/1826 1143/1143/1138 1142/1142/1137
f 1142/1142/1137 1846/1846/1830 1842/1842/1826
f 1846/1846/1830 1847/1847/1831 1815/1815/1800
f 1811/1811/1796 1815/1815/1800 1847/1847/1831
f 1142/1142/1137 1848/1848/1832 1846/1846/1830
f 1847/1847/1831 1846/1846/1830 1848/1848/1832
f 1847/1847/1831 1849/1849/1833 1811/1811/1796
f 1802/1802/1787 1811/1811/1796 1849/1849/1833
f 1849/1849/1833 1799/1799/1784 1802/1802/1787
f 1849/1849/1833 1847/1847/1831 1850/1850/1834
f 1848/1848/1832 1850/1850/1834 1847/1847/1831
f 1799/1799/1784 1849/1849/1833 1851/1851/1835
f 1850/1850/1834 1851/1851/1835 1849/1849/1833
f 1797/1797/1783 1799/1799/1784 1851/1851/1835
f 1851/1851/1835 1852/1852/1836 1797/1797/1783
f 1798/1798/79 1797/1797/1783 1852/1852/1836
f 1852/1852/1836 1853/1853/76 1798/1798/79
f 1852/1852/1836 1851/1851/1835 1854/1854/1837
f 1851/1851/1835 1850/1850/1834 1854/1854/1837
f 1853/1853/76 1852/1852/1836 1855/1855/1838
f 1854/1854/1837 1855/1855/1838 1852/1852/1836
f 1855/1855/1838 1128/1128/75 1853/1853/76
f 1856/1856/1839 1854/1854/1837 1850/1850/1834
f 1850/1850/1834 1848/1848/1832 1856/1856/1839
f 1855/1855/1838 1854/1854/1837 1857/1857/1840
f 1854/1854/1837 1856/1856/1839 1857/1857/1840
f 1135/1135/1130 1856/1856/1839 1848/1848/1832
f 1135/1135/1130 1848/1848/1832 1142/1142/1137
f 1133/1133/1128 1857/1857/1840 1856/1856/1839
f 1133/1133/1128 1856/1856/1839 1135/1135/1130
f 1858/1858/1841 1855/1855/1838 1857/1857/1840
f 1858/1858/1841 1857/1857/1840 1133/1133/1128
f 1855/1855/1838 1858/1858/1841 1129/1129/1124
f 1128/1128/75 1855/1855/1838 1129/1129/1124
f 1133/1133/1128 1130/1130/1125 1858/1858/1841
f 1130/1130/1125 1129/1129/1124 1858/1858/1841
f 1859/1859/1842 1860/1860/1843 1861/1861/1844
f 1456/1456/1444 1859/1859/1842 1861/1861/1844
f 1862/1862/1845 1863/1863/1846 1864/1864/1847
f 1864/1864/1847 1865/1865/1848 1862/1862/1845
f 1866/1866/1849 1861/1861/1844 1860/1860/1843
f 1461/1461/1449 1456/1456/1444 1861/1861/1844
f 1861/1861/1844 1866/1866/1849 1461/1461/1449
f 1865/1865/1848 1867/1867/1850 1862/1862/1845
f 1867/1867/1850 1865/1865/1848 1868/1868/1851
f 1863/1863/1846 1862/1862/1845 1869/1869/1852
f 1870/1870/1853 1862/1862/1845 1867/1867/1850
f 1862/1862/1845 1870/1870/1853 1869/1869/1852
f 1869/1869/1852 1871/1871/1854 1863/1863/1846
f 1871/1871/1854 1872/1872/1855 1863/1863/1846
f 1868/1868/1851 1873/1873/1856 1867/1867/1850
f 1872/1872/1855 1871/1871/1854 1874/1874/1857
f 1874/1874/1857 1875/1875/1858 1872/1872/1855
f 1871/1871/1854 1869/1869/1852 1876/1876/1859
f 1877/1877/1860 1874/1874/1857 1871/1871/1854
f 1876/1876/1859 1877/1877/1860 1871/1871/1854
f 1869/1869/1852 1878/1878/1861 1876/1876/1859
f 1878/1878/1861 1869/1869/1852 1870/1870/1853
f 1875/1875/1858 1874/1874/1857 1879/1879/1862
f 1879/1879/1862 1880/1880/1863 1875/1875/1858
f 1881/1881/1864 1879/1879/1862 1874/1874/1857
f 1874/1874/1857 1877/1877/1860 1881/1881/1864
f 1880/1880/1863 1879/1879/1862 1882/1882/1865
f 1882/1882/1865 1883/1883/1866 1880/1880/1863
f 1879/1879/1862 1881/1881/1864 1884/1884/1867
f 1884/1884/1867 1882/1882/1865 1879/1879/1862
f 1877/1877/1860 1885/1885/1868 1881/1881/1864
f 1885/1885/1868 1884/1884/1867 1881/1881/1864
f 1883/1883/1866 1882/1882/1865 1886/1886/1869
f 1882/1882/1865 1884/1884/1867 1887/1887/1870
f 1887/1887/1870 1886/1886/1869 1882/1882/1865
f 1886/1886/1869 1888/1888/1871 1883/1883/1866
f 1860/1860/1843 1883/1883/1866 1888/1888/1871
f 1888/1888/1871 1866/1866/1849 1860/1860/1843
f 1888/1888/1871 1886/1886/1869 1889/1889/1872
f 1866/1866/1849 1888/1888/1871 1890/1890/1873
f 1889/1889/1872 1890/1890/1873 1888/1888/1871
f 1886/1886/1869 1887/1887/1870 1891/1891/1874
f 1891/1891/1874 1889/1889/1872 1886/1886/1869
f 1892/1892/1875 1887/1887/1870 1884/1884/1867
f 1884/1884/1867 1885/1885/1868 1892/1892/1875
f 1887/1887/1870 1892/1892/1875 1893/1893/1876
f 1893/1893/1876 1891/1891/1874 1887/1887/1870
f 1894/1894/1877 1892/1892/1875 1885/1885/1868
f 1895/1895/1878 1893/1893/1876 1892/1892/1875
f 1892/1892/1875 1894/1894/1877 1895/1895/1878
f 1893/1893/1876 1895/1895/1878 1896/1896/1879
f 1891/1891/1874 1893/1893/1876 1897/1897/1880
f 1896/1896/1879 1897/1897/1880 1893/1893/1876
f 1898/1898/1881 1891/1891/1874 1897/1897/1880
f 1608/1608/1596 1896/1896/1879 1895/1895/1878
f 1613/1613/1601 1895/1895/1878 1894/1894/1877
f 1895/1895/1878 1613/1613/1601 1608/1608/1596
f 1894/1894/1877 1619/1619/1607 1613/1613/1601
f 1889/1889/1872 1891/1891/1874 1899/1899/1882
f 1891/1891/1874 1898/1898/1881 1899/1899/1882
f 1900/1900/1883 1889/1889/1872 1899/1899/1882
f 1901/1901/1884 1899/1899/1882 1898/1898/1881
f 1899/1899/1882 1901/1901/1884 1900/1900/1883
f 1889/1889/1872 1900/1900/1883 1902/1902/1885
f 1890/1890/1873 1889/1889/1872 1902/1902/1885
f 1900/1900/1883 1903/1903/1886 1902/1902/1885
f 1903/1903/1886 1890/1890/1873 1902/1902/1885
f 1904/1904/1887 1900/1900/1883 1901/1901/1884
f 1903/1903/1886 1900/1900/1883 1905/1905/1888
f 1900/1900/1883 1904/1904/1887 1905/1905/1888
f 1905/1905/1888 1906/1906/1889 1903/1903/1886
f 1890/1890/1873 1903/1903/1886 1907/1907/1890
f 1906/1906/1889 1907/1907/1890 1903/1903/1886
f 1908/1908/1891 1890/1890/1873 1907/1907/1890
f 1890/1890/1873 1908/1908/1891 1866/1866/1849
f 1907/1907/1890 1906/1906/1889 1909/1909/1892
f 1909/1909/1892 1908/1908/1891 1907/1907/1890
f 1906/1906/1889 1905/1905/1888 1910/1910/1893
f 1464/1464/1452 1866/1866/1849 1908/1908/1891
f 1866/1866/1849 1464/1464/1452 1461/1461/1449
f 1908/1908/1891 1909/1909/1892 1911/1911/1894
f 1905/1905/1888 1912/1912/1895 1910/1910/1893
f 1912/1912/1895 1905/1905/1888 1904/1904/1887
f 1908/1908/1891 1913/1913/1896 1464/1464/1452
f 1913/1913/1896 1908/1908/1891 1911/1911/1894
f 1465/1465/1453 1464/1464/1452 1913/1913/1896
f 1914/1914/1897 1911/1911/1894 1909/1909/1892
f 1915/1915/1898 1913/1913/1896 1911/1911/1894
f 1911/1911/1894 1914/1914/1897 1915/1915/1898
f 1913/1913/1896 1915/1915/1898 1469/1469/1457
f 1469/1469/1457 1465/1465/1453 1913/1913/1896
f 1909/1909/1892 1916/1916/1899 1914/1914/1897
f 1916/1916/1899 1909/1909/1892 1906/1906/1889
f 1271/1271/1262 1915/1915/1898 1914/1914/1897
f 1273/1273/1264 1914/1914/1897 1916/1916/1899
f 1914/1914/1897 1273/1273/1264 1271/1271/1262
f 1906/1906/1889 1917/1917/1900 1916/1916/1899
f 1917/1917/1900 1906/1906/1889 1910/1910/1893
f 1916/1916/1899 1276/1276/1267 1273/1273/1264
f 1276/1276/1267 1916/1916/1899 1917/1917/1900
f 1915/1915/1898 1271/1271/1262 1270/1270/1261
f 1270/1270/1261 1469/1469/1457 1915/1915/1898
f 1910/1910/1893 1918/1918/1901 1917/1917/1900
f 1918/1918/1901 1910/1910/1893 1912/1912/1895
f 1917/1917/1900 1919/1919/1902 1276/1276/1267
f 1919/1919/1902 1917/1917/1900 1918/1918/1901
f 1277/1277/1268 1276/1276/1267 1919/1919/1902
f 1469/1469/1457 1270/1270/1261 1404/1404/1393
f 1912/1912/1895 1920/1920/1903 1918/1918/1901
f 1918/1918/1901 1921/1921/1904 1919/1919/1902
f 1921/1921/1904 1918/1918/1901 1920/1920/1903
f 1920/1920/1903 1912/1912/1895 1922/1922/1905
f 1923/1923/1906 1919/1919/1902 1921/1921/1904
f 1919/1919/1902 1923/1923/1906 1277/1277/1268
f 1904/1904/1887 1922/1922/1905 1912/1912/1895
f 1922/1922/1905 1904/1904/1887 1924/1924/1907
f 1901/1901/1884 1924/1924/1907 1904/1904/1887
f 1922/1922/1905 1925/1925/1908 1920/1920/1903
f 1924/1924/1907 1901/1901/1884 1926/1926/1909
f 1898/1898/1881 1926/1926/1909 1901/1901/1884
f 1924/1924/1907 1927/1927/1910 1922/1922/1905
f 1925/1925/1908 1922/1922/1905 1927/1927/1910
f 1926/1926/1909 1928/1928/1911 1924/1924/1907
f 1927/1927/1910 1924/1924/1907 1928/1928/1911
f 1926/1926/1909 1898/1898/1881 1929/1929/1912
f 1897/1897/1880 1929/1929/1912 1898/1898/1881
f 1928/1928/1911 1926/1926/1909 1930/1930/1913
f 1929/1929/1912 1930/1930/1913 1926/1926/1909
f 1929/1929/1912 1897/1897/1880 1931/1931/1914
f 1897/1897/1880 1896/1896/1879 1931/1931/1914
f 1930/1930/1913 1929/1929/1912 1932/1932/1915
f 1931/1931/1914 1932/1932/1915 1929/1929/1912
f 1603/1603/1591 1931/1931/1914 1896/1896/1879
f 1896/1896/1879 1608/1608/1596 1603/1603/1591
f 1932/1932/1915 1931/1931/1914 1598/1598/1586
f 1931/1931/1914 1603/1603/1591 1598/1598/1586
f 1932/1932/1915 1933/1933/1916 1930/1930/1913
f 1598/1598/1586 1341/1341/1332 1932/1932/1915
f 1933/1933/1916 1932/1932/1915 1341/1341/1332
f 1934/1934/1917 1930/1930/1913 1933/1933/1916
f 1930/1930/1913 1934/1934/1917 1928/1928/1911
f 1935/1935/1918 1928/1928/1911 1934/1934/1917
f 1928/1928/1911 1935/1935/1918 1927/1927/1910
f 1933/1933/1916 1936/1936/1919 1934/1934/1917
f 1341/1341/1332 1336/1336/1327 1933/1933/1916
f 1936/1936/1919 1933/1933/1916 1336/1336/1327
f 1937/1937/1920 1927/1927/1910 1935/1935/1918
f 1927/1927/1910 1937/1937/1920 1925/1925/1908
f 1934/1934/1917 1938/1938/1921 1935/1935/1918
f 1938/1938/1921 1934/1934/1917 1936/1936/1919
f 1935/1935/1918 1939/1939/1922 1937/1937/1920
f 1939/1939/1922 1935/1935/1918 1938/1938/1921
f 1940/1940/1923 1925/1925/1908 1937/1937/1920
f 1941/1941/1924 1937/1937/1920 1939/1939/1922
f 1937/1937/1920 1941/1941/1924 1940/1940/1923
f 1925/1925/1908 1940/1940/1923 1942/1942/1925
f 1942/1942/1925 1920/1920/1903 1925/1925/1908
f 1920/1920/1903 1942/1942/1925 1921/1921/1904
f 1943/1943/1926 1921/1921/1904 1942/1942/1925
f 1921/1921/1904 1943/1943/1926 1923/1923/1906
f 1944/1944/1927 1942/1942/1925 1940/1940/1923
f 1942/1942/1925 1944/1944/1927 1943/1943/1926
f 1945/1945/1928 1940/1940/1923 1941/1941/1924
f 1940/1940/1923 1945/1945/1928 1944/1944/1927
f 1941/1941/1924 1946/1946/1929 1945/1945/1928
f 1947/1947/1930 1923/1923/1906 1943/1943/1926
f 1948/1948/1931 1943/1943/1926 1944/1944/1927
f 1943/1943/1926 1948/1948/1931 1947/1947/1930
f 1949/1949/1932 1944/1944/1927 1945/1945/1928
f 1944/1944/1927 1949/1949/1932 1948/1948/1931
f 1945/1945/1928 1950/1950/1933 1949/1949/1932
f 1950/1950/1933 1945/1945/1928 1946/1946/1929
f 1923/1923/1906 1947/1947/1930 1279/1279/1270
f 1279/1279/1270 1277/1277/1268 1923/1923/1906
f 1951/1951/1934 1947/1947/1930 1948/1948/1931
f 1952/1952/1935 1279/1279/1270 1947/1947/1930
f 1947/1947/1930 1951/1951/1934 1952/1952/1935
f 1952/1952/1935 1951/1951/1934 1953/1953/1936
f 1953/1953/1936 1951/1951/1934 1954/1954/1937
f 1955/1955/1938 1952/1952/1935 1953/1953/1936
f 1948/1948/1931 1956/1956/1939 1951/1951/1934
f 1951/1951/1934 1956/1956/1939 1954/1954/1937
f 1956/1956/1939 1948/1948/1931 1949/1949/1932
f 1954/1954/1937 1956/1956/1939 1957/1957/1940
f 1280/1280/1271 1952/1952/1935 1955/1955/1938
f 1279/1279/1270 1952/1952/1935 1280/1280/1271
f 1282/1282/1273 1280/1280/1271 1955/1955/1938
f 1956/1956/1939 1958/1958/1941 1957/1957/1940
f 1949/1949/1932 1958/1958/1941 1956/1956/1939
f 1957/1957/1940 1958/1958/1941 1959/1959/1942
f 1958/1958/1941 1949/1949/1932 1950/1950/1933
f 1958/1958/1941 1960/1960/1943 1959/1959/1942
f 1950/1950/1933 1960/1960/1943 1958/1958/1941
f 1960/1960/1943 1961/1961/1944 1959/1959/1942
f 1960/1960/1943 1950/1950/1933 1962/1962/1945
f 1963/1963/1946 1961/1961/1944 1960/1960/1943
f 1962/1962/1945 1963/1963/1946 1960/1960/1943
f 1961/1961/1944 1963/1963/1946 1964/1964/1947
f 1946/1946/1929 1962/1962/1945 1950/1950/1933
f 1965/1965/1948 1964/1964/1947 1963/1963/1946
f 1964/1964/1947 1965/1965/1948 1966/1966/1949
f 1963/1963/1946 1962/1962/1945 1967/1967/1950
f 1967/1967/1950 1965/1965/1948 1963/1963/1946
f 1962/1962/1945 1946/1946/1929 1968/1968/1951
f 1968/1968/1951 1967/1967/1950 1962/1962/1945
f 1969/1969/1952 1966/1966/1949 1965/1965/1948
f 1970/1970/1953 1968/1968/1951 1946/1946/1929
f 1946/1946/1929 1941/1941/1924 1970/1970/1953
f 1939/1939/1922 1970/1970/1953 1941/1941/1924
f 1966/1966/1949 1969/1969/1952 1971/1971/1033
f 1970/1970/1953 1939/1939/1922 1972/1972/1954
f 1938/1938/1921 1972/1972/1954 1939/1939/1922
f 1968/1968/1951 1970/1970/1953 1973/1973/1955
f 1972/1972/1954 1973/1973/1955 1970/1970/1953
f 1972/1972/1954 1938/1938/1921 1974/1974/1956
f 1973/1973/1955 1975/1975/1957 1968/1968/1951
f 1967/1967/1950 1968/1968/1951 1975/1975/1957
f 1973/1973/1955 1972/1972/1954 1976/1976/1958
f 1974/1974/1956 1976/1976/1958 1972/1972/1954
f 1936/1936/1919 1974/1974/1956 1938/1938/1921
f 1976/1976/1958 1977/1977/1959 1973/1973/1955
f 1975/1975/1957 1973/1973/1955 1977/1977/1959
f 1974/1974/1956 1936/1936/1919 1331/1331/1322
f 1336/1336/1327 1331/1331/1322 1936/1936/1919
f 1976/1976/1958 1974/1974/1956 1328/1328/1319
f 1331/1331/1322 1328/1328/1319 1974/1974/1956
f 1977/1977/1959 1976/1976/1958 1325/1325/1316
f 1328/1328/1319 1325/1325/1316 1976/1976/1958
f 1977/1977/1959 1978/1978/1960 1975/1975/1957
f 1975/1975/1957 1979/1979/1961 1967/1967/1950
f 1979/1979/1961 1975/1975/1957 1978/1978/1960
f 1965/1965/1948 1967/1967/1950 1979/1979/1961
f 1979/1979/1961 1969/1969/1952 1965/1965/1948
f 1325/1325/1316 1323/1323/1314 1977/1977/1959
f 1978/1978/1960 1977/1977/1959 1323/1323/1314
f 1978/1978/1960 1980/1980/1962 1979/1979/1961
f 1969/1969/1952 1979/1979/1961 1980/1980/1962
f 1323/1323/1314 1322/1322/1313 1978/1978/1960
f 1980/1980/1962 1978/1978/1960 1322/1322/1313
f 1980/1980/1962 1981/1981/1963 1969/1969/1952
f 1969/1969/1952 1981/1981/1963 1971/1971/1033
f 1971/1971/1033 1981/1981/1963 1982/1982/1964
f 1981/1981/1963 1980/1980/1962 1983/1983/1965
f 1322/1322/1313 1983/1983/1965 1980/1980/1962
f 1981/1981/1963 1984/1984/1966 1982/1982/1964
f 1983/1983/1965 1984/1984/1966 1981/1981/1963
f 1982/1982/1964 1984/1984/1966 1985/1985/1967
f 1983/1983/1965 1322/1322/1313 1319/1319/1310
f 1984/1984/1966 1986/1986/1968 1985/1985/1967
f 1984/1984/1966 1983/1983/1965 1987/1987/1969
f 1987/1987/1969 1986/1986/1968 1984/1984/1966
f 1319/1319/1310 1987/1987/1969 1983/1983/1965
f 1985/1985/1967 1986/1986/1968 1988/1988/1970
f 1986/1986/1968 1989/1989/1971 1988/1988/1970
f 1988/1988/1970 1989/1989/1971 1990/1990/1972
f 1986/1986/1968 1987/1987/1969 1991/1991/1973
f 1991/1991/1973 1989/1989/1971 1986/1986/1968
f 1992/1992/1974 1991/1991/1973 1987/1987/1969
f 1987/1987/1969 1319/1319/1310 1992/1992/1974
f 1989/1989/1971 1993/1993/1975 1990/1990/1972
f 1990/1990/1972 1993/1993/1975 1994/1994/1976
f 1989/1989/1971 1991/1991/1973 1995/1995/1977
f 1995/1995/1977 1993/1993/1975 1989/1989/1971
f 1991/1991/1973 1992/1992/1974 1996/1996/1978
f 1996/1996/1978 1995/1995/1977 1991/1991/1973
f 1319/1319/1310 1311/1311/1302 1992/1992/1974
f 1311/1311/1302 1996/1996/1978 1992/1992/1974
f 1993/1993/1975 1997/1997/1979 1994/1994/1976
f 1994/1994/1976 1997/1997/1979 1998/1998/1980
f 1993/1993/1975 1995/1995/1977 1999/1999/1981
f 1999/1999/1981 1997/1997/1979 1993/1993/1975
f 1995/1995/1977 1996/1996/1978 2000/2000/1982
f 2000/2000/1982 1999/1999/1981 1995/1995/1977
f 1997/1997/1979 2001/2001/1983 1998/1998/1980
f 1998/1998/1980 2001/2001/1983 2002/2002/1984
f 1997/1997/1979 1999/1999/1981 2003/2003/1985
f 2003/2003/1985 2001/2001/1983 1997/1997/1979
f 1999/1999/1981 2000/2000/1982 2004/2004/1986
f 2004/2004/1986 2003/2003/1985 1999/1999/1981
f 1306/1306/1297 2000/2000/1982 1996/1996/1978
f 1996/1996/1978 1311/1311/1302 1306/1306/1297
f 1301/1301/1292 2004/2004/1986 2000/2000/1982
f 2000/2000/1982 1306/1306/1297 1301/1301/1292
f 2003/2003/1985 2004/2004/1986 2005/2005/1987
f 2001/2001/1983 2003/2003/1985 2006/2006/1988
f 2005/2005/1987 2006/2006/1988 2003/2003/1985
f 2001/2001/1983 2007/2007/1989 2002/2002/1984
f 2006/2006/1988 2007/2007/1989 2001/2001/1983
f 2002/2002/1984 2007/2007/1989 2008/2008/1990
f 2004/2004/1986 1301/1301/1292 1296/1296/1287
f 1296/1296/1287 2005/2005/1987 2004/2004/1986
f 2007/2007/1989 2009/2009/1991 2008/2008/1990
f 2008/2008/1990 2009/2009/1991 2010/2010/552
f 2007/2007/1989 2006/2006/1988 2011/2011/1992
f 2011/2011/1992 2009/2009/1991 2007/2007/1989
f 2006/2006/1988 2005/2005/1987 2012/2012/1993
f 2012/2012/1993 2011/2011/1992 2006/2006/1988
f 2005/2005/1987 1296/1296/1287 1294/1294/1285
f 1294/1294/1285 2012/2012/1993 2005/2005/1987
f 2009/2009/1991 2013/2013/1994 2010/2010/552
f 2010/2010/552 2013/2013/1994 2014/2014/1995
f 2009/2009/1991 2011/2011/1992 2015/2015/1996
f 2015/2015/1996 2013/2013/1994 2009/2009/1991
f 2011/2011/1992 2012/2012/1993 2016/2016/1997
f 2016/2016/1997 2015/2015/1996 2011/2011/1992
f 2012/2012/1993 1294/1294/1285 1290/1290/1281
f 1290/1290/1281 2016/2016/1997 2012/2012/1993
f 2013/2013/1994 2017/2017/1998 2014/2014/1995
f 2014/2014/1995 2017/2017/1998 2018/2018/1999
f 2013/2013/1994 2015/2015/1996 2019/2019/2000
f 2019/2019/2000 2017/2017/1998 2013/2013/1994
f 2015/2015/1996 2016/2016/1997 2020/2020/2001
f 2020/2020/2001 2019/2019/2000 2015/2015/1996
f 2016/2016/1997 1290/1290/1281 1289/1289/1280
f 1289/1289/1280 2020/2020/2001 2016/2016/1997
f 2017/2017/1998 2021/2021/2002 2018/2018/1999
f 2018/2018/1999 2021/2021/2002 2022/2022/2003
f 2017/2017/1998 2019/2019/2000 2023/2023/2004
f 2023/2023/2004 2021/2021/2002 2017/2017/1998
f 2019/2019/2000 2020/2020/2001 2024/2024/2005
f 2024/2024/2005 2023/2023/2004 2019/2019/2000
f 2020/2020/2001 1289/1289/1280 1442/1442/1430
f 1442/1442/1430 2024/2024/2005 2020/2020/2001
f 2021/2021/2002 2025/2025/2006 2022/2022/2003
f 2022/2022/2003 2025/2025/2006 2026/2026/2007
f 2021/2021/2002 2023/2023/2004 2027/2027/2008
f 2027/2027/2008 2025/2025/2006 2021/2021/2002
f 2023/2023/2004 2024/2024/2005 2028/2028/2009
f 2028/2028/2009 2027/2027/2008 2023/2023/2004
f 2024/2024/2005 1442/1442/1430 1438/1438/1426
f 1438/1438/1426 2028/2028/2009 2024/2024/2005
f 2025/2025/2006 280/280/280 2026/2026/2007
f 2026/2026/2007 280/280/280 282/282/282
f 2025/2025/2006 2027/2027/2008 284/284/284
f 284/284/284 280/280/280 2025/2025/2006
f 2027/2027/2008 2028/2028/2009 286/286/286
f 286/286/286 284/284/284 2027/2027/2008
f 2028/2028/2009 1438/1438/1426 288/288/288
f 288/288/288 286/286/286 2028/2028/2009
f 2029/2029/2010 2030/2030/2011 2031/2031/2012
f 2031/2031/2012 2030/2030/2011 2032/2032/2013
f 2033/2033/2014 2029/2029/2010 2034/2034/2015
f 2034/2034/2015 2029/2029/2010 2031/2031/2012
f 2035/2035/2016 2033/2033/2014 2036/2036/2017
f 2036/2036/2017 2033/2033/2014 2034/2034/2015
f 2037/2037/2018 2035/2035/2016 2036/2036/2017
f 2038/2038/2019 2035/2035/2016 2037/2037/2018
f 2036/2036/2017 2034/2034/2015 2039/2039/2020
f 2034/2034/2015 2031/2031/2012 2040/2040/2021
f 2039/2039/2020 2034/2034/2015 2040/2040/2021
f 2040/2040/2021 2031/2031/2012 2041/2041/2022
f 2031/2031/2012 2032/2032/2013 2041/2041/2022
f 2037/2037/2018 2036/2036/2017 2042/2042/2023
f 2042/2042/2023 2036/2036/2017 2039/2039/2020
f 2043/2043/2024 2038/2038/2019 2037/2037/2018
f 2044/2044/2025 2037/2037/2018 2042/2042/2023
f 2043/2043/2024 2037/2037/2018 2044/2044/2025
f 2045/2045/2026 2038/2038/2019 2043/2043/2024
f 2045/2045/2026 2046/2046/2027 2038/2038/2019
f 2047/2047/2028 2043/2043/2024 2044/2044/2025
f 2047/2047/2028 2045/2045/2026 2043/2043/2024
f 2048/2048/2029 2046/2046/2027 2045/2045/2026
f 2046/2046/2027 2048/2048/2029 2049/2049/2030
f 2050/2050/2031 2048/2048/2029 2045/2045/2026
f 2045/2045/2026 2047/2047/2028 2050/2050/2031
f 2051/2051/2032 2049/2049/2030 2048/2048/2029
f 2049/2049/2030 2051/2051/2032 2052/2052/2033
f 2053/2053/2034 2052/2052/2033 2051/2051/2032
f 2054/2054/2035 2051/2051/2032 2048/2048/2029
f 2048/2048/2029 2050/2050/2031 2054/2054/2035
f 2055/2055/2036 2053/2053/2034 2051/2051/2032
f 2051/2051/2032 2054/2054/2035 2055/2055/2036
f 2053/2053/2034 2055/2055/2036 2056/2056/2037
f 2056/2056/2037 2057/2057/2038 2053/2053/2034
f 2058/2058/2039 2055/2055/2036 2054/2054/2035
f 2057/2057/2038 2056/2056/2037 2059/2059/2040
f 2059/2059/2040 2060/2060/2041 2057/2057/2038
f 2061/2061/2042 2056/2056/2037 2055/2055/2036
f 2055/2055/2036 2058/2058/2039 2061/2061/2042
f 2062/2062/2043 2059/2059/2040 2056/2056/2037
f 2056/2056/2037 2061/2061/2042 2062/2062/2043
f 2060/2060/2041 2059/2059/2040 2063/2063/2044
f 2063/2063/2044 2064/2064/2045 2060/2060/2041
f 2059/2059/2040 2062/2062/2043 2065/2065/2046
f 2065/2065/2046 2063/2063/2044 2059/2059/2040
f 2064/2064/2045 2063/2063/2044 2066/2066/2047
f 2066/2066/2047 2067/2067/2048 2064/2064/2045
f 2063/2063/2044 2065/2065/2046 2068/2068/2049
f 2068/2068/2049 2066/2066/2047 2063/2063/2044
f 2062/2062/2043 2069/2069/2050 2065/2065/2046
f 2065/2065/2046 2070/2070/2051 2068/2068/2049
f 2069/2069/2050 2070/2070/2051 2065/2065/2046
f 2071/2071/2052 2069/2069/2050 2062/2062/2043
f 2061/2061/2042 2071/2071/2052 2062/2062/2043
f 2069/2069/2050 2072/2072/2053 2070/2070/2051
f 2073/2073/2054 2071/2071/2052 2061/2061/2042
f 2058/2058/2039 2073/2073/2054 2061/2061/2042
f 2071/2071/2052 2074/2074/2055 2069/2069/2050
f 2074/2074/2055 2072/2072/2053 2069/2069/2050
f 2073/2073/2054 2075/2075/2056 2071/2071/2052
f 2075/2075/2056 2074/2074/2055 2071/2071/2052
f 2076/2076/2057 2073/2073/2054 2058/2058/2039
f 2077/2077/2058 2075/2075/2056 2073/2073/2054
f 2076/2076/2057 2077/2077/2058 2073/2073/2054
f 2078/2078/2059 2076/2076/2057 2058/2058/2039
f 2054/2054/2035 2078/2078/2059 2058/2058/2039
f 2078/2078/2059 2054/2054/2035 2050/2050/2031
f 2050/2050/2031 2079/2079/2060 2078/2078/2059
f 2079/2079/2060 2050/2050/2031 2047/2047/2028
f 2078/2078/2059 2080/2080/2061 2076/2076/2057
f 2080/2080/2061 2078/2078/2059 2079/2079/2060
f 2081/2081/2062 2077/2077/2058 2076/2076/2057
f 2080/2080/2061 2081/2081/2062 2076/2076/2057
f 2082/2082/2063 2077/2077/2058 2081/2081/2062
f 2079/2079/2060 2083/2083/2064 2080/2080/2061
f 2047/2047/2028 2084/2084/2065 2079/2079/2060
f 2083/2083/2064 2079/2079/2060 2084/2084/2065
f 2085/2085/2066 2081/2081/2062 2080/2080/2061
f 2083/2083/2064 2085/2085/2066 2080/2080/2061
f 2086/2086/2067 2081/2081/2062 2085/2085/2066
f 2081/2081/2062 2086/2086/2067 2082/2082/2063
f 2087/2087/2068 2085/2085/2066 2083/2083/2064
f 2085/2085/2066 1096/1096/1092 2086/2086/2067
f 1096/1096/1092 2085/2085/2066 2087/2087/2068
f 1095/1095/1091 2082/2082/2063 2086/2086/2067
f 1096/1096/1092 1095/1095/1091 2086/2086/2067
f 2077/2077/2058 2082/2082/2063 2088/2088/2069
f 2088/2088/2069 2075/2075/2056 2077/2077/2058
f 1106/1106/1102 2087/2087/2068 2083/2083/2064
f 2084/2084/2065 1106/1106/1102 2083/2083/2064
f 1099/1099/1095 1096/1096/1092 2087/2087/2068
f 1099/1099/1095 2087/2087/2068 1106/1106/1102
f 2075/2075/2056 2088/2088/2069 2089/2089/2070
f 2089/2089/2070 2074/2074/2055 2075/2075/2056
f 2090/2090/2071 2088/2088/2069 2082/2082/2063
f 2082/2082/2063 1095/1095/1091 2090/2090/2071
f 2091/2091/2072 2089/2089/2070 2088/2088/2069
f 2088/2088/2069 2090/2090/2071 2091/2091/2072
f 2074/2074/2055 2089/2089/2070 2092/2092/2073
f 2092/2092/2073 2072/2072/2053 2074/2074/2055
f 2089/2089/2070 2091/2091/2072 2093/2093/2074
f 2093/2093/2074 2092/2092/2073 2089/2089/2070
f 2090/2090/2071 1091/1091/1087 2091/2091/2072
f 1091/1091/1087 2093/2093/2074 2091/2091/2072
f 1095/1095/1091 1092/1092/1088 2090/2090/2071
f 2090/2090/2071 1092/1092/1088 1091/1091/1087
f 1095/1095/1091 1093/1093/1089 1092/1092/1088
f 2072/2072/2053 2092/2092/2073 2094/2094/2075
f 2092/2092/2073 2093/2093/2074 2095/2095/2076
f 2095/2095/2076 2094/2094/2075 2092/2092/2073
f 2093/2093/2074 1091/1091/1087 2096/2096/2077
f 2096/2096/2077 2095/2095/2076 2093/2093/2074
f 2094/2094/2075 2097/2097/2078 2072/2072/2053
f 2072/2072/2053 2097/2097/2078 2070/2070/2051
f 2094/2094/2075 2095/2095/2076 520/520/520
f 2095/2095/2076 2096/2096/2077 521/521/521
f 521/521/521 520/520/520 2095/2095/2076
f 1091/1091/1087 524/524/524 2096/2096/2077
f 524/524/524 521/521/521 2096/2096/2077
f 2097/2097/2078 2094/2094/2075 2098/2098/2079
f 520/520/520 2098/2098/2079 2094/2094/2075
f 2070/2070/2051 2097/2097/2078 2099/2099/2080
f 2070/2070/2051 2099/2099/2080 2068/2068/2049
f 2098/2098/2079 2100/2100/2081 2097/2097/2078
f 2097/2097/2078 2100/2100/2081 2099/2099/2080
f 2098/2098/2079 520/520/520 518/518/518
f 2068/2068/2049 2099/2099/2080 2101/2101/2082
f 2066/2066/2047 2068/2068/2049 2101/2101/2082
f 2099/2099/2080 2100/2100/2081 2102/2102/2083
f 2099/2099/2080 2102/2102/2083 2101/2101/2082
f 2100/2100/2081 2098/2098/2079 757/757/754
f 518/518/518 757/757/754 2098/2098/2079
f 2100/2100/2081 749/749/746 2102/2102/2083
f 757/757/754 749/749/746 2100/2100/2081
f 2101/2101/2082 2103/2103/2084 2066/2066/2047
f 2067/2067/2048 2066/2066/2047 2103/2103/2084
f 2101/2101/2082 2102/2102/2083 2104/2104/2085
f 2103/2103/2084 2101/2101/2082 2104/2104/2085
f 2105/2105/2086 2067/2067/2048 2103/2103/2084
f 2104/2104/2085 2105/2105/2086 2103/2103/2084
f 2105/2105/2086 2106/2106/2087 2067/2067/2048
f 2107/2107/2088 2106/2106/2087 2105/2105/2086
f 2108/2108/2089 2107/2107/2088 2105/2105/2086
f 2105/2105/2086 2104/2104/2085 2108/2108/2089
f 2107/2107/2088 2108/2108/2089 745/745/742
f 2102/2102/2083 747/747/744 2104/2104/2085
f 2104/2104/2085 747/747/744 2108/2108/2089
f 2102/2102/2083 749/749/746 747/747/744
f 2108/2108/2089 743/743/740 745/745/742
f 747/747/744 743/743/740 2108/2108/2089
f 2109/2109/2090 2110/2110/2091 2111/2111/2092
f 2111/2111/2092 2112/2112/2093 2109/2109/2090
f 2113/2113/2094 2110/2110/2091 2114/2114/2095
f 2115/2115/2096 2111/2111/2092 2110/2110/2091
f 2110/2110/2091 2113/2113/2094 2115/2115/2096
f 2114/2114/2095 2116/2116/2097 2113/2113/2094
f 2116/2116/2097 2114/2114/2095 2117/2117/2098
f 2118/2118/2099 2119/2119/2100 2117/2117/2098
f 2119/2119/2100 2116/2116/2097 2117/2117/2098
f 2119/2119/2100 2118/2118/2099 2120/2120/2101
f 2120/2120/2101 2121/2121/2102 2119/2119/2100
f 2121/2121/2102 2122/2122/2103 2119/2119/2100
f 2116/2116/2097 2119/2119/2100 2122/2122/2103
f 2122/2122/2103 2121/2121/2102 2123/2123/2104
f 2124/2124/2105 2113/2113/2094 2116/2116/2097
f 2122/2122/2103 2124/2124/2105 2116/2116/2097
f 2123/2123/2104 2125/2125/2106 2122/2122/2103
f 2124/2124/2105 2122/2122/2103 2125/2125/2106
f 2125/2125/2106 2123/2123/2104 2126/2126/2107
f 2113/2113/2094 2124/2124/2105 2127/2127/2108
f 2127/2127/2108 2115/2115/2096 2113/2113/2094
f 2125/2125/2106 2128/2128/2109 2124/2124/2105
f 2128/2128/2109 2127/2127/2108 2124/2124/2105
f 2129/2129/2110 2125/2125/2106 2126/2126/2107
f 2126/2126/2107 2130/2130/2111 2129/2129/2110
f 2131/2131/2112 2129/2129/2110 2130/2130/2111
f 2125/2125/2106 2129/2129/2110 2132/2132/2113
f 2128/2128/2109 2125/2125/2106 2132/2132/2113
f 2129/2129/2110 2131/2131/2112 2133/2133/2114
f 2133/2133/2114 2132/2132/2113 2129/2129/2110
f 2134/2134/2115 2133/2133/2114 2131/2131/2112
f 2135/2135/2116 2128/2128/2109 2132/2132/2113
f 2132/2132/2113 2133/2133/2114 2135/2135/2116
f 2133/2133/2114 2134/2134/2115 2136/2136/2117
f 2136/2136/2117 2135/2135/2116 2133/2133/2114
f 2134/2134/2115 2137/2137/2118 2136/2136/2117
f 2128/2128/2109 2135/2135/2116 2138/2138/2119
f 2135/2135/2116 2136/2136/2117 2139/2139/2120
f 2139/2139/2120 2138/2138/2119 2135/2135/2116
f 2136/2136/2117 2140/2140/2121 2139/2139/2120
f 2140/2140/2121 2136/2136/2117 2137/2137/2118
f 2138/2138/2119 2139/2139/2120 2141/2141/2122
f 2140/2140/2121 2141/2141/2122 2139/2139/2120
f 2138/2138/2119 2142/2142/2123 2128/2128/2109
f 2127/2127/2108 2128/2128/2109 2142/2142/2123
f 2141/2141/2122 2143/2143/2124 2138/2138/2119
f 2142/2142/2123 2138/2138/2119 2143/2143/2124
f 2142/2142/2123 2144/2144/2125 2127/2127/2108
f 2115/2115/2096 2127/2127/2108 2144/2144/2125
f 2143/2143/2124 2145/2145/2126 2142/2142/2123
f 2144/2144/2125 2142/2142/2123 2145/2145/2126
f 2144/2144/2125 2146/2146/2127 2115/2115/2096
f 2111/2111/2092 2115/2115/2096 2146/2146/2127
f 2145/2145/2126 2147/2147/2128 2144/2144/2125
f 2146/2146/2127 2144/2144/2125 2147/2147/2128
f 2146/2146/2127 2148/2148/2129 2111/2111/2092
f 2112/2112/2093 2111/2111/2092 2148/2148/2129
f 2147/2147/2128 2149/2149/2130 2146/2146/2127
f 2148/2148/2129 2146/2146/2127 2149/2149/2130
f 2148/2148/2129 1479/1479/1467 2112/2112/2093
f 1481/1481/1469 2112/2112/2093 1479/1479/1467
f 1471/1471/1459 2148/2148/2129 2149/2149/2130
f 1479/1479/1467 2148/2148/2129 1474/1474/1462
f 2148/2148/2129 1471/1471/1459 1474/1474/1462
f 2149/2149/2130 2147/2147/2128 2150/2150/2131
f 2149/2149/2130 1458/1458/1446 1471/1471/1459
f 1458/1458/1446 2149/2149/2130 2150/2150/2131
f 2151/2151/2132 2150/2150/2131 2147/2147/2128
f 2147/2147/2128 2145/2145/2126 2151/2151/2132
f 1454/1454/1442 1458/1458/1446 2150/2150/2131
f 2150/2150/2131 2151/2151/2132 1454/1454/1442
f 2152/2152/2133 2151/2151/2132 2145/2145/2126
f 2145/2145/2126 2143/2143/2124 2152/2152/2133
f 1453/1453/1441 1454/1454/1442 2151/2151/2132
f 2151/2151/2132 2152/2152/2133 1453/1453/1441
f 2153/2153/2134 2152/2152/2133 2143/2143/2124
f 2143/2143/2124 2141/2141/2122 2153/2153/2134
f 2154/2154/2135 1453/1453/1441 2152/2152/2133
f 2152/2152/2133 2153/2153/2134 2154/2154/2135
f 2155/2155/2136 2153/2153/2134 2141/2141/2122
f 2141/2141/2122 2140/2140/2121 2155/2155/2136
f 2156/2156/2137 2154/2154/2135 2153/2153/2134
f 2153/2153/2134 2155/2155/2136 2156/2156/2137
f 1453/1453/1441 2154/2154/2135 1451/1451/1439
f 2157/2157/2138 2155/2155/2136 2140/2140/2121
f 2154/2154/2135 2156/2156/2137 2158/2158/2139
f 2158/2158/2139 1451/1451/1439 2154/2154/2135
f 2159/2159/2140 2156/2156/2137 2155/2155/2136
f 2155/2155/2136 2157/2157/2138 2159/2159/2140
f 2137/2137/2118 2157/2157/2138 2140/2140/2121
f 2156/2156/2137 2159/2159/2140 2160/2160/2141
f 2160/2160/2141 2158/2158/2139 2156/2156/2137
f 1864/1864/1847 2159/2159/2140 2157/2157/2138
f 2161/2161/2142 2160/2160/2141 2159/2159/2140
f 2159/2159/2140 1864/1864/1847 2161/2161/2142
f 2157/2157/2138 2137/2137/2118 1865/1865/1848
f 1865/1865/1848 1864/1864/1847 2157/2157/2138
f 2158/2158/2139 2160/2160/2141 2162/2162/2143
f 2137/2137/2118 1868/1868/1851 1865/1865/1848
f 2160/2160/2141 2161/2161/2142 2163/2163/2144
f 2163/2163/2144 2162/2162/2143 2160/2160/2141
f 2162/2162/2143 2164/2164/2145 2158/2158/2139
f 1451/1451/1439 2158/2158/2139 2164/2164/2145
f 2162/2162/2143 2163/2163/2144 2165/2165/2146
f 2164/2164/2145 2162/2162/2143 1859/1859/1842
f 2165/2165/2146 1859/1859/1842 2162/2162/2143
f 1456/1456/1444 1451/1451/1439 2164/2164/2145
f 1859/1859/1842 1456/1456/1444 2164/2164/2145
f 1859/1859/1842 2165/2165/2146 2166/2166/2147
f 1872/1872/1855 2163/2163/2144 2161/2161/2142
f 1875/1875/1858 2165/2165/2146 2163/2163/2144
f 2163/2163/2144 1872/1872/1855 1875/1875/1858
f 1880/1880/1863 2166/2166/2147 2165/2165/2146
f 2165/2165/2146 1875/1875/1858 1880/1880/1863
f 1860/1860/1843 1859/1859/1842 2166/2166/2147
f 2161/2161/2142 1863/1863/1846 1872/1872/1855
f 1863/1863/1846 2161/2161/2142 1864/1864/1847
f 2166/2166/2147 1880/1880/1863 1883/1883/1866
f 1883/1883/1866 1860/1860/1843 2166/2166/2147
f 1593/1593/1581 2167/2167/2148 1594/1594/1582
f 1595/1595/1583 2168/2168/2149 1593/1593/1581
f 1593/1593/1581 2168/2168/2149 2167/2167/2148
f 1585/1585/1573 1596/1596/1584 2169/2169/2150
f 1585/1585/1573 2169/2169/2150 1584/1584/1572
f 1594/1594/1582 2170/2170/2151 1596/1596/1584
f 1594/1594/1582 2167/2167/2148 2170/2170/2151
f 1596/1596/1584 2171/2171/2152 2169/2169/2150
f 1596/1596/1584 2170/2170/2151 2171/2171/2152
f 1584/1584/1572 2169/2169/2150 2172/2172/2153
f 1584/1584/1572 2172/2172/2153 1580/1580/1568
f 2169/2169/2150 2171/2171/2152 2173/2173/2154
f 2169/2169/2150 2173/2173/2154 2172/2172/2153
f 2170/2170/2151 2174/2174/2155 2171/2171/2152
f 2171/2171/2152 2175/2175/2156 2173/2173/2154
f 2171/2171/2152 2174/2174/2155 2175/2175/2156
f 2176/2176/2157 2172/2172/2153 2173/2173/2154
f 2175/2175/2156 2176/2176/2157 2173/2173/2154
f 2172/2172/2153 2177/2177/2158 1580/1580/1568
f 1576/1576/1564 1580/1580/1568 2177/2177/2158
f 2172/2172/2153 2176/2176/2157 2178/2178/2159
f 2177/2177/2158 2172/2172/2153 2178/2178/2159
f 2176/2176/2157 2175/2175/2156 2179/2179/2160
f 2176/2176/2157 2180/2180/2161 2178/2178/2159
f 2181/2181/2162 2179/2179/2160 2175/2175/2156
f 2174/2174/2155 2181/2181/2162 2175/2175/2156
f 2179/2179/2160 2181/2181/2162 2182/2182/2163
f 2178/2178/2159 2183/2183/2164 2177/2177/2158
f 2183/2183/2164 2178/2178/2159 2180/2180/2161
f 2183/2183/2164 1576/1576/1564 2177/2177/2158
f 2180/2180/2161 2184/2184/2165 2183/2183/2164
f 1576/1576/1564 2183/2183/2164 2185/2185/2166
f 2184/2184/2165 2185/2185/2166 2183/2183/2164
f 1570/1570/1558 1576/1576/1564 2185/2185/2166
f 2185/2185/2166 1566/1566/1554 1570/1570/1558
f 2185/2185/2166 2184/2184/2165 2186/2186/2167
f 1566/1566/1554 2185/2185/2166 2186/2186/2167
f 2187/2187/2168 2186/2186/2167 2184/2184/2165
f 2188/2188/2169 1566/1566/1554 2186/2186/2167
f 2186/2186/2167 2187/2187/2168 2188/2188/2169
f 1566/1566/1554 2188/2188/2169 1567/1567/1555
f 2189/2189/2170 2188/2188/2169 2187/2187/2168
f 2190/2190/2171 1567/1567/1555 2188/2188/2169
f 2188/2188/2169 2189/2189/2170 2190/2190/2171
f 1567/1567/1555 2190/2190/2171 1568/1568/1556
f 2191/2191/2172 2190/2190/2171 2189/2189/2170
f 2190/2190/2171 2191/2191/2172 2192/2192/2173
f 2192/2192/2173 1568/1568/1556 2190/2190/2171
f 2191/2191/2172 2193/2193/2174 2192/2192/2173
f 1568/1568/1556 2192/2192/2173 2194/2194/2175
f 1564/1564/1552 1568/1568/1556 2194/2194/2175
f 2195/2195/2176 2192/2192/2173 2193/2193/2174
f 2192/2192/2173 2195/2195/2176 2194/2194/2175
f 2194/2194/2175 2196/2196/2177 1564/1564/1552
f 2196/2196/2177 2194/2194/2175 2195/2195/2176
f 2196/2196/2177 1555/1555/1543 1564/1564/1552
f 2193/2193/2174 2197/2197/2178 2195/2195/2176
f 2197/2197/2178 2193/2193/2174 2198/2198/2179
f 2198/2198/2179 1257/1257/1248 2197/2197/2178
f 2199/2199/2180 2195/2195/2176 2197/2197/2178
f 2195/2195/2176 2199/2199/2180 2196/2196/2177
f 2200/2200/2181 2197/2197/2178 1257/1257/1248
f 2197/2197/2178 2200/2200/2181 2199/2199/2180
f 1257/1257/1248 1254/1254/1245 2200/2200/2181
f 2201/2201/2182 1555/1555/1543 2196/2196/2177
f 2199/2199/2180 2201/2201/2182 2196/2196/2177
f 1553/1553/1541 1555/1555/1543 2201/2201/2182
f 2200/2200/2181 2202/2202/2183 2199/2199/2180
f 2202/2202/2183 2201/2201/2182 2199/2199/2180
f 1254/1254/1245 2203/2203/2184 2200/2200/2181
f 2203/2203/2184 2202/2202/2183 2200/2200/2181
f 1231/1231/1222 2203/2203/2184 1254/1254/1245
f 1231/1231/1222 2204/2204/2185 2203/2203/2184
f 2204/2204/2185 2202/2202/2183 2203/2203/2184
f 1231/1231/1222 1229/1229/1220 2204/2204/2185
f 1229/1229/1220 1230/1230/1221 2204/2204/2185
f 2205/2205/2186 2201/2201/2182 2202/2202/2183
f 2201/2201/2182 2205/2205/2186 1553/1553/1541
f 2202/2202/2183 2204/2204/2185 2205/2205/2186
f 1552/1552/1540 1553/1553/1541 2205/2205/2186
f 2204/2204/2185 1552/1552/1540 2205/2205/2186
f 2204/2204/2185 1230/1230/1221 1552/1552/1540
f 1230/1230/1221 2206/2206/2187 1552/1552/1540
f 1552/1552/1540 2206/2206/2187 1543/1543/1531
f 1230/1230/1221 1227/1227/1218 2206/2206/2187
f 2206/2206/2187 1540/1540/1528 1543/1543/1531
f 2206/2206/2187 2207/2207/2188 1540/1540/1528
f 1227/1227/1218 2207/2207/2188 2206/2206/2187
f 695/695/692 1540/1540/1528 2207/2207/2188
f 1227/1227/1218 2208/2208/2189 2207/2207/2188
f 2208/2208/2189 695/695/692 2207/2207/2188
f 706/706/703 2208/2208/2189 1227/1227/1218
f 2208/2208/2189 693/693/690 695/695/692
f 706/706/703 698/698/695 2208/2208/2189
f 698/698/695 693/693/690 2208/2208/2189
f 1715/1715/1703 1661/1661/1649 1662/1662/1650
f 1661/1661/1649 1715/1715/1703 1663/1663/1651
f 1659/1659/1647 2209/2209/2190 1662/1662/1650
f 1662/1662/1650 1707/1707/1695 1715/1715/1703
f 1707/1707/1695 1662/1662/1650 2209/2209/2190
f 2209/2209/2190 1659/1659/1647 2210/2210/2191
f 1656/1656/1644 2210/2210/2191 1659/1659/1647
f 2209/2209/2190 1706/1706/1694 1707/1707/1695
f 2210/2210/2191 1656/1656/1644 2211/2211/2192
f 1653/1653/1641 2211/2211/2192 1656/1656/1644
f 2210/2210/2191 1710/1710/1698 2209/2209/2190
f 1706/1706/1694 2209/2209/2190 1710/1710/1698
f 2211/2211/2192 1713/1713/1701 2210/2210/2191
f 1710/1710/1698 2210/2210/2191 1713/1713/1701
f 2211/2211/2192 1653/1653/1641 2212/2212/2193
f 1649/1649/1637 2212/2212/2193 1653/1653/1641
f 1713/1713/1701 2211/2211/2192 2213/2213/2194
f 2212/2212/2193 2213/2213/2194 2211/2211/2192
f 2212/2212/2193 1649/1649/1637 2214/2214/2195
f 1647/1647/1635 2214/2214/2195 1649/1649/1637
f 2213/2213/2194 2212/2212/2193 2215/2215/2196
f 2214/2214/2195 2215/2215/2196 2212/2212/2193
f 1712/1712/1700 1713/1713/1701 2213/2213/2194
f 2215/2215/2196 1712/1712/1700 2213/2213/2194
f 2214/2214/2195 1647/1647/1635 2216/2216/2197
f 1646/1646/1634 2216/2216/2197 1647/1647/1635
f 2215/2215/2196 2214/2214/2195 2217/2217/2198
f 2216/2216/2197 2217/2217/2198 2214/2214/2195
f 2217/2217/2198 2218/2218/2199 2215/2215/2196
f 1712/1712/1700 2215/2215/2196 2218/2218/2199
f 2217/2217/2198 2216/2216/2197 2219/2219/2200
f 2216/2216/2197 1646/1646/1634 2220/2220/2201
f 2220/2220/2201 2219/2219/2200 2216/2216/2197
f 1636/1636/1624 2220/2220/2201 1646/1646/1634
f 2220/2220/2201 1636/1636/1624 1634/1634/1622
f 1634/1634/1622 2221/2221/2202 2220/2220/2201
f 2219/2219/2200 2220/2220/2201 2221/2221/2202
f 2221/2221/2202 1634/1634/1622 1632/1632/1620
f 2219/2219/2200 2222/2222/2203 2217/2217/2198
f 2218/2218/2199 2217/2217/2198 2222/2222/2203
f 2221/2221/2202 2223/2223/2204 2219/2219/2200
f 2222/2222/2203 2219/2219/2200 2223/2223/2204
f 1632/1632/1620 2224/2224/2205 2221/2221/2202
f 2223/2223/2204 2221/2221/2202 2224/2224/2205
f 2224/2224/2205 1632/1632/1620 1631/1631/1619
f 2225/2225/2206 2224/2224/2205 1631/1631/1619
f 1631/1631/1619 1629/1629/1617 2225/2225/2206
f 2226/2226/2207 2223/2223/2204 2224/2224/2205
f 2224/2224/2205 2225/2225/2206 2226/2226/2207
f 2227/2227/2208 2222/2222/2203 2223/2223/2204
f 2223/2223/2204 2226/2226/2207 2227/2227/2208
f 2228/2228/2209 2226/2226/2207 2225/2225/2206
f 1629/1629/1617 2228/2228/2209 2225/2225/2206
f 2229/2229/2210 2227/2227/2208 2226/2226/2207
f 2226/2226/2207 2228/2228/2209 2229/2229/2210
f 2222/2222/2203 2227/2227/2208 2230/2230/2211
f 2230/2230/2211 2218/2218/2199 2222/2222/2203
f 2227/2227/2208 2229/2229/2210 2231/2231/2212
f 2231/2231/2212 2230/2230/2211 2227/2227/2208
f 2232/2232/2213 2229/2229/2210 2228/2228/2209
f 2233/2233/2214 2231/2231/2212 2229/2229/2210
f 2229/2229/2210 2232/2232/2213 2233/2233/2214
f 2231/2231/2212 2233/2233/2214 2234/2234/2215
f 2230/2230/2211 2231/2231/2212 2235/2235/2216
f 2234/2234/2215 2235/2235/2216 2231/2231/2212
f 2218/2218/2199 2230/2230/2211 2236/2236/2217
f 2235/2235/2216 2236/2236/2217 2230/2230/2211
f 2237/2237/2218 2218/2218/2199 2236/2236/2217
f 2218/2218/2199 2237/2237/2218 1712/1712/1700
f 2236/2236/2217 2235/2235/2216 2238/2238/2219
f 2238/2238/2219 2237/2237/2218 2236/2236/2217
f 2235/2235/2216 2234/2234/2215 2239/2239/2220
f 2239/2239/2220 2238/2238/2219 2235/2235/2216
f 1709/1709/1697 1712/1712/1700 2237/2237/2218
f 2240/2240/2221 2239/2239/2220 2234/2234/2215
f 2237/2237/2218 2238/2238/2219 2241/2241/2222
f 2241/2241/2222 1709/1709/1697 2237/2237/2218
f 2238/2238/2219 2239/2239/2220 2242/2242/2223
f 2242/2242/2223 2241/2241/2222 2238/2238/2219
f 2243/2243/2224 2242/2242/2223 2239/2239/2220
f 2239/2239/2220 2240/2240/2221 2243/2243/2224
f 2241/2241/2222 2242/2242/2223 2244/2244/2225
f 2234/2234/2215 2245/2245/2226 2240/2240/2221
f 2245/2245/2226 2234/2234/2215 2233/2233/2214
f 2242/2242/2223 2243/2243/2224 2246/2246/2227
f 2246/2246/2227 2244/2244/2225 2242/2242/2223
f 2233/2233/2214 2247/2247/2228 2245/2245/2226
f 2247/2247/2228 2233/2233/2214 2232/2232/2213
f 2248/2248/2229 2240/2240/2221 2245/2245/2226
f 2249/2249/2230 2245/2245/2226 2247/2247/2228
f 2245/2245/2226 2249/2249/2230 2248/2248/2229
f 2240/2240/2221 2248/2248/2229 2250/2250/2231
f 2250/2250/2231 2243/2243/2224 2240/2240/2221
f 2251/2251/2232 2246/2246/2227 2243/2243/2224
f 2243/2243/2224 2250/2250/2231 2251/2251/2232
f 2246/2246/2227 2251/2251/2232 2252/2252/2233
f 2253/2253/2234 2250/2250/2231 2248/2248/2229
f 2254/2254/2235 2251/2251/2232 2250/2250/2231
f 2250/2250/2231 2253/2253/2234 2254/2254/2235
f 2251/2251/2232 2254/2254/2235 2255/2255/2236
f 2255/2255/2236 2252/2252/2233 2251/2251/2232
f 2252/2252/2233 2256/2256/2237 2246/2246/2227
f 2244/2244/2225 2246/2246/2227 2256/2256/2237
f 2248/2248/2229 2257/2257/2238 2253/2253/2234
f 2257/2257/2238 2248/2248/2229 2249/2249/2230
f 2258/2258/2239 2254/2254/2235 2253/2253/2234
f 2259/2259/2240 2253/2253/2234 2257/2257/2238
f 2258/2258/2239 2253/2253/2234 2259/2259/2240
f 2260/2260/2241 2254/2254/2235 2258/2258/2239
f 2260/2260/2241 2255/2255/2236 2254/2254/2235
f 2261/2261/2242 2258/2258/2239 2259/2259/2240
f 2262/2262/2243 2260/2260/2241 2258/2258/2239
f 2262/2262/2243 2258/2258/2239 2261/2261/2242
f 2263/2263/2244 2255/2255/2236 2260/2260/2241
f 2264/2264/2245 2260/2260/2241 2262/2262/2243
f 2264/2264/2245 2263/2263/2244 2260/2260/2241
f 2265/2265/2246 2261/2261/2242 2259/2259/2240
f 2262/2262/2243 2266/2266/2247 2264/2264/2245
f 2261/2261/2242 2267/2267/2248 2262/2262/2243
f 2266/2266/2247 2262/2262/2243 2267/2267/2248
f 2267/2267/2248 2261/2261/2242 2268/2268/2249
f 2265/2265/2246 2268/2268/2249 2261/2261/2242
f 2269/2269/2250 2266/2266/2247 2267/2267/2248
f 2270/2270/2251 2267/2267/2248 2268/2268/2249
f 2269/2269/2250 2267/2267/2248 2270/2270/2251
f 2270/2270/2251 2268/2268/2249 2271/2271/2252
f 2272/2272/2253 2269/2269/2250 2270/2270/2251
f 2272/2272/2253 2270/2270/2251 2271/2271/2252
f 2271/2271/2252 2268/2268/2249 2273/2273/2254
f 2268/2268/2249 2265/2265/2246 2273/2273/2254
f 2271/2271/2252 2273/2273/2254 2274/2274/2255
f 2265/2265/2246 2259/2259/2240 2275/2275/2256
f 2259/2259/2240 2257/2257/2238 2275/2275/2256
f 2275/2275/2256 2257/2257/2238 2276/2276/2257
f 2249/2249/2230 2276/2276/2257 2257/2257/2238
f 2277/2277/2258 2265/2265/2246 2275/2275/2256
f 2275/2275/2256 2276/2276/2257 2277/2277/2258
f 2278/2278/2259 2273/2273/2254 2265/2265/2246
f 2265/2265/2246 2277/2277/2258 2278/2278/2259
f 2273/2273/2254 2278/2278/2259 2279/2279/2260
f 2274/2274/2255 2273/2273/2254 2279/2279/2260
f 2276/2276/2257 2249/2249/2230 2280/2280/2261
f 2247/2247/2228 2280/2280/2261 2249/2249/2230
f 2277/2277/2258 2276/2276/2257 2281/2281/2262
f 2280/2280/2261 2281/2281/2262 2276/2276/2257
f 2282/2282/2263 2278/2278/2259 2277/2277/2258
f 2277/2277/2258 2281/2281/2262 2282/2282/2263
f 2278/2278/2259 2282/2282/2263 2283/2283/2264
f 2283/2283/2264 2279/2279/2260 2278/2278/2259
f 2280/2280/2261 2247/2247/2228 2284/2284/2265
f 2232/2232/2213 2284/2284/2265 2247/2247/2228
f 2281/2281/2262 2280/2280/2261 2285/2285/2266
f 2284/2284/2265 2285/2285/2266 2280/2280/2261
f 2282/2282/2263 2281/2281/2262 2286/2286/2267
f 2285/2285/2266 2286/2286/2267 2281/2281/2262
f 2287/2287/2268 2283/2283/2264 2282/2282/2263
f 2282/2282/2263 2286/2286/2267 2287/2287/2268
f 2284/2284/2265 2232/2232/2213 2288/2288/2269
f 2228/2228/2209 2288/2288/2269 2232/2232/2213
f 2285/2285/2266 2284/2284/2265 2289/2289/2270
f 2288/2288/2269 2289/2289/2270 2284/2284/2265
f 2286/2286/2267 2285/2285/2266 2290/2290/2271
f 2289/2289/2270 2290/2290/2271 2285/2285/2266
f 2288/2288/2269 2228/2228/2209 2291/2291/2272
f 2228/2228/2209 1629/1629/1617 2291/2291/2272
f 2289/2289/2270 2288/2288/2269 2292/2292/2273
f 2291/2291/2272 2292/2292/2273 2288/2288/2269
f 1629/1629/1617 2293/2293/2274 2291/2291/2272
f 2292/2292/2273 2291/2291/2272 2293/2293/2274
f 2293/2293/2274 1629/1629/1617 1627/1627/1615
f 2292/2292/2273 2294/2294/2275 2289/2289/2270
f 2290/2290/2271 2289/2289/2270 2294/2294/2275
f 2293/2293/2274 2295/2295/2276 2292/2292/2273
f 2294/2294/2275 2292/2292/2273 2295/2295/2276
f 1627/1627/1615 2296/2296/2277 2293/2293/2274
f 2295/2295/2276 2293/2293/2274 2296/2296/2277
f 2296/2296/2277 1627/1627/1615 1625/1625/1613
f 1625/1625/1613 2297/2297/2278 2296/2296/2277
f 2297/2297/2278 1625/1625/1613 1624/1624/1612
f 2296/2296/2277 2298/2298/2279 2295/2295/2276
f 2298/2298/2279 2296/2296/2277 2297/2297/2278
f 2295/2295/2276 2299/2299/2280 2294/2294/2275
f 2299/2299/2280 2295/2295/2276 2298/2298/2279
f 2300/2300/2281 2294/2294/2275 2299/2299/2280
f 2294/2294/2275 2300/2300/2281 2290/2290/2271
f 1624/1624/1612 2301/2301/2282 2297/2297/2278
f 2301/2301/2282 1624/1624/1612 1621/1621/1609
f 2297/2297/2278 2302/2302/2283 2298/2298/2279
f 2302/2302/2283 2297/2297/2278 2301/2301/2282
f 2298/2298/2279 2303/2303/2284 2299/2299/2280
f 2303/2303/2284 2298/2298/2279 2302/2302/2283
f 2299/2299/2280 2304/2304/2285 2300/2300/2281
f 2304/2304/2285 2299/2299/2280 2303/2303/2284
f 1621/1621/1609 2305/2305/2286 2301/2301/2282
f 2305/2305/2286 1621/1621/1609 1622/1622/1610
f 2301/2301/2282 2306/2306/2287 2302/2302/2283
f 2306/2306/2287 2301/2301/2282 2305/2305/2286
f 2302/2302/2283 2307/2307/2288 2303/2303/2284
f 2307/2307/2288 2302/2302/2283 2306/2306/2287
f 2303/2303/2284 2308/2308/2289 2304/2304/2285
f 2308/2308/2289 2303/2303/2284 2307/2307/2288
f 2309/2309/2290 2310/2310/2291 2311/2311/2292
f 2311/2311/2292 2312/2312/2293 2309/2309/2290
f 2313/2313/2294 2310/2310/2291 2314/2314/2295
f 2310/2310/2291 2309/2309/2290 2315/2315/2296
f 2315/2315/2296 2314/2314/2295 2310/2310/2291
f 2312/2312/2293 2316/2316/2297 2309/2309/2290
f 2316/2316/2297 2315/2315/2296 2309/2309/2290
f 2314/2314/2295 2317/2317/2298 2313/2313/2294
f 933/933/930 2313/2313/2294 2317/2317/2298
f 2317/2317/2298 935/935/932 933/933/930
f 2318/2318/2299 935/935/932 2317/2317/2298
f 2317/2317/2298 2314/2314/2295 2318/2318/2299
f 935/935/932 2318/2318/2299 937/937/934
f 2314/2314/2295 2315/2315/2296 2319/2319/2300
f 2319/2319/2300 2318/2318/2299 2314/2314/2295
f 2320/2320/2301 937/937/934 2318/2318/2299
f 2318/2318/2299 2319/2319/2300 2320/2320/2301
f 937/937/934 2320/2320/2301 940/940/937
f 2321/2321/2302 2319/2319/2300 2315/2315/2296
f 2315/2315/2296 2316/2316/2297 2321/2321/2302
f 2322/2322/2303 2320/2320/2301 2319/2319/2300
f 2319/2319/2300 2321/2321/2302 2322/2322/2303
f 2323/2323/2304 940/940/937 2320/2320/2301
f 2320/2320/2301 2322/2322/2303 2323/2323/2304
f 940/940/937 2323/2323/2304 2324/2324/2305
f 2324/2324/2305 942/942/939 940/940/937
f 2325/2325/2306 2323/2323/2304 2322/2322/2303
f 942/942/939 2324/2324/2305 2326/2326/2307
f 2326/2326/2307 945/945/942 942/942/939
f 2327/2327/2308 2324/2324/2305 2323/2323/2304
f 2323/2323/2304 2325/2325/2306 2327/2327/2308
f 2328/2328/2309 2326/2326/2307 2324/2324/2305
f 2324/2324/2305 2327/2327/2308 2328/2328/2309
f 945/945/942 2326/2326/2307 2329/2329/2310
f 2329/2329/2310 943/943/940 945/945/942
f 2326/2326/2307 2328/2328/2309 2330/2330/2311
f 2330/2330/2311 2329/2329/2310 2326/2326/2307
f 943/943/940 2329/2329/2310 2331/2331/2312
f 900/900/897 943/943/940 2331/2331/2312
f 2329/2329/2310 2330/2330/2311 2332/2332/2313
f 2332/2332/2313 2331/2331/2312 2329/2329/2310
f 2333/2333/2314 900/900/897 2331/2331/2312
f 2331/2331/2312 2332/2332/2313 2333/2333/2314
f 900/900/897 2333/2333/2314 896/896/893
f 2334/2334/2315 2332/2332/2313 2330/2330/2311
f 2335/2335/2316 2330/2330/2311 2328/2328/2309
f 2330/2330/2311 2335/2335/2316 2334/2334/2315
f 2328/2328/2309 2336/2336/2317 2335/2335/2316
f 2336/2336/2317 2328/2328/2309 2327/2327/2308
f 2337/2337/2318 2333/2333/2314 2332/2332/2313
f 2332/2332/2313 2334/2334/2315 2337/2337/2318
f 2333/2333/2314 2337/2337/2318 1492/1492/1480
f 1492/1492/1480 896/896/893 2333/2333/2314
f 2327/2327/2308 2338/2338/2319 2336/2336/2317
f 2338/2338/2319 2327/2327/2308 2325/2325/2306
f 2336/2336/2317 2339/2339/2320 2335/2335/2316
f 2339/2339/2320 2334/2334/2315 2335/2335/2316
f 2338/2338/2319 2340/2340/2321 2336/2336/2317
f 2340/2340/2321 2339/2339/2320 2336/2336/2317
f 2325/2325/2306 2341/2341/2322 2338/2338/2319
f 2340/2340/2321 2338/2338/2319 2342/2342/2323
f 2341/2341/2322 2342/2342/2323 2338/2338/2319
f 2341/2341/2322 2325/2325/2306 2343/2343/2324
f 2322/2322/2303 2343/2343/2324 2325/2325/2306
f 2343/2343/2324 2322/2322/2303 2321/2321/2302
f 2340/2340/2321 2344/2344/2325 2339/2339/2320
f 2321/2321/2302 2345/2345/2326 2343/2343/2324
f 2345/2345/2326 2321/2321/2302 2316/2316/2297
f 2343/2343/2324 2346/2346/2327 2341/2341/2322
f 2346/2346/2327 2343/2343/2324 2345/2345/2326
f 2346/2346/2327 2347/2347/2328 2341/2341/2322
f 2342/2342/2323 2341/2341/2322 2347/2347/2328
f 2342/2342/2323 2348/2348/2329 2340/2340/2321
f 2348/2348/2329 2344/2344/2325 2340/2340/2321
f 2347/2347/2328 2349/2349/2330 2342/2342/2323
f 2348/2348/2329 2342/2342/2323 2349/2349/2330
f 2349/2349/2330 2350/2350/2331 2348/2348/2329
f 2350/2350/2331 2344/2344/2325 2348/2348/2329
f 2349/2349/2330 2347/2347/2328 2351/2351/2332
f 2347/2347/2328 2346/2346/2327 2352/2352/2333
f 2352/2352/2333 2351/2351/2332 2347/2347/2328
f 2353/2353/2334 2354/2354/2335 2355/2355/2336
f 2354/2354/2335 2353/2353/2334 2356/2356/2337
f 2357/2357/2338 2356/2356/2337 2353/2353/2334
f 2358/2358/2339 2353/2353/2334 2355/2355/2336
f 2355/2355/2336 2359/2359/2340 2358/2358/2339
f 2360/2360/2341 2357/2357/2338 2353/2353/2334
f 2353/2353/2334 2358/2358/2339 2360/2360/2341
f 2361/2361/2342 2358/2358/2339 2359/2359/2340
f 2359/2359/2340 2362/2362/2343 2361/2361/2342
f 2363/2363/2344 2360/2360/2341 2358/2358/2339
f 2358/2358/2339 2361/2361/2342 2363/2363/2344
f 2362/2362/2343 2364/2364/2345 2361/2361/2342
f 2364/2364/2345 2363/2363/2344 2361/2361/2342
f 2365/2365/2346 2366/2366/2347 2362/2362/2343
f 2364/2364/2345 2362/2362/2343 2366/2366/2347
f 2366/2366/2347 2365/2365/2346 2367/2367/2348
f 2365/2365/2346 2368/2368/2349 2367/2367/2348
f 2368/2368/2349 2365/2365/2346 2369/2369/2350
f 2367/2367/2348 2370/2370/2351 2366/2366/2347
f 2366/2366/2347 2371/2371/2352 2364/2364/2345
f 2371/2371/2352 2366/2366/2347 2370/2370/2351
f 2370/2370/2351 2367/2367/2348 2372/2372/2353
f 2368/2368/2349 2372/2372/2353 2367/2367/2348
f 2370/2370/2351 2373/2373/2354 2371/2371/2352
f 2369/2369/2350 2374/2374/2355 2368/2368/2349
f 2374/2374/2355 2369/2369/2350 2375/2375/2356
f 2372/2372/2353 2376/2376/2357 2370/2370/2351
f 2373/2373/2354 2370/2370/2351 2376/2376/2357
f 2372/2372/2353 2368/2368/2349 2377/2377/2358
f 2375/2375/2356 2378/2378/2359 2374/2374/2355
f 2376/2376/2357 2372/2372/2353 2379/2379/2360
f 2377/2377/2358 2379/2379/2360 2372/2372/2353
f 2378/2378/2359 2375/2375/2356 2380/2380/2361
f 2368/2368/2349 2381/2381/2362 2377/2377/2358
f 2381/2381/2362 2368/2368/2349 2374/2374/2355
f 2381/2381/2362 2382/2382/2363 2377/2377/2358
f 2379/2379/2360 2377/2377/2358 2382/2382/2363
f 2374/2374/2355 2383/2383/2364 2381/2381/2362
f 2383/2383/2364 2374/2374/2355 2378/2378/2359
f 2382/2382/2363 2381/2381/2362 2384/2384/2365
f 2383/2383/2364 2384/2384/2365 2381/2381/2362
f 2385/2385/2366 2379/2379/2360 2382/2382/2363
f 2384/2384/2365 2385/2385/2366 2382/2382/2363
f 2378/2378/2359 2386/2386/2367 2383/2383/2364
f 2384/2384/2365 2383/2383/2364 2387/2387/2368
f 2386/2386/2367 2387/2387/2368 2383/2383/2364
f 2387/2387/2368 2388/2388/2369 2384/2384/2365
f 2385/2385/2366 2384/2384/2365 2388/2388/2369
f 2380/2380/2361 2389/2389/2370 2378/2378/2359
f 2386/2386/2367 2378/2378/2359 2389/2389/2370
f 2389/2389/2370 2380/2380/2361 2390/2390/2371
f 2387/2387/2368 2386/2386/2367 1248/1248/1239
f 2390/2390/2371 2391/2391/2372 2389/2389/2370
f 2391/2391/2372 2390/2390/2371 2392/2392/2373
f 2389/2389/2370 2393/2393/2374 2386/2386/2367
f 2393/2393/2374 2389/2389/2370 2391/2391/2372
f 2386/2386/2367 1243/1243/1234 1248/1248/1239
f 1243/1243/1234 2386/2386/2367 2393/2393/2374
f 1248/1248/1239 1249/1249/1240 2387/2387/2368
f 2388/2388/2369 2387/2387/2368 1249/1249/1240
f 2391/2391/2372 1240/1240/1231 2393/2393/2374
f 1240/1240/1231 1243/1243/1234 2393/2393/2374
f 2392/2392/2373 2394/2394/2375 2391/2391/2372
f 1240/1240/1231 2391/2391/2372 2394/2394/2375
f 2394/2394/2375 2392/2392/2373 2395/2395/2376
f 2396/2396/2377 2394/2394/2375 2395/2395/2376
f 2395/2395/2376 742/742/739 2396/2396/2377
f 1238/1238/1229 1240/1240/1231 2394/2394/2375
f 2394/2394/2375 2396/2396/2377 1238/1238/1229
f 742/742/739 1237/1237/1228 2396/2396/2377
f 2396/2396/2377 1237/1237/1228 1238/1238/1229
f 1237/1237/1228 742/742/739 2397/2397/2378
f 742/742/739 732/732/729 2397/2397/2378
f 2397/2397/2378 732/732/729 2398/2398/2379
f 732/732/729 727/727/724 2398/2398/2379
f 2398/2398/2379 727/727/724 726/726/723
f 2397/2397/2378 2398/2398/2379 2399/2399/2380
f 1237/1237/1228 2397/2397/2378 2399/2399/2380
f 2398/2398/2379 726/726/723 2400/2400/2381
f 2399/2399/2380 2398/2398/2379 2400/2400/2381
f 2400/2400/2381 726/726/723 710/710/707
f 1237/1237/1228 2399/2399/2380 1225/1225/1216
f 2399/2399/2380 2400/2400/2381 2401/2401/2382
f 1225/1225/1216 2399/2399/2380 2401/2401/2382
f 2400/2400/2381 710/710/707 2402/2402/2383
f 2401/2401/2382 2400/2400/2381 2402/2402/2383
f 2402/2402/2383 710/710/707 708/708/705
f 2402/2402/2383 708/708/705 709/709/706
f 2403/2403/2384 2402/2402/2383 709/709/706
f 2401/2401/2382 2402/2402/2383 2403/2403/2384
f 2403/2403/2384 709/709/706 705/705/702
f 1223/1223/1214 2401/2401/2382 2403/2403/2384
f 1225/1225/1216 2401/2401/2382 1223/1223/1214
f 1220/1220/1211 2403/2403/2384 705/705/702
f 1223/1223/1214 2403/2403/2384 1220/1220/1211
f 2404/2404/2385 2405/2405/2386 2406/2406/2387
f 2406/2406/2387 2405/2405/2386 2407/2407/2388
f 2406/2406/2387 2408/2408/2389 2404/2404/2385
f 2409/2409/2390 2404/2404/2385 2408/2408/2389
f 2408/2408/2389 2410/2410/2391 2409/2409/2390
f 2406/2406/2387 2407/2407/2388 2411/2411/2392
f 2412/2412/2393 2411/2411/2392 2407/2407/2388
f 2411/2411/2392 2412/2412/2393 2413/2413/2394
f 2411/2411/2392 2414/2414/2395 2406/2406/2387
f 2408/2408/2389 2406/2406/2387 2414/2414/2395
f 2410/2410/2391 2408/2408/2389 2415/2415/2396
f 2414/2414/2395 2415/2415/2396 2408/2408/2389
f 2415/2415/2396 2416/2416/2397 2410/2410/2391
f 2414/2414/2395 2411/2411/2392 2417/2417/2398
f 2413/2413/2394 2417/2417/2398 2411/2411/2392
f 2415/2415/2396 2414/2414/2395 2418/2418/2399
f 2417/2417/2398 2418/2418/2399 2414/2414/2395
f 2416/2416/2397 2415/2415/2396 2419/2419/2400
f 2418/2418/2399 2419/2419/2400 2415/2415/2396
f 2417/2417/2398 2413/2413/2394 2420/2420/2401
f 2413/2413/2394 2421/2421/2402 2420/2420/2401
f 2418/2418/2399 2417/2417/2398 2422/2422/2403
f 2422/2422/2403 2417/2417/2398 2420/2420/2401
f 2419/2419/2400 2418/2418/2399 2423/2423/2404
f 2422/2422/2403 2423/2423/2404 2418/2418/2399
f 2419/2419/2400 2424/2424/2405 2416/2416/2397
f 2425/2425/2406 2416/2416/2397 2424/2424/2405
f 2423/2423/2404 2426/2426/2407 2419/2419/2400
f 2424/2424/2405 2419/2419/2400 2426/2426/2407
f 2427/2427/2408 2425/2425/2406 2424/2424/2405
f 2428/2428/2409 2425/2425/2406 2427/2427/2408
f 2426/2426/2407 2429/2429/2410 2424/2424/2405
f 2427/2427/2408 2424/2424/2405 2429/2429/2410
f 2064/2064/2045 2428/2428/2409 2427/2427/2408
f 2429/2429/2410 2060/2060/2041 2427/2427/2408
f 2064/2064/2045 2427/2427/2408 2060/2060/2041
f 2067/2067/2048 2428/2428/2409 2064/2064/2045
f 2060/2060/2041 2429/2429/2410 2057/2057/2038
f 2429/2429/2410 2426/2426/2407 2430/2430/2411
f 2430/2430/2411 2057/2057/2038 2429/2429/2410
f 2430/2430/2411 2426/2426/2407 2431/2431/2412
f 2426/2426/2407 2423/2423/2404 2431/2431/2412
f 2057/2057/2038 2430/2430/2411 2053/2053/2034
f 2432/2432/2413 2431/2431/2412 2423/2423/2404
f 2423/2423/2404 2422/2422/2403 2432/2432/2413
f 2430/2430/2411 2431/2431/2412 2052/2052/2033
f 2053/2053/2034 2430/2430/2411 2052/2052/2033
f 2431/2431/2412 2432/2432/2413 2433/2433/2414
f 2433/2433/2414 2052/2052/2033 2431/2431/2412
f 2432/2432/2413 2422/2422/2403 2434/2434/2415
f 2422/2422/2403 2420/2420/2401 2434/2434/2415
f 2434/2434/2415 2420/2420/2401 2421/2421/2402
f 2432/2432/2413 2434/2434/2415 2435/2435/2416
f 2433/2433/2414 2432/2432/2413 2435/2435/2416
f 2434/2434/2415 2421/2421/2402 2436/2436/2417
f 2435/2435/2416 2434/2434/2415 2436/2436/2417
f 2436/2436/2417 2421/2421/2402 2437/2437/2418
f 2436/2436/2417 2437/2437/2418 2438/2438/2419
f 2438/2438/2419 2437/2437/2418 2439/2439/2420
f 2435/2435/2416 2436/2436/2417 2440/2440/2421
f 2440/2440/2421 2436/2436/2417 2438/2438/2419
f 2433/2433/2414 2435/2435/2416 2441/2441/2422
f 2441/2441/2422 2435/2435/2416 2440/2440/2421
f 2049/2049/2030 2433/2433/2414 2441/2441/2422
f 2052/2052/2033 2433/2433/2414 2049/2049/2030
f 2438/2438/2419 2439/2439/2420 2442/2442/2423
f 2442/2442/2423 2439/2439/2420 2443/2443/2424
f 2440/2440/2421 2438/2438/2419 2444/2444/2425
f 2444/2444/2425 2438/2438/2419 2442/2442/2423
f 2441/2441/2422 2440/2440/2421 2445/2445/2426
f 2445/2445/2426 2440/2440/2421 2444/2444/2425
f 2046/2046/2027 2441/2441/2422 2445/2445/2426
f 2049/2049/2030 2441/2441/2422 2046/2046/2027
f 2442/2442/2423 2443/2443/2424 2029/2029/2010
f 2029/2029/2010 2443/2443/2424 2030/2030/2011
f 2444/2444/2425 2442/2442/2423 2033/2033/2014
f 2033/2033/2014 2442/2442/2423 2029/2029/2010
f 2445/2445/2426 2444/2444/2425 2035/2035/2016
f 2035/2035/2016 2444/2444/2425 2033/2033/2014
f 2038/2038/2019 2445/2445/2426 2035/2035/2016
f 2046/2046/2027 2445/2445/2426 2038/2038/2019
f 2446/2446/2427 2447/2447/2428 383/383/383
f 2448/2448/2429 383/383/383 2447/2447/2428
f 383/383/383 2448/2448/2429 376/376/376
f 2449/2449/2430 2447/2447/2428 2446/2446/2427
f 2446/2446/2427 2450/2450/2431 2449/2449/2430
f 2451/2451/2432 2448/2448/2429 2447/2447/2428
f 2447/2447/2428 2449/2449/2430 2451/2451/2432
f 2452/2452/2433 376/376/376 2448/2448/2429
f 376/376/376 2452/2452/2433 374/374/374
f 375/375/375 374/374/374 2452/2452/2433
f 2453/2453/2434 2452/2452/2433 2448/2448/2429
f 2448/2448/2429 2451/2451/2432 2453/2453/2434
f 2454/2454/2435 375/375/375 2452/2452/2433
f 2452/2452/2433 2453/2453/2434 2454/2454/2435
f 375/375/375 2454/2454/2435 2455/2455/2436
f 2455/2455/2436 370/370/370 375/375/375
f 2456/2456/2437 2454/2454/2435 2453/2453/2434
f 2451/2451/2432 2456/2456/2437 2453/2453/2434
f 2457/2457/2438 2455/2455/2436 2454/2454/2435
f 2454/2454/2435 2456/2456/2437 2457/2457/2438
f 370/370/370 2455/2455/2436 2458/2458/2439
f 2458/2458/2439 365/365/365 370/370/370
f 2455/2455/2436 2457/2457/2438 2459/2459/2440
f 2459/2459/2440 2458/2458/2439 2455/2455/2436
f 934/934/931 2459/2459/2440 2457/2457/2438
f 2456/2456/2437 934/934/931 2457/2457/2438
f 2459/2459/2440 934/934/931 925/925/922
f 2460/2460/2441 934/934/931 2456/2456/2437
f 929/929/926 934/934/931 2460/2460/2441
f 365/365/365 2458/2458/2439 2461/2461/2442
f 2461/2461/2442 349/349/349 365/365/365
f 349/349/349 2461/2461/2442 350/350/350
f 2458/2458/2439 2459/2459/2440 2462/2462/2443
f 2462/2462/2443 2461/2461/2442 2458/2458/2439
f 925/925/922 2462/2462/2443 2459/2459/2440
f 2463/2463/2444 350/350/350 2461/2461/2442
f 2461/2461/2442 2462/2462/2443 2463/2463/2444
f 350/350/350 2463/2463/2444 973/973/970
f 920/920/917 973/973/970 2463/2463/2444
f 2464/2464/2445 2463/2463/2444 2462/2462/2443
f 2463/2463/2444 2464/2464/2445 920/920/917
f 2462/2462/2443 925/925/922 2464/2464/2445
f 916/916/913 920/920/917 2464/2464/2445
f 925/925/922 916/916/913 2464/2464/2445
f 2460/2460/2441 2465/2465/2446 929/929/926
f 932/932/929 929/929/926 2465/2465/2446
f 2465/2465/2446 2460/2460/2441 2466/2466/2447
f 2456/2456/2437 2466/2466/2447 2460/2460/2441
f 2467/2467/2448 932/932/929 2465/2465/2446
f 2466/2466/2447 2456/2456/2437 2468/2468/2449
f 2468/2468/2449 2456/2456/2437 2451/2451/2432
f 2469/2469/2450 2465/2465/2446 2466/2466/2447
f 2468/2468/2449 2469/2469/2450 2466/2466/2447
f 2467/2467/2448 2465/2465/2446 2469/2469/2450
f 2451/2451/2432 2470/2470/2451 2468/2468/2449
f 2469/2469/2450 2468/2468/2449 2470/2470/2451
f 2470/2470/2451 2451/2451/2432 2449/2449/2430
f 2449/2449/2430 2471/2471/2452 2470/2470/2451
f 2471/2471/2452 2469/2469/2450 2470/2470/2451
f 2471/2471/2452 2449/2449/2430 2450/2450/2431
f 2472/2472/2453 2467/2467/2448 2469/2469/2450
f 2469/2469/2450 2471/2471/2452 2472/2472/2453
f 2450/2450/2431 2473/2473/2454 2471/2471/2452
f 2473/2473/2454 2472/2472/2453 2471/2471/2452
f 2473/2473/2454 2450/2450/2431 2474/2474/2455
f 2474/2474/2455 2475/2475/2456 2473/2473/2454
f 2475/2475/2456 2474/2474/2455 2476/2476/2457
f 2472/2472/2453 2473/2473/2454 2477/2477/2458
f 2475/2475/2456 2477/2477/2458 2473/2473/2454
f 2467/2467/2448 2472/2472/2453 2478/2478/2459
f 2477/2477/2458 2478/2478/2459 2472/2472/2453
f 2476/2476/2457 2479/2479/2460 2475/2475/2456
f 2479/2479/2460 2476/2476/2457 2480/2480/2461
f 2477/2477/2458 2475/2475/2456 2481/2481/2462
f 2479/2479/2460 2481/2481/2462 2475/2475/2456
f 2478/2478/2459 2477/2477/2458 2482/2482/2463
f 2481/2481/2462 2482/2482/2463 2477/2477/2458
f 2478/2478/2459 2483/2483/2464 2467/2467/2448
f 2483/2483/2464 932/932/929 2467/2467/2448
f 2482/2482/2463 2484/2484/2465 2478/2478/2459
f 2483/2483/2464 2478/2478/2459 2484/2484/2465
f 2485/2485/2466 932/932/929 2483/2483/2464
f 932/932/929 2485/2485/2466 931/931/928
f 933/933/930 931/931/928 2485/2485/2466
f 2483/2483/2464 2486/2486/2467 2485/2485/2466
f 2486/2486/2467 2483/2483/2464 2484/2484/2465
f 2485/2485/2466 2487/2487/2468 933/933/930
f 2487/2487/2468 2485/2485/2466 2486/2486/2467
f 2313/2313/2294 933/933/930 2487/2487/2468
f 2486/2486/2467 2488/2488/2469 2487/2487/2468
f 2488/2488/2469 2313/2313/2294 2487/2487/2468
f 2484/2484/2465 2489/2489/2470 2486/2486/2467
f 2488/2488/2469 2486/2486/2467 2489/2489/2470
f 2489/2489/2470 2484/2484/2465 2490/2490/2471
f 2484/2484/2465 2482/2482/2463 2490/2490/2471
f 2489/2489/2470 2491/2491/2472 2488/2488/2469
f 2492/2492/2473 2490/2490/2471 2482/2482/2463
f 2482/2482/2463 2481/2481/2462 2492/2492/2473
f 2490/2490/2471 2493/2493/2474 2489/2489/2470
f 2491/2491/2472 2489/2489/2470 2493/2493/2474
f 2490/2490/2471 2492/2492/2473 2494/2494/2475
f 2493/2493/2474 2490/2490/2471 2494/2494/2475
f 2495/2495/2476 2492/2492/2473 2481/2481/2462
f 2481/2481/2462 2479/2479/2460 2495/2495/2476
f 2496/2496/2477 2494/2494/2475 2492/2492/2473
f 2492/2492/2473 2495/2495/2476 2496/2496/2477
f 2494/2494/2475 2497/2497/2478 2493/2493/2474
f 2493/2493/2474 2498/2498/2479 2491/2491/2472
f 2498/2498/2479 2493/2493/2474 2497/2497/2478
f 2497/2497/2478 2494/2494/2475 2499/2499/2480
f 2494/2494/2475 2496/2496/2477 2499/2499/2480
f 2500/2500/2481 2498/2498/2479 2497/2497/2478
f 2499/2499/2480 2500/2500/2481 2497/2497/2478
f 2496/2496/2477 2501/2501/2482 2499/2499/2480
f 2500/2500/2481 2499/2499/2480 2501/2501/2482
f 1217/1217/1208 1216/1216/1207 2502/2502/2483
f 1217/1217/1208 746/746/743 752/752/749
f 746/746/743 1217/1217/1208 2502/2502/2483
f 2502/2502/2483 1216/1216/1207 2503/2503/2484
f 1216/1216/1207 1218/1218/1209 2503/2503/2484
f 2502/2502/2483 745/745/742 746/746/743
f 2502/2502/2483 2503/2503/2484 2107/2107/2088
f 745/745/742 2502/2502/2483 2107/2107/2088
f 2503/2503/2484 1218/1218/1209 2504/2504/2485
f 2107/2107/2088 2503/2503/2484 2106/2106/2087
f 2503/2503/2484 2504/2504/2485 2106/2106/2087
f 1218/1218/1209 2505/2505/2486 2504/2504/2485
f 1218/1218/1209 1210/1210/1201 2505/2505/2486
f 1210/1210/1201 2506/2506/2487 2505/2505/2486
f 1210/1210/1201 1207/1207/1198 2506/2506/2487
f 1207/1207/1198 1206/1206/1197 2506/2506/2487
f 2506/2506/2487 1206/1206/1197 2507/2507/2488
f 2505/2505/2486 2506/2506/2487 2508/2508/2489
f 2506/2506/2487 2507/2507/2488 2508/2508/2489
f 1206/1206/1197 1205/1205/1196 2507/2507/2488
f 2505/2505/2486 2508/2508/2489 2509/2509/2490
f 2504/2504/2485 2505/2505/2486 2509/2509/2490
f 2508/2508/2489 2507/2507/2488 2510/2510/2491
f 2504/2504/2485 2509/2509/2490 2511/2511/2492
f 2106/2106/2087 2504/2504/2485 2511/2511/2492
f 2509/2509/2490 2508/2508/2489 2512/2512/2493
f 2508/2508/2489 2510/2510/2491 2512/2512/2493
f 2511/2511/2492 2509/2509/2490 2513/2513/2494
f 2509/2509/2490 2512/2512/2493 2513/2513/2494
f 2106/2106/2087 2511/2511/2492 2067/2067/2048
f 2507/2507/2488 2514/2514/2495 2510/2510/2491
f 2507/2507/2488 1205/1205/1196 2514/2514/2495
f 2512/2512/2493 2510/2510/2491 2515/2515/2496
f 2511/2511/2492 2513/2513/2494 2428/2428/2409
f 2428/2428/2409 2067/2067/2048 2511/2511/2492
f 2513/2513/2494 2512/2512/2493 2516/2516/2497
f 2512/2512/2493 2515/2515/2496 2516/2516/2497
f 2425/2425/2406 2428/2428/2409 2513/2513/2494
f 2513/2513/2494 2516/2516/2497 2425/2425/2406
f 2510/2510/2491 2517/2517/2498 2515/2515/2496
f 2510/2510/2491 2514/2514/2495 2517/2517/2498
f 2410/2410/2391 2516/2516/2497 2515/2515/2496
f 2416/2416/2397 2425/2425/2406 2516/2516/2497
f 2516/2516/2497 2410/2410/2391 2416/2416/2397
f 2515/2515/2496 2517/2517/2498 2409/2409/2390
f 2515/2515/2496 2409/2409/2390 2410/2410/2391
f 2514/2514/2495 2518/2518/2499 2517/2517/2498
f 2517/2517/2498 2519/2519/2500 2409/2409/2390
f 2517/2517/2498 2518/2518/2499 2519/2519/2500
f 2514/2514/2495 2520/2520/2501 2518/2518/2499
f 1205/1205/1196 2520/2520/2501 2514/2514/2495
f 2521/2521/2502 2519/2519/2500 2518/2518/2499
f 2520/2520/2501 2521/2521/2502 2518/2518/2499
f 1205/1205/1196 2522/2522/2503 2520/2520/2501
f 1205/1205/1196 1201/1201/1192 2522/2522/2503
f 1201/1201/1192 1834/1834/1818 2522/2522/2503
f 2522/2522/2503 1834/1834/1818 1835/1835/1819
f 2522/2522/2503 1835/1835/1819 2520/2520/2501
f 2520/2520/2501 1835/1835/1819 2521/2521/2502
f 1835/1835/1819 1832/1832/1816 2521/2521/2502
f 2521/2521/2502 1832/1832/1816 2523/2523/2504
f 1832/1832/1816 1830/1830/1814 2523/2523/2504
f 2521/2521/2502 2523/2523/2504 2524/2524/2505
f 2519/2519/2500 2521/2521/2502 2524/2524/2505
f 2525/2525/2506 2523/2523/2504 1830/1830/1814
f 1830/1830/1814 1673/1673/1661 2525/2525/2506
f 2524/2524/2505 2404/2404/2385 2519/2519/2500
f 2409/2409/2390 2519/2519/2500 2404/2404/2385
f 2524/2524/2505 2523/2523/2504 2526/2526/2507
f 2523/2523/2504 2525/2525/2506 2526/2526/2507
f 2525/2525/2506 1673/1673/1661 2527/2527/2508
f 2527/2527/2508 2526/2526/2507 2525/2525/2506
f 2527/2527/2508 1673/1673/1661 1674/1674/1662
f 2528/2528/2509 2527/2527/2508 1674/1674/1662
f 2528/2528/2509 2529/2529/2510 2527/2527/2508
f 2526/2526/2507 2527/2527/2508 2529/2529/2510
f 2529/2529/2510 2528/2528/2509 2530/2530/2511
f 2524/2524/2505 2526/2526/2507 2531/2531/2512
f 2529/2529/2510 2531/2531/2512 2526/2526/2507
f 2404/2404/2385 2524/2524/2505 2531/2531/2512
f 2405/2405/2386 2529/2529/2510 2530/2530/2511
f 2531/2531/2512 2529/2529/2510 2405/2405/2386
f 2404/2404/2385 2531/2531/2512 2405/2405/2386
f 2532/2532/2513 2533/2533/2514 2534/2534/2515
f 2533/2533/2514 2535/2535/2516 2534/2534/2515
f 2536/2536/2517 1500/1500/1488 2532/2532/2513
f 2532/2532/2513 2534/2534/2515 2536/2536/2517
f 1500/1500/1488 2536/2536/2517 1499/1499/1487
f 1501/1501/1489 1499/1499/1487 2536/2536/2517
f 2536/2536/2517 2537/2537/2518 1501/1501/1489
f 2536/2536/2517 2534/2534/2515 2537/2537/2518
f 1501/1501/1489 2537/2537/2518 1592/1592/1580
f 2534/2534/2515 2535/2535/2516 2538/2538/2519
f 2534/2534/2515 2538/2538/2519 2537/2537/2518
f 2535/2535/2516 2539/2539/2520 2538/2538/2519
f 2537/2537/2518 2540/2540/2521 1592/1592/1580
f 2537/2537/2518 2538/2538/2519 2540/2540/2521
f 1592/1592/1580 2540/2540/2521 1595/1595/1583
f 2538/2538/2519 2539/2539/2520 2541/2541/2522
f 2538/2538/2519 2541/2541/2522 2540/2540/2521
f 2539/2539/2520 2542/2542/2523 2541/2541/2522
f 2540/2540/2521 2543/2543/2524 1595/1595/1583
f 2540/2540/2521 2541/2541/2522 2543/2543/2524
f 1595/1595/1583 2543/2543/2524 2168/2168/2149
f 2541/2541/2522 2542/2542/2523 2544/2544/2525
f 2541/2541/2522 2544/2544/2525 2543/2543/2524
f 2542/2542/2523 2545/2545/2526 2544/2544/2525
f 2543/2543/2524 2546/2546/2527 2168/2168/2149
f 2543/2543/2524 2544/2544/2525 2546/2546/2527
f 2544/2544/2525 2545/2545/2526 2547/2547/2528
f 2544/2544/2525 2547/2547/2528 2546/2546/2527
f 2545/2545/2526 2548/2548/2529 2547/2547/2528
f 2547/2547/2528 2548/2548/2529 2549/2549/2530
f 2547/2547/2528 2549/2549/2530 2550/2550/2531
f 2546/2546/2527 2547/2547/2528 2550/2550/2531
f 2550/2550/2531 2549/2549/2530 2551/2551/2532
f 2168/2168/2149 2546/2546/2527 2552/2552/2533
f 2546/2546/2527 2550/2550/2531 2552/2552/2533
f 2168/2168/2149 2552/2552/2533 2167/2167/2148
f 2550/2550/2531 2551/2551/2532 2553/2553/2534
f 2552/2552/2533 2550/2550/2531 2553/2553/2534
f 2554/2554/2535 435/435/435 430/430/430
f 434/434/434 2555/2555/2536 433/433/433
f 433/433/433 2556/2556/2537 431/431/431
f 2555/2555/2536 2556/2556/2537 433/433/433
f 2556/2556/2537 2557/2557/2538 431/431/431
f 431/431/431 2557/2557/2538 432/432/432
f 435/435/435 2558/2558/2539 434/434/434
f 2558/2558/2539 2555/2555/2536 434/434/434
f 2559/2559/2540 2558/2558/2539 435/435/435
f 2554/2554/2535 2559/2559/2540 435/435/435
f 2557/2557/2538 2560/2560/2541 432/432/432
f 615/615/612 432/432/432 2560/2560/2541
f 2557/2557/2538 2561/2561/2542 2560/2560/2541
f 2560/2560/2541 2562/2562/2543 615/615/612
f 2561/2561/2542 2562/2562/2543 2560/2560/2541
f 2562/2562/2543 2563/2563/2544 615/615/612
f 615/615/612 2563/2563/2544 608/608/605
f 607/607/604 608/608/605 2563/2563/2544
f 2564/2564/2545 607/607/604 2563/2563/2544
f 2562/2562/2543 2564/2564/2545 2563/2563/2544
f 2564/2564/2545 604/604/601 607/607/604
f 604/604/601 2564/2564/2545 610/610/607
f 2565/2565/2546 2564/2564/2545 2562/2562/2543
f 2565/2565/2546 610/610/607 2564/2564/2545
f 2561/2561/2542 2565/2565/2546 2562/2562/2543
f 610/610/607 2565/2565/2546 2566/2566/2547
f 2566/2566/2547 591/591/588 610/610/607
f 585/585/584 591/591/588 2566/2566/2547
f 2567/2567/2548 2566/2566/2547 2565/2565/2546
f 2567/2567/2548 2565/2565/2546 2561/2561/2542
f 2568/2568/2549 585/585/584 2566/2566/2547
f 2566/2566/2547 2567/2567/2548 2568/2568/2549
f 2569/2569/2550 585/585/584 2568/2568/2549
f 585/585/584 2569/2569/2550 582/582/581
f 584/584/583 582/582/581 2569/2569/2550
f 2568/2568/2549 2570/2570/2551 2569/2569/2550
f 2570/2570/2551 584/584/583 2569/2569/2550
f 2570/2570/2551 2568/2568/2549 2567/2567/2548
f 2571/2571/2552 2567/2567/2548 2561/2561/2542
f 2570/2570/2551 2567/2567/2548 2571/2571/2552
f 2571/2571/2552 2561/2561/2542 2557/2557/2538
f 2556/2556/2537 2571/2571/2552 2557/2557/2538
f 2572/2572/2553 2571/2571/2552 2556/2556/2537
f 2572/2572/2553 2570/2570/2551 2571/2571/2552
f 2555/2555/2536 2572/2572/2553 2556/2556/2537
f 584/584/583 2570/2570/2551 2573/2573/2554
f 2573/2573/2554 2570/2570/2551 2572/2572/2553
f 2573/2573/2554 579/579/578 584/584/583
f 2574/2574/2555 2572/2572/2553 2555/2555/2536
f 2574/2574/2555 2573/2573/2554 2572/2572/2553
f 2558/2558/2539 2574/2574/2555 2555/2555/2536
f 579/579/578 2573/2573/2554 2575/2575/2556
f 2575/2575/2556 2573/2573/2554 2574/2574/2555
f 2575/2575/2556 578/578/577 579/579/578
f 2576/2576/2557 2574/2574/2555 2558/2558/2539
f 2576/2576/2557 2575/2575/2556 2574/2574/2555
f 2559/2559/2540 2576/2576/2557 2558/2558/2539
f 578/578/577 2575/2575/2556 2577/2577/2558
f 2577/2577/2558 2575/2575/2556 2576/2576/2557
f 2577/2577/2558 565/565/564 578/578/577
f 565/565/564 2577/2577/2558 2578/2578/2559
f 2579/2579/2560 2577/2577/2558 2576/2576/2557
f 2579/2579/2560 2576/2576/2557 2559/2559/2540
f 2579/2579/2560 2578/2578/2559 2577/2577/2558
f 565/565/564 2578/2578/2559 2580/2580/2561
f 2581/2581/2562 2579/2579/2560 2559/2559/2540
f 2581/2581/2562 2559/2559/2540 2554/2554/2535
f 2578/2578/2559 2579/2579/2560 2582/2582/2563
f 2581/2581/2562 2582/2582/2563 2579/2579/2560
f 2578/2578/2559 2583/2583/2564 2580/2580/2561
f 2582/2582/2563 2584/2584/2565 2578/2578/2559
f 2578/2578/2559 2584/2584/2565 2583/2583/2564
f 2585/2585/2566 2580/2580/2561 2583/2583/2564
f 2580/2580/2561 2585/2585/2566 2586/2586/2567
f 2584/2584/2565 2587/2587/2568 2583/2583/2564
f 2583/2583/2564 2587/2587/2568 2585/2585/2566
f 2582/2582/2563 2588/2588/2569 2584/2584/2565
f 2588/2588/2569 2587/2587/2568 2584/2584/2565
f 2589/2589/2570 2586/2586/2567 2585/2585/2566
f 2587/2587/2568 2589/2589/2570 2585/2585/2566
f 2586/2586/2567 2589/2589/2570 2590/2590/2571
f 2591/2591/2572 2590/2590/2571 2589/2589/2570
f 2589/2589/2570 2587/2587/2568 2592/2592/2573
f 2592/2592/2573 2591/2591/2572 2589/2589/2570
f 2587/2587/2568 2588/2588/2569 2593/2593/2574
f 2593/2593/2574 2592/2592/2573 2587/2587/2568
f 2591/2591/2572 2592/2592/2573 2594/2594/2575
f 2595/2595/2576 2591/2591/2572 2594/2594/2575
f 2592/2592/2573 2593/2593/2574 2596/2596/2577
f 2596/2596/2577 2594/2594/2575 2592/2592/2573
f 2597/2597/2578 2595/2595/2576 2594/2594/2575
f 2594/2594/2575 2596/2596/2577 2597/2597/2578
f 2598/2598/2579 2593/2593/2574 2588/2588/2569
f 2599/2599/2580 2596/2596/2577 2593/2593/2574
f 2593/2593/2574 2598/2598/2579 2599/2599/2580
f 2596/2596/2577 2599/2599/2580 2600/2600/2581
f 2600/2600/2581 2597/2597/2578 2596/2596/2577
f 2601/2601/2582 2599/2599/2580 2598/2598/2579
f 2602/2602/2583 2598/2598/2579 2588/2588/2569
f 2602/2602/2583 2588/2588/2569 2582/2582/2563
f 2582/2582/2563 2581/2581/2562 2602/2602/2583
f 2603/2603/2584 2598/2598/2579 2602/2602/2583
f 2603/2603/2584 2601/2601/2582 2598/2598/2579
f 2604/2604/2585 2602/2602/2583 2581/2581/2562
f 2602/2602/2583 2604/2604/2585 2603/2603/2584
f 2604/2604/2585 2581/2581/2562 2554/2554/2535
f 2604/2604/2585 2554/2554/2535 2605/2605/2586
f 2605/2605/2586 2554/2554/2535 430/430/430
f 2605/2605/2586 430/430/430 425/425/425
f 2606/2606/2587 2604/2604/2585 2605/2605/2586
f 2606/2606/2587 2603/2603/2584 2604/2604/2585
f 2607/2607/2588 2605/2605/2586 425/425/425
f 2606/2606/2587 2605/2605/2586 2607/2607/2588
f 2607/2607/2588 425/425/425 413/413/413
f 412/412/412 2607/2607/2588 413/413/413
f 2608/2608/2589 2607/2607/2588 412/412/412
f 2608/2608/2589 2606/2606/2587 2607/2607/2588
f 398/398/398 2608/2608/2589 412/412/412
f 2603/2603/2584 2606/2606/2587 2609/2609/2590
f 2601/2601/2582 2603/2603/2584 2609/2609/2590
f 2610/2610/2591 2606/2606/2587 2608/2608/2589
f 398/398/398 2610/2610/2591 2608/2608/2589
f 2610/2610/2591 2609/2609/2590 2606/2606/2587
f 2610/2610/2591 398/398/398 2611/2611/2592
f 397/397/397 2611/2611/2592 398/398/398
f 2610/2610/2591 2612/2612/2593 2609/2609/2590
f 2609/2609/2590 2612/2612/2593 2601/2601/2582
f 2613/2613/2594 2610/2610/2591 2611/2611/2592
f 2610/2610/2591 2613/2613/2594 2612/2612/2593
f 2614/2614/2595 2611/2611/2592 397/397/397
f 2611/2611/2592 2614/2614/2595 2613/2613/2594
f 393/393/393 2614/2614/2595 397/397/397
f 2614/2614/2595 393/393/393 2615/2615/2596
f 393/393/393 394/394/394 2615/2615/2596
f 2614/2614/2595 2616/2616/2597 2613/2613/2594
f 2615/2615/2596 2616/2616/2597 2614/2614/2595
f 2613/2613/2594 2617/2617/2598 2612/2612/2593
f 2613/2613/2594 2616/2616/2597 2617/2617/2598
f 2616/2616/2597 2615/2615/2596 2618/2618/2599
f 394/394/394 2618/2618/2599 2615/2615/2596
f 2619/2619/2600 2617/2617/2598 2616/2616/2597
f 2618/2618/2599 2619/2619/2600 2616/2616/2597
f 2612/2612/2593 2617/2617/2598 2620/2620/2601
f 2620/2620/2601 2601/2601/2582 2612/2612/2593
f 2617/2617/2598 2619/2619/2600 2621/2621/2602
f 2621/2621/2602 2620/2620/2601 2617/2617/2598
f 2601/2601/2582 2620/2620/2601 2622/2622/2603
f 2599/2599/2580 2601/2601/2582 2622/2622/2603
f 2622/2622/2603 2600/2600/2581 2599/2599/2580
f 2623/2623/2604 2622/2622/2603 2620/2620/2601
f 2620/2620/2601 2621/2621/2602 2623/2623/2604
f 2600/2600/2581 2622/2622/2603 2624/2624/2605
f 2622/2622/2603 2623/2623/2604 2624/2624/2605
f 2621/2621/2602 2625/2625/2606 2623/2623/2604
f 2625/2625/2606 2624/2624/2605 2623/2623/2604
f 2626/2626/2607 2600/2600/2581 2624/2624/2605
f 2624/2624/2605 2625/2625/2606 2626/2626/2607
f 2600/2600/2581 2626/2626/2607 2627/2627/2608
f 2597/2597/2578 2600/2600/2581 2627/2627/2608
f 2628/2628/2609 2626/2626/2607 2625/2625/2606
f 2629/2629/2610 2627/2627/2608 2626/2626/2607
f 2626/2626/2607 2628/2628/2609 2629/2629/2610
f 2627/2627/2608 2629/2629/2610 2630/2630/2611
f 2630/2630/2611 2597/2597/2578 2627/2627/2608
f 2597/2597/2578 2630/2630/2611 2631/2631/2612
f 2595/2595/2576 2597/2597/2578 2631/2631/2612
f 2632/2632/2613 2595/2595/2576 2631/2631/2612
f 2595/2595/2576 2632/2632/2613 2633/2633/2614
f 2634/2634/2615 2633/2633/2614 2632/2632/2613
f 2631/2631/2612 2635/2635/2616 2632/2632/2613
f 2635/2635/2616 2631/2631/2612 2630/2630/2611
f 2632/2632/2613 2636/2636/2617 2634/2634/2615
f 2636/2636/2617 2632/2632/2613 2635/2635/2616
f 2637/2637/2618 2634/2634/2615 2636/2636/2617
f 2630/2630/2611 2638/2638/2619 2635/2635/2616
f 2638/2638/2619 2630/2630/2611 2629/2629/2610
f 2635/2635/2616 2639/2639/2620 2636/2636/2617
f 2639/2639/2620 2635/2635/2616 2638/2638/2619
f 2636/2636/2617 2640/2640/2621 2637/2637/2618
f 2640/2640/2621 2636/2636/2617 2639/2639/2620
f 2641/2641/2622 2637/2637/2618 2640/2640/2621
f 2637/2637/2618 2641/2641/2622 2642/2642/2623
f 2643/2643/2624 2642/2642/2623 2641/2641/2622
f 2629/2629/2610 2644/2644/2625 2638/2638/2619
f 2644/2644/2625 2629/2629/2610 2628/2628/2609
f 2638/2638/2619 2645/2645/2626 2639/2639/2620
f 2645/2645/2626 2638/2638/2619 2644/2644/2625
f 2641/2641/2622 2646/2646/2627 2643/2643/2624
f 2647/2647/2628 2639/2639/2620 2645/2645/2626
f 2639/2639/2620 2647/2647/2628 2640/2640/2621
f 2640/2640/2621 2648/2648/2629 2641/2641/2622
f 2648/2648/2629 2640/2640/2621 2647/2647/2628
f 2646/2646/2627 2641/2641/2622 2648/2648/2629
f 2649/2649/2630 2643/2643/2624 2646/2646/2627
f 2645/2645/2626 2650/2650/2631 2647/2647/2628
f 2647/2647/2628 2651/2651/2632 2648/2648/2629
f 2651/2651/2632 2647/2647/2628 2650/2650/2631
f 2648/2648/2629 2652/2652/2633 2646/2646/2627
f 2652/2652/2633 2648/2648/2629 2651/2651/2632
f 2646/2646/2627 2653/2653/2634 2649/2649/2630
f 2653/2653/2634 2646/2646/2627 2652/2652/2633
f 2653/2653/2634 2654/2654/2635 2649/2649/2630
f 2649/2649/2630 2654/2654/2635 2655/2655/2636
f 2656/2656/2637 2655/2655/2636 2654/2654/2635
f 2653/2653/2634 2657/2657/2638 2654/2654/2635
f 2654/2654/2635 2658/2658/2639 2656/2656/2637
f 2657/2657/2638 2658/2658/2639 2654/2654/2635
f 2659/2659/2640 2656/2656/2637 2658/2658/2639
f 2656/2656/2637 2659/2659/2640 2660/2660/2641
f 2652/2652/2633 2661/2661/2642 2653/2653/2634
f 2661/2661/2642 2657/2657/2638 2653/2653/2634
f 2661/2661/2642 2652/2652/2633 2662/2662/2643
f 2651/2651/2632 2662/2662/2643 2652/2652/2633
f 2663/2663/2644 2660/2660/2641 2659/2659/2640
f 2660/2660/2641 2663/2663/2644 2664/2664/2645
f 2662/2662/2643 2651/2651/2632 2665/2665/2646
f 2650/2650/2631 2665/2665/2646 2651/2651/2632
f 2666/2666/2647 2661/2661/2642 2662/2662/2643
f 2667/2667/2648 2664/2664/2645 2663/2663/2644
f 2664/2664/2645 2667/2667/2648 2500/2500/2481
f 2498/2498/2479 2500/2500/2481 2667/2667/2648
f 2668/2668/2649 2662/2662/2643 2665/2665/2646
f 2662/2662/2643 2668/2668/2649 2666/2666/2647
f 2667/2667/2648 2669/2669/2650 2498/2498/2479
f 2669/2669/2650 2491/2491/2472 2498/2498/2479
f 2663/2663/2644 2670/2670/2651 2667/2667/2648
f 2669/2669/2650 2667/2667/2648 2670/2670/2651
f 2670/2670/2651 2663/2663/2644 2671/2671/2652
f 2659/2659/2640 2671/2671/2652 2663/2663/2644
f 2670/2670/2651 2672/2672/2653 2669/2669/2650
f 2491/2491/2472 2669/2669/2650 2673/2673/2654
f 2672/2672/2653 2673/2673/2654 2669/2669/2650
f 2673/2673/2654 2488/2488/2469 2491/2491/2472
f 2672/2672/2653 2670/2670/2651 2674/2674/2655
f 2671/2671/2652 2674/2674/2655 2670/2670/2651
f 2488/2488/2469 2673/2673/2654 2675/2675/2656
f 2313/2313/2294 2488/2488/2469 2675/2675/2656
f 2673/2673/2654 2672/2672/2653 2311/2311/2292
f 2311/2311/2292 2675/2675/2656 2673/2673/2654
f 2674/2674/2655 2312/2312/2293 2672/2672/2653
f 2312/2312/2293 2311/2311/2292 2672/2672/2653
f 2310/2310/2291 2313/2313/2294 2675/2675/2656
f 2675/2675/2656 2311/2311/2292 2310/2310/2291
f 1255/1255/1246 1256/1256/1247 2676/2676/2657
f 2676/2676/2657 1258/1258/1249 1255/1255/1246
f 2677/2677/2658 2676/2676/2657 1256/1256/1247
f 1256/1256/1247 1257/1257/1248 2677/2677/2658
f 2678/2678/2659 1249/1249/1240 1258/1258/1249
f 1249/1249/1240 2678/2678/2659 2388/2388/2369
f 1258/1258/1249 2676/2676/2657 2679/2679/2660
f 2679/2679/2660 2678/2678/2659 1258/1258/1249
f 2676/2676/2657 2677/2677/2658 2680/2680/2661
f 2680/2680/2661 2679/2679/2660 2676/2676/2657
f 1257/1257/1248 2198/2198/2179 2677/2677/2658
f 2198/2198/2179 2680/2680/2661 2677/2677/2658
f 2681/2681/2662 2388/2388/2369 2678/2678/2659
f 2388/2388/2369 2681/2681/2662 2385/2385/2366
f 2678/2678/2659 2679/2679/2660 2682/2682/2663
f 2682/2682/2663 2681/2681/2662 2678/2678/2659
f 2679/2679/2660 2680/2680/2661 2683/2683/2664
f 2683/2683/2664 2682/2682/2663 2679/2679/2660
f 2680/2680/2661 2198/2198/2179 2684/2684/2665
f 2684/2684/2665 2683/2683/2664 2680/2680/2661
f 2193/2193/2174 2684/2684/2665 2198/2198/2179
f 2682/2682/2663 2683/2683/2664 2685/2685/2666
f 2681/2681/2662 2682/2682/2663 2686/2686/2667
f 2685/2685/2666 2686/2686/2667 2682/2682/2663
f 2686/2686/2667 2687/2687/2668 2681/2681/2662
f 2687/2687/2668 2385/2385/2366 2681/2681/2662
f 2683/2683/2664 2684/2684/2665 2688/2688/2669
f 2688/2688/2669 2685/2685/2666 2683/2683/2664
f 2689/2689/2670 2688/2688/2669 2684/2684/2665
f 2684/2684/2665 2193/2193/2174 2689/2689/2670
f 2385/2385/2366 2687/2687/2668 2690/2690/2671
f 2379/2379/2360 2385/2385/2366 2690/2690/2671
f 2691/2691/2672 2379/2379/2360 2690/2690/2671
f 2379/2379/2360 2691/2691/2672 2376/2376/2357
f 2692/2692/2673 2690/2690/2671 2687/2687/2668
f 2690/2690/2671 2692/2692/2673 2691/2691/2672
f 2693/2693/2674 2692/2692/2673 2687/2687/2668
f 2687/2687/2668 2686/2686/2667 2693/2693/2674
f 2694/2694/2675 2376/2376/2357 2691/2691/2672
f 2376/2376/2357 2694/2694/2675 2373/2373/2354
f 2695/2695/2676 2691/2691/2672 2692/2692/2673
f 2691/2691/2672 2695/2695/2676 2694/2694/2675
f 2696/2696/2677 2695/2695/2676 2692/2692/2673
f 2692/2692/2673 2693/2693/2674 2696/2696/2677
f 2697/2697/2678 2693/2693/2674 2686/2686/2667
f 2686/2686/2667 2685/2685/2666 2697/2697/2678
f 2693/2693/2674 2698/2698/2679 2696/2696/2677
f 2695/2695/2676 2696/2696/2677 2699/2699/2680
f 2698/2698/2679 2699/2699/2680 2696/2696/2677
f 2693/2693/2674 2697/2697/2678 2700/2700/2681
f 2698/2698/2679 2693/2693/2674 2700/2700/2681
f 2699/2699/2680 2701/2701/2682 2695/2695/2676
f 2701/2701/2682 2694/2694/2675 2695/2695/2676
f 2699/2699/2680 2698/2698/2679 2702/2702/2683
f 2694/2694/2675 2701/2701/2682 2703/2703/2684
f 2703/2703/2684 2373/2373/2354 2694/2694/2675
f 1622/1622/1610 2704/2704/2685 2305/2305/2286
f 2305/2305/2286 2705/2705/2686 2306/2306/2287
f 2705/2705/2686 2305/2305/2286 2704/2704/2685
f 2306/2306/2287 2706/2706/2687 2307/2307/2288
f 2706/2706/2687 2306/2306/2287 2705/2705/2686
f 2307/2307/2288 2707/2707/2688 2308/2308/2289
f 2707/2707/2688 2307/2307/2288 2706/2706/2687
f 2708/2708/2689 2308/2308/2289 2707/2707/2688
f 2709/2709/2690 2304/2304/2285 2308/2308/2289
f 2308/2308/2289 2708/2708/2689 2709/2709/2690
f 2304/2304/2285 2709/2709/2690 2710/2710/2691
f 2710/2710/2691 2300/2300/2281 2304/2304/2285
f 2300/2300/2281 2710/2710/2691 2711/2711/2692
f 2711/2711/2692 2290/2290/2271 2300/2300/2281
f 2290/2290/2271 2711/2711/2692 2286/2286/2267
f 2287/2287/2268 2286/2286/2267 2711/2711/2692
f 2710/2710/2691 2712/2712/2693 2711/2711/2692
f 2287/2287/2268 2711/2711/2692 2712/2712/2693
f 2709/2709/2690 2713/2713/2694 2710/2710/2691
f 2712/2712/2693 2710/2710/2691 2713/2713/2694
f 2713/2713/2694 2709/2709/2690 2714/2714/2695
f 2708/2708/2689 2714/2714/2695 2709/2709/2690
f 2715/2715/2696 2712/2712/2693 2713/2713/2694
f 2712/2712/2693 2716/2716/2697 2287/2287/2268
f 2283/2283/2264 2287/2287/2268 2716/2716/2697
f 2716/2716/2697 2712/2712/2693 2717/2717/2698
f 2717/2717/2698 2712/2712/2693 2715/2715/2696
f 2716/2716/2697 2718/2718/2699 2283/2283/2264
f 2279/2279/2260 2283/2283/2264 2718/2718/2699
f 2717/2717/2698 2719/2719/2700 2716/2716/2697
f 2718/2718/2699 2716/2716/2697 2719/2719/2700
f 2715/2715/2696 2720/2720/2701 2717/2717/2698
f 2719/2719/2700 2717/2717/2698 2720/2720/2701
f 2721/2721/2702 2279/2279/2260 2718/2718/2699
f 2274/2274/2255 2279/2279/2260 2721/2721/2702
f 2722/2722/2703 2718/2718/2699 2719/2719/2700
f 2721/2721/2702 2718/2718/2699 2722/2722/2703
f 2723/2723/2704 2719/2719/2700 2720/2720/2701
f 2722/2722/2703 2719/2719/2700 2723/2723/2704
f 2720/2720/2701 2715/2715/2696 2724/2724/2705
f 2725/2725/2706 2721/2721/2702 2722/2722/2703
f 2723/2723/2704 2720/2720/2701 2726/2726/2707
f 2726/2726/2707 2720/2720/2701 2724/2724/2705
f 2727/2727/2708 2722/2722/2703 2723/2723/2704
f 2725/2725/2706 2722/2722/2703 2727/2727/2708
f 2728/2728/2709 2723/2723/2704 2726/2726/2707
f 2727/2727/2708 2723/2723/2704 2728/2728/2709
f 2729/2729/2710 2721/2721/2702 2725/2725/2706
f 2729/2729/2710 2274/2274/2255 2721/2721/2702
f 2032/2032/2013 2725/2725/2706 2727/2727/2708
f 2730/2730/2711 2274/2274/2255 2729/2729/2710
f 2730/2730/2711 2271/2271/2252 2274/2274/2255
f 2272/2272/2253 2271/2271/2252 2730/2730/2711
f 2030/2030/2011 2729/2729/2710 2725/2725/2706
f 2030/2030/2011 2725/2725/2706 2032/2032/2013
f 2443/2443/2424 2730/2730/2711 2729/2729/2710
f 2443/2443/2424 2729/2729/2710 2030/2030/2011
f 2439/2439/2420 2272/2272/2253 2730/2730/2711
f 2439/2439/2420 2730/2730/2711 2443/2443/2424
f 2437/2437/2418 2272/2272/2253 2439/2439/2420
f 2437/2437/2418 2731/2731/2712 2272/2272/2253
f 2269/2269/2250 2272/2272/2253 2731/2731/2712
f 2732/2732/2713 2269/2269/2250 2731/2731/2712
f 2437/2437/2418 2732/2732/2713 2731/2731/2712
f 2732/2732/2713 2733/2733/2714 2269/2269/2250
f 2733/2733/2714 2266/2266/2247 2269/2269/2250
f 2732/2732/2713 2437/2437/2418 2421/2421/2402
f 2413/2413/2394 2733/2733/2714 2732/2732/2713
f 2421/2421/2402 2413/2413/2394 2732/2732/2713
f 2266/2266/2247 2733/2733/2714 2734/2734/2715
f 2734/2734/2715 2264/2264/2245 2266/2266/2247
f 2412/2412/2393 2734/2734/2715 2733/2733/2714
f 2733/2733/2714 2413/2413/2394 2412/2412/2393
f 2264/2264/2245 2734/2734/2715 2735/2735/2716
f 2735/2735/2716 2263/2263/2244 2264/2264/2245
f 2734/2734/2715 2412/2412/2393 2736/2736/2717
f 2736/2736/2717 2735/2735/2716 2734/2734/2715
f 2737/2737/2718 2263/2263/2244 2735/2735/2716
f 2735/2735/2716 2736/2736/2717 2737/2737/2718
f 2263/2263/2244 2737/2737/2718 2738/2738/2719
f 2407/2407/2388 2736/2736/2717 2412/2412/2393
f 2530/2530/2511 2737/2737/2718 2736/2736/2717
f 2407/2407/2388 2530/2530/2511 2736/2736/2717
f 2737/2737/2718 2530/2530/2511 2528/2528/2509
f 2528/2528/2509 2738/2738/2719 2737/2737/2718
f 2405/2405/2386 2530/2530/2511 2407/2407/2388
f 2738/2738/2719 2739/2739/2720 2263/2263/2244
f 2263/2263/2244 2739/2739/2720 2255/2255/2236
f 2252/2252/2233 2255/2255/2236 2739/2739/2720
f 2739/2739/2720 2740/2740/2721 2252/2252/2233
f 2256/2256/2237 2252/2252/2233 2740/2740/2721
f 2738/2738/2719 2741/2741/2722 2739/2739/2720
f 2740/2740/2721 2739/2739/2720 2741/2741/2722
f 2742/2742/2723 2741/2741/2722 2738/2738/2719
f 2738/2738/2719 2528/2528/2509 2742/2742/2723
f 2741/2741/2722 2743/2743/2724 2740/2740/2721
f 2740/2740/2721 2744/2744/2725 2256/2256/2237
f 2744/2744/2725 2740/2740/2721 2743/2743/2724
f 2742/2742/2723 2745/2745/2726 2741/2741/2722
f 2743/2743/2724 2741/2741/2722 2745/2745/2726
f 2528/2528/2509 1674/1674/1662 2742/2742/2723
f 1674/1674/1662 2745/2745/2726 2742/2742/2723
f 2746/2746/2727 2256/2256/2237 2744/2744/2725
f 2256/2256/2237 2746/2746/2727 2244/2244/2225
f 2743/2743/2724 2747/2747/2728 2744/2744/2725
f 2745/2745/2726 2748/2748/2729 2743/2743/2724
f 2747/2747/2728 2743/2743/2724 2748/2748/2729
f 1674/1674/1662 1671/1671/1659 2745/2745/2726
f 2748/2748/2729 2745/2745/2726 1671/1671/1659
f 2744/2744/2725 2749/2749/2730 2746/2746/2727
f 2749/2749/2730 2744/2744/2725 2747/2747/2728
f 2750/2750/2731 2244/2244/2225 2746/2746/2727
f 2244/2244/2225 2750/2750/2731 2241/2241/2222
f 2751/2751/2732 2746/2746/2727 2749/2749/2730
f 2746/2746/2727 2751/2751/2732 2750/2750/2731
f 1709/1709/1697 2241/2241/2222 2750/2750/2731
f 1705/1705/1693 2750/2750/2731 2751/2751/2732
f 2750/2750/2731 1705/1705/1693 1709/1709/1697
f 2749/2749/2730 2752/2752/2733 2751/2751/2732
f 2751/2751/2732 1701/1701/1689 1705/1705/1693
f 1701/1701/1689 2751/2751/2732 2752/2752/2733
f 2752/2752/2733 2749/2749/2730 2753/2753/2734
f 2747/2747/2728 2753/2753/2734 2749/2749/2730
f 2752/2752/2733 1698/1698/1686 1701/1701/1689
f 2753/2753/2734 2747/2747/2728 2754/2754/2735
f 2748/2748/2729 2754/2754/2735 2747/2747/2728
f 2753/2753/2734 2755/2755/2736 2752/2752/2733
f 1698/1698/1686 2752/2752/2733 2755/2755/2736
f 2754/2754/2735 2756/2756/2737 2753/2753/2734
f 2755/2755/2736 2753/2753/2734 2756/2756/2737
f 2754/2754/2735 2748/2748/2729 1670/1670/1658
f 1671/1671/1659 1670/1670/1658 2748/2748/2729
f 2756/2756/2737 2754/2754/2735 2757/2757/2738
f 1670/1670/1658 2757/2757/2738 2754/2754/2735
f 2756/2756/2737 2758/2758/2739 2755/2755/2736
f 2755/2755/2736 1696/1696/1684 1698/1698/1686
f 1696/1696/1684 2755/2755/2736 2758/2758/2739
f 2758/2758/2739 2756/2756/2737 1665/1665/1653
f 2757/2757/2738 1665/1665/1653 2756/2756/2737
f 2758/2758/2739 1690/1690/1678 1696/1696/1684
f 2757/2757/2738 1670/1670/1658 1669/1669/1657
f 1665/1665/1653 1664/1664/1652 2758/2758/2739
f 1690/1690/1678 2758/2758/2739 1664/1664/1652
f 1665/1665/1653 2757/2757/2738 1667/1667/1655
f 1669/1669/1657 1667/1667/1655 2757/2757/2738
f 2759/2759/2740 2760/2760/2741 2761/2761/2742
f 2762/2762/2743 2761/2761/2742 2760/2760/2741
f 2761/2761/2742 2763/2763/2744 2759/2759/2740
f 2760/2760/2741 2759/2759/2740 2764/2764/2745
f 2761/2761/2742 2762/2762/2743 2765/2765/2746
f 2760/2760/2741 2766/2766/2747 2762/2762/2743
f 2763/2763/2744 2761/2761/2742 2767/2767/2748
f 2765/2765/2746 2767/2767/2748 2761/2761/2742
f 2768/2768/2749 2759/2759/2740 2763/2763/2744
f 2766/2766/2747 2760/2760/2741 2769/2769/2750
f 2764/2764/2745 2769/2769/2750 2760/2760/2741
f 2769/2769/2750 2706/2706/2687 2766/2766/2747
f 2705/2705/2686 2766/2766/2747 2706/2706/2687
f 2706/2706/2687 2769/2769/2750 2707/2707/2688
f 2766/2766/2747 2705/2705/2686 2770/2770/2751
f 2770/2770/2751 2762/2762/2743 2766/2766/2747
f 2704/2704/2685 2770/2770/2751 2705/2705/2686
f 2771/2771/2752 2707/2707/2688 2769/2769/2750
f 2769/2769/2750 2764/2764/2745 2771/2771/2752
f 2707/2707/2688 2771/2771/2752 2708/2708/2689
f 2762/2762/2743 2770/2770/2751 2772/2772/2753
f 2772/2772/2753 2765/2765/2746 2762/2762/2743
f 2770/2770/2751 2704/2704/2685 2773/2773/2754
f 2773/2773/2754 2772/2772/2753 2770/2770/2751
f 2774/2774/2755 2708/2708/2689 2771/2771/2752
f 2714/2714/2695 2708/2708/2689 2774/2774/2755
f 2774/2774/2755 2771/2771/2752 2775/2775/2756
f 2775/2775/2756 2771/2771/2752 2764/2764/2745
f 2776/2776/2757 2714/2714/2695 2774/2774/2755
f 2775/2775/2756 2776/2776/2757 2774/2774/2755
f 2775/2775/2756 2764/2764/2745 2777/2777/2758
f 2777/2777/2758 2764/2764/2745 2759/2759/2740
f 2777/2777/2758 2759/2759/2740 2768/2768/2749
f 2777/2777/2758 2778/2778/2759 2775/2775/2756
f 2776/2776/2757 2775/2775/2756 2778/2778/2759
f 2768/2768/2749 2779/2779/2760 2777/2777/2758
f 2778/2778/2759 2777/2777/2758 2779/2779/2760
f 2779/2779/2760 2768/2768/2749 2780/2780/2761
f 2778/2778/2759 2781/2781/2762 2776/2776/2757
f 2779/2779/2760 2782/2782/2763 2778/2778/2759
f 2781/2781/2762 2778/2778/2759 2782/2782/2763
f 2782/2782/2763 2779/2779/2760 2783/2783/2764
f 2780/2780/2761 2783/2783/2764 2779/2779/2760
f 2784/2784/2765 2781/2781/2762 2782/2782/2763
f 2785/2785/2766 2782/2782/2763 2783/2783/2764
f 2784/2784/2765 2782/2782/2763 2785/2785/2766
f 2785/2785/2766 2783/2783/2764 2786/2786/2767
f 2787/2787/2768 2781/2781/2762 2784/2784/2765
f 2788/2788/2769 2776/2776/2757 2781/2781/2762
f 2787/2787/2768 2788/2788/2769 2781/2781/2762
f 2776/2776/2757 2788/2788/2769 2789/2789/2770
f 2789/2789/2770 2714/2714/2695 2776/2776/2757
f 2789/2789/2770 2713/2713/2694 2714/2714/2695
f 2715/2715/2696 2713/2713/2694 2789/2789/2770
f 2789/2789/2770 2724/2724/2705 2715/2715/2696
f 2724/2724/2705 2789/2789/2770 2788/2788/2769
f 2790/2790/2771 2724/2724/2705 2788/2788/2769
f 2790/2790/2771 2788/2788/2769 2787/2787/2768
f 2726/2726/2707 2724/2724/2705 2790/2790/2771
f 2791/2791/2772 2726/2726/2707 2790/2790/2771
f 2728/2728/2709 2726/2726/2707 2791/2791/2772
f 2792/2792/2773 2790/2790/2771 2787/2787/2768
f 2791/2791/2772 2790/2790/2771 2792/2792/2773
f 2792/2792/2773 2787/2787/2768 2793/2793/2774
f 2793/2793/2774 2787/2787/2768 2784/2784/2765
f 2548/2548/2529 2791/2791/2772 2792/2792/2773
f 2549/2549/2530 2792/2792/2773 2793/2793/2774
f 2548/2548/2529 2792/2792/2773 2549/2549/2530
f 2793/2793/2774 2784/2784/2765 2794/2794/2775
f 2794/2794/2775 2784/2784/2765 2785/2785/2766
f 2549/2549/2530 2793/2793/2774 2551/2551/2532
f 2551/2551/2532 2793/2793/2774 2794/2794/2775
f 2795/2795/2776 2791/2791/2772 2548/2548/2529
f 2795/2795/2776 2728/2728/2709 2791/2791/2772
f 2794/2794/2775 2785/2785/2766 2796/2796/2777
f 2797/2797/2778 2728/2728/2709 2795/2795/2776
f 2797/2797/2778 2727/2727/2708 2728/2728/2709
f 2032/2032/2013 2727/2727/2708 2797/2797/2778
f 2041/2041/2022 2032/2032/2013 2797/2797/2778
f 2796/2796/2777 2785/2785/2766 2786/2786/2767
f 2041/2041/2022 2797/2797/2778 2798/2798/2779
f 2798/2798/2779 2797/2797/2778 2795/2795/2776
f 2799/2799/2780 2041/2041/2022 2798/2798/2779
f 2040/2040/2021 2041/2041/2022 2799/2799/2780
f 2798/2798/2779 2795/2795/2776 2545/2545/2526
f 2545/2545/2526 2795/2795/2776 2548/2548/2529
f 2799/2799/2780 2798/2798/2779 2542/2542/2523
f 2542/2542/2523 2798/2798/2779 2545/2545/2526
f 2800/2800/2781 2040/2040/2021 2799/2799/2780
f 2039/2039/2020 2040/2040/2021 2800/2800/2781
f 2539/2539/2520 2799/2799/2780 2542/2542/2523
f 2800/2800/2781 2799/2799/2780 2539/2539/2520
f 2801/2801/2782 2039/2039/2020 2800/2800/2781
f 2042/2042/2023 2039/2039/2020 2801/2801/2782
f 2535/2535/2516 2800/2800/2781 2539/2539/2520
f 2801/2801/2782 2800/2800/2781 2535/2535/2516
f 2802/2802/2783 2042/2042/2023 2801/2801/2782
f 2044/2044/2025 2042/2042/2023 2802/2802/2783
f 2533/2533/2514 2801/2801/2782 2535/2535/2516
f 2802/2802/2783 2801/2801/2782 2533/2533/2514
f 2803/2803/2784 2044/2044/2025 2802/2802/2783
f 2047/2047/2028 2044/2044/2025 2803/2803/2784
f 2084/2084/2065 2047/2047/2028 2803/2803/2784
f 2803/2803/2784 2802/2802/2783 2804/2804/2785
f 2804/2804/2785 2802/2802/2783 2533/2533/2514
f 2803/2803/2784 2805/2805/2786 2084/2084/2065
f 2805/2805/2786 2803/2803/2784 2804/2804/2785
f 1106/1106/1102 2084/2084/2065 2805/2805/2786
f 2805/2805/2786 1105/1105/1101 1106/1106/1102
f 1105/1105/1101 2805/2805/2786 1500/1500/1488
f 2804/2804/2785 1500/1500/1488 2805/2805/2786
f 2804/2804/2785 2533/2533/2514 2532/2532/2513
f 1500/1500/1488 2804/2804/2785 2532/2532/2513
f 2701/2701/2682 2699/2699/2680 2806/2806/2787
f 2702/2702/2683 2806/2806/2787 2699/2699/2680
f 2807/2807/2788 2703/2703/2684 2701/2701/2682
f 2806/2806/2787 2807/2807/2788 2701/2701/2682
f 2373/2373/2354 2703/2703/2684 2808/2808/2789
f 2808/2808/2789 2371/2371/2352 2373/2373/2354
f 2703/2703/2684 2807/2807/2788 2809/2809/2790
f 2809/2809/2790 2808/2808/2789 2703/2703/2684
f 2371/2371/2352 2808/2808/2789 2810/2810/2791
f 2810/2810/2791 2364/2364/2345 2371/2371/2352
f 2808/2808/2789 2809/2809/2790 2811/2811/2792
f 2811/2811/2792 2810/2810/2791 2808/2808/2789
f 2812/2812/2793 2809/2809/2790 2807/2807/2788
f 2364/2364/2345 2810/2810/2791 2813/2813/2794
f 2363/2363/2344 2364/2364/2345 2813/2813/2794
f 2810/2810/2791 2811/2811/2792 2814/2814/2795
f 2813/2813/2794 2815/2815/2796 2363/2363/2344
f 2810/2810/2791 2816/2816/2797 2813/2813/2794
f 2816/2816/2797 2810/2810/2791 2814/2814/2795
f 2815/2815/2796 2813/2813/2794 2816/2816/2797
f 2360/2360/2341 2363/2363/2344 2815/2815/2796
f 2815/2815/2796 2817/2817/2798 2360/2360/2341
f 2357/2357/2338 2360/2360/2341 2817/2817/2798
f 2816/2816/2797 2818/2818/2799 2815/2815/2796
f 2817/2817/2798 2815/2815/2796 2818/2818/2799
f 2814/2814/2795 2819/2819/2800 2816/2816/2797
f 2818/2818/2799 2816/2816/2797 2819/2819/2800
f 2819/2819/2800 2814/2814/2795 2820/2820/2801
f 2811/2811/2792 2820/2820/2801 2814/2814/2795
f 2817/2817/2798 2821/2821/2802 2357/2357/2338
f 2820/2820/2801 2811/2811/2792 2822/2822/2803
f 2809/2809/2790 2822/2822/2803 2811/2811/2792
f 2818/2818/2799 2823/2823/2804 2817/2817/2798
f 2817/2817/2798 2823/2823/2804 2821/2821/2802
f 2357/2357/2338 2821/2821/2802 2824/2824/2805
f 2818/2818/2799 2825/2825/2806 2823/2823/2804
f 2819/2819/2800 2825/2825/2806 2818/2818/2799
f 2822/2822/2803 2809/2809/2790 2826/2826/2807
f 2809/2809/2790 2812/2812/2793 2826/2826/2807
f 2819/2819/2800 2827/2827/2808 2825/2825/2806
f 2820/2820/2801 2827/2827/2808 2819/2819/2800
f 2822/2822/2803 2828/2828/2809 2820/2820/2801
f 2820/2820/2801 2828/2828/2809 2827/2827/2808
f 2826/2826/2807 2829/2829/2810 2822/2822/2803
f 2822/2822/2803 2829/2829/2810 2828/2828/2809
f 2826/2826/2807 2830/2830/2811 2829/2829/2810
f 2812/2812/2793 2830/2830/2811 2826/2826/2807
f 2830/2830/2811 2831/2831/2812 2829/2829/2810
f 2829/2829/2810 2832/2832/2813 2828/2828/2809
f 2829/2829/2810 2831/2831/2812 2832/2832/2813
f 2828/2828/2809 2833/2833/2814 2827/2827/2808
f 2828/2828/2809 2832/2832/2813 2833/2833/2814
f 2827/2827/2808 2833/2833/2814 2834/2834/2815
f 2827/2827/2808 2834/2834/2815 2825/2825/2806
f 2833/2833/2814 2835/2835/2816 2834/2834/2815
f 2825/2825/2806 2834/2834/2815 2836/2836/2817
f 2835/2835/2816 2836/2836/2817 2834/2834/2815
f 2825/2825/2806 2836/2836/2817 2823/2823/2804
f 2832/2832/2813 2837/2837/2818 2833/2833/2814
f 2835/2835/2816 2833/2833/2814 2837/2837/2818
f 2837/2837/2818 2832/2832/2813 2838/2838/2819
f 2831/2831/2812 2838/2838/2819 2832/2832/2813
f 2823/2823/2804 2836/2836/2817 2839/2839/2820
f 2823/2823/2804 2839/2839/2820 2821/2821/2802
f 2836/2836/2817 2835/2835/2816 2840/2840/2821
f 2840/2840/2821 2839/2839/2820 2836/2836/2817
f 2821/2821/2802 2839/2839/2820 2841/2841/2822
f 2821/2821/2802 2841/2841/2822 2824/2824/2805
f 2839/2839/2820 2840/2840/2821 2842/2842/2823
f 2842/2842/2823 2841/2841/2822 2839/2839/2820
f 2843/2843/2824 2840/2840/2821 2835/2835/2816
f 2844/2844/2825 2842/2842/2823 2840/2840/2821
f 2840/2840/2821 2843/2843/2824 2844/2844/2825
f 2835/2835/2816 2845/2845/2826 2843/2843/2824
f 2845/2845/2826 2835/2835/2816 2837/2837/2818
f 2837/2837/2818 2846/2846/2827 2845/2845/2826
f 2846/2846/2827 2837/2837/2818 2838/2838/2819
f 2847/2847/2828 2845/2845/2826 2846/2846/2827
f 2838/2838/2819 2848/2848/2829 2846/2846/2827
f 2848/2848/2829 2847/2847/2828 2846/2846/2827
f 2849/2849/2830 2843/2843/2824 2845/2845/2826
f 2845/2845/2826 2847/2847/2828 2849/2849/2830
f 2843/2843/2824 2849/2849/2830 2850/2850/2831
f 2850/2850/2831 2844/2844/2825 2843/2843/2824
f 2847/2847/2828 2851/2851/2832 2849/2849/2830
f 2849/2849/2830 2852/2852/2833 2850/2850/2831
f 2852/2852/2833 2849/2849/2830 2851/2851/2832
f 2844/2844/2825 2850/2850/2831 2853/2853/2834
f 2854/2854/2835 2850/2850/2831 2852/2852/2833
f 2850/2850/2831 2854/2854/2835 2853/2853/2834
f 2852/2852/2833 2855/2855/2836 2854/2854/2835
f 2855/2855/2836 2856/2856/2837 2854/2854/2835
f 2855/2855/2836 2852/2852/2833 2857/2857/2838
f 2851/2851/2832 2857/2857/2838 2852/2852/2833
f 2858/2858/2839 2855/2855/2836 2857/2857/2838
f 2859/2859/2840 2854/2854/2835 2856/2856/2837
f 2854/2854/2835 2859/2859/2840 2853/2853/2834
f 2856/2856/2837 2860/2860/2841 2859/2859/2840
f 2857/2857/2838 2851/2851/2832 2861/2861/2842
f 2861/2861/2842 2858/2858/2839 2857/2857/2838
f 2853/2853/2834 2862/2862/2843 2844/2844/2825
f 2862/2862/2843 2853/2853/2834 2859/2859/2840
f 2842/2842/2823 2844/2844/2825 2862/2862/2843
f 2863/2863/2844 2859/2859/2840 2860/2860/2841
f 2859/2859/2840 2863/2863/2844 2862/2862/2843
f 2860/2860/2841 2864/2864/2845 2863/2863/2844
f 2862/2862/2843 2865/2865/2846 2842/2842/2823
f 2865/2865/2846 2862/2862/2843 2863/2863/2844
f 2841/2841/2822 2842/2842/2823 2865/2865/2846
f 2866/2866/2847 2863/2863/2844 2864/2864/2845
f 2863/2863/2844 2866/2866/2847 2865/2865/2846
f 2867/2867/2848 2866/2866/2847 2864/2864/2845
f 2865/2865/2846 2868/2868/2849 2841/2841/2822
f 2868/2868/2849 2865/2865/2846 2866/2866/2847
f 2824/2824/2805 2841/2841/2822 2868/2868/2849
f 2866/2866/2847 2867/2867/2848 2869/2869/2850
f 2869/2869/2850 2868/2868/2849 2866/2866/2847
f 2870/2870/2851 2869/2869/2850 2867/2867/2848
f 2871/2871/2852 2824/2824/2805 2868/2868/2849
f 2868/2868/2849 2869/2869/2850 2871/2871/2852
f 2824/2824/2805 2871/2871/2852 2872/2872/2853
f 2873/2873/2854 2872/2872/2853 2871/2871/2852
f 2874/2874/2855 2871/2871/2852 2869/2869/2850
f 2871/2871/2852 2874/2874/2855 2873/2873/2854
f 2869/2869/2850 2870/2870/2851 2874/2874/2855
f 2875/2875/2856 2873/2873/2854 2874/2874/2855
f 2870/2870/2851 2875/2875/2856 2874/2874/2855
f 2167/2167/2148 2552/2552/2533 2876/2876/2857
f 2552/2552/2533 2553/2553/2534 2876/2876/2857
f 2167/2167/2148 2876/2876/2857 2170/2170/2151
f 2170/2170/2151 2876/2876/2857 2174/2174/2155
f 2876/2876/2857 2877/2877/2858 2174/2174/2155
f 2876/2876/2857 2553/2553/2534 2877/2877/2858
f 2174/2174/2155 2877/2877/2858 2181/2181/2162
f 2553/2553/2534 2551/2551/2532 2878/2878/2859
f 2553/2553/2534 2878/2878/2859 2877/2877/2858
f 2551/2551/2532 2794/2794/2775 2878/2878/2859
f 2878/2878/2859 2794/2794/2775 2796/2796/2777
f 2877/2877/2858 2878/2878/2859 2879/2879/2860
f 2877/2877/2858 2879/2879/2860 2181/2181/2162
f 2878/2878/2859 2796/2796/2777 2879/2879/2860
f 2880/2880/2861 2181/2181/2162 2879/2879/2860
f 2796/2796/2777 2880/2880/2861 2879/2879/2860
f 2181/2181/2162 2880/2880/2861 2182/2182/2163
f 2881/2881/2862 2182/2182/2163 2880/2880/2861
f 2880/2880/2861 2796/2796/2777 2882/2882/2863
f 2882/2882/2863 2881/2881/2862 2880/2880/2861
f 2796/2796/2777 2786/2786/2767 2882/2882/2863
f 2881/2881/2862 2882/2882/2863 2883/2883/2864
f 2881/2881/2862 2883/2883/2864 2884/2884/2865
f 2885/2885/2866 2882/2882/2863 2786/2786/2767
f 2882/2882/2863 2885/2885/2866 2883/2883/2864
f 2883/2883/2864 2886/2886/2867 2884/2884/2865
f 2883/2883/2864 2885/2885/2866 2886/2886/2867
f 2887/2887/2868 2884/2884/2865 2886/2886/2867
f 2888/2888/2869 2887/2887/2868 2886/2886/2867
f 2885/2885/2866 2888/2888/2869 2886/2886/2867
f 2786/2786/2767 2889/2889/2870 2885/2885/2866
f 2888/2888/2869 2885/2885/2866 2889/2889/2870
f 2786/2786/2767 2783/2783/2764 2889/2889/2870
f 2783/2783/2764 2780/2780/2761 2889/2889/2870
f 2780/2780/2761 2888/2888/2869 2889/2889/2870
f 2888/2888/2869 2780/2780/2761 2890/2890/2871
f 2780/2780/2761 2891/2891/2872 2890/2890/2871
f 2891/2891/2872 2780/2780/2761 2768/2768/2749
f 2892/2892/2873 2890/2890/2871 2891/2891/2872
f 2768/2768/2749 2763/2763/2744 2891/2891/2872
f 2891/2891/2872 2893/2893/2874 2892/2892/2873
f 2891/2891/2872 2763/2763/2744 2893/2893/2874
f 2892/2892/2873 2893/2893/2874 2894/2894/2875
f 2767/2767/2748 2893/2893/2874 2763/2763/2744
f 2895/2895/2876 2894/2894/2875 2893/2893/2874
f 2893/2893/2874 2767/2767/2748 2895/2895/2876
f 2894/2894/2875 2895/2895/2876 2896/2896/2877
f 2897/2897/2878 2896/2896/2877 2895/2895/2876
f 2896/2896/2877 2897/2897/2878 2898/2898/2879
f 2899/2899/2880 2895/2895/2876 2767/2767/2748
f 2895/2895/2876 2899/2899/2880 2897/2897/2878
f 2767/2767/2748 2765/2765/2746 2899/2899/2880
f 1873/1873/1856 2898/2898/2879 2897/2897/2878
f 2899/2899/2880 1873/1873/1856 2897/2897/2878
f 2898/2898/2879 1873/1873/1856 2900/2900/2881
f 2765/2765/2746 2901/2901/2882 2899/2899/2880
f 1873/1873/1856 2899/2899/2880 2901/2901/2882
f 2901/2901/2882 1867/1867/1850 1873/1873/1856
f 1873/1873/1856 1868/1868/1851 2900/2900/2881
f 1867/1867/1850 2901/2901/2882 1870/1870/1853
f 2901/2901/2882 2765/2765/2746 2902/2902/2883
f 2902/2902/2883 1870/1870/1853 2901/2901/2882
f 2765/2765/2746 2772/2772/2753 2902/2902/2883
f 1870/1870/1853 2902/2902/2883 1878/1878/1861
f 2772/2772/2753 1878/1878/1861 2902/2902/2883
f 2903/2903/2884 2900/2900/2881 1868/1868/1851
f 2900/2900/2881 2903/2903/2884 2904/2904/2885
f 1868/1868/1851 2137/2137/2118 2903/2903/2884
f 2134/2134/2115 2904/2904/2885 2903/2903/2884
f 2137/2137/2118 2134/2134/2115 2903/2903/2884
f 1878/1878/1861 2772/2772/2753 2905/2905/2886
f 2905/2905/2886 1876/1876/1859 1878/1878/1861
f 2772/2772/2753 2773/2773/2754 2905/2905/2886
f 1876/1876/1859 2905/2905/2886 2906/2906/2887
f 2773/2773/2754 2906/2906/2887 2905/2905/2886
f 1877/1877/1860 1876/1876/1859 2906/2906/2887
f 2906/2906/2887 2773/2773/2754 2907/2907/2888
f 2906/2906/2887 2908/2908/2889 1877/1877/1860
f 2908/2908/2889 2906/2906/2887 2907/2907/2888
f 1885/1885/1868 1877/1877/1860 2908/2908/2889
f 2704/2704/2685 2907/2907/2888 2773/2773/2754
f 2909/2909/2890 1885/1885/1868 2908/2908/2889
f 2907/2907/2888 2909/2909/2890 2908/2908/2889
f 1885/1885/1868 2909/2909/2890 1894/1894/1877
f 1619/1619/1607 1894/1894/1877 2909/2909/2890
f 2909/2909/2890 2907/2907/2888 2910/2910/2891
f 2910/2910/2891 1619/1619/1607 2909/2909/2890
f 2907/2907/2888 2704/2704/2685 2910/2910/2891
f 1619/1619/1607 2910/2910/2891 1622/1622/1610
f 2704/2704/2685 1622/1622/1610 2910/2910/2891
f 2911/2911/2892 2912/2912/2893 2913/2913/2894
f 2913/2913/2894 2354/2354/2335 2911/2911/2892
f 2912/2912/2893 2914/2914/2895 2915/2915/2896
f 2915/2915/2896 2913/2913/2894 2912/2912/2893
f 2914/2914/2895 2668/2668/2649 2916/2916/2897
f 2665/2665/2646 2916/2916/2897 2668/2668/2649
f 2917/2917/2898 2915/2915/2896 2914/2914/2895
f 2916/2916/2897 2917/2917/2898 2914/2914/2895
f 2916/2916/2897 2665/2665/2646 2918/2918/2899
f 2665/2665/2646 2650/2650/2631 2918/2918/2899
f 2917/2917/2898 2916/2916/2897 2919/2919/2900
f 2918/2918/2899 2919/2919/2900 2916/2916/2897
f 2920/2920/2901 2918/2918/2899 2650/2650/2631
f 2650/2650/2631 2645/2645/2626 2920/2920/2901
f 2644/2644/2625 2920/2920/2901 2645/2645/2626
f 2918/2918/2899 2920/2920/2901 2921/2921/2902
f 2919/2919/2900 2918/2918/2899 2921/2921/2902
f 2920/2920/2901 2644/2644/2625 2922/2922/2903
f 2922/2922/2903 2921/2921/2902 2920/2920/2901
f 2628/2628/2609 2922/2922/2903 2644/2644/2625
f 2922/2922/2903 2628/2628/2609 2923/2923/2904
f 2625/2625/2606 2923/2923/2904 2628/2628/2609
f 2921/2921/2902 2922/2922/2903 2924/2924/2905
f 2923/2923/2904 2924/2924/2905 2922/2922/2903
f 2921/2921/2902 2925/2925/2906 2919/2919/2900
f 2925/2925/2906 2921/2921/2902 2924/2924/2905
f 2923/2923/2904 2625/2625/2606 2926/2926/2907
f 2625/2625/2606 2621/2621/2602 2926/2926/2907
f 2924/2924/2905 2923/2923/2904 2927/2927/2908
f 2926/2926/2907 2927/2927/2908 2923/2923/2904
f 2621/2621/2602 2928/2928/2909 2926/2926/2907
f 2927/2927/2908 2926/2926/2907 2928/2928/2909
f 2928/2928/2909 2621/2621/2602 2619/2619/2600
f 2929/2929/2910 2924/2924/2905 2927/2927/2908
f 2924/2924/2905 2929/2929/2910 2925/2925/2906
f 2930/2930/2911 2927/2927/2908 2928/2928/2909
f 2927/2927/2908 2930/2930/2911 2929/2929/2910
f 2931/2931/2912 2928/2928/2909 2619/2619/2600
f 2928/2928/2909 2931/2931/2912 2930/2930/2911
f 2619/2619/2600 2618/2618/2599 2931/2931/2912
f 2932/2932/2913 2931/2931/2912 2618/2618/2599
f 2618/2618/2599 394/394/394 2932/2932/2913
f 2933/2933/2914 2930/2930/2911 2931/2931/2912
f 2931/2931/2912 2932/2932/2913 2933/2933/2914
f 2934/2934/2915 2929/2929/2910 2930/2930/2911
f 2930/2930/2911 2933/2933/2914 2934/2934/2915
f 394/394/394 2935/2935/2916 2932/2932/2913
f 2935/2935/2916 2933/2933/2914 2932/2932/2913
f 2935/2935/2916 394/394/394 391/391/391
f 2933/2933/2914 2935/2935/2916 2936/2936/2917
f 2936/2936/2917 2934/2934/2915 2933/2933/2914
f 391/391/391 395/395/395 2935/2935/2916
f 395/395/395 2936/2936/2917 2935/2935/2916
f 2929/2929/2910 2934/2934/2915 2937/2937/2918
f 2937/2937/2918 2925/2925/2906 2929/2929/2910
f 2934/2934/2915 2936/2936/2917 2938/2938/2919
f 2925/2925/2906 2937/2937/2918 2939/2939/2920
f 2939/2939/2920 2919/2919/2900 2925/2925/2906
f 2919/2919/2900 2939/2939/2920 2917/2917/2898
f 2934/2934/2915 2940/2940/2921 2937/2937/2918
f 2940/2940/2921 2934/2934/2915 2938/2938/2919
f 2937/2937/2918 2941/2941/2922 2939/2939/2920
f 2941/2941/2922 2937/2937/2918 2940/2940/2921
f 2939/2939/2920 2942/2942/2923 2917/2917/2898
f 2942/2942/2923 2939/2939/2920 2941/2941/2922
f 2915/2915/2896 2917/2917/2898 2942/2942/2923
f 2942/2942/2923 2943/2943/2924 2915/2915/2896
f 2913/2913/2894 2915/2915/2896 2943/2943/2924
f 2941/2941/2922 2944/2944/2925 2942/2942/2923
f 2943/2943/2924 2942/2942/2923 2944/2944/2925
f 2940/2940/2921 2945/2945/2926 2941/2941/2922
f 2944/2944/2925 2941/2941/2922 2945/2945/2926
f 2945/2945/2926 2940/2940/2921 2946/2946/2927
f 2938/2938/2919 2946/2946/2927 2940/2940/2921
f 2943/2943/2924 2947/2947/2928 2913/2913/2894
f 2354/2354/2335 2913/2913/2894 2947/2947/2928
f 2944/2944/2925 2948/2948/2929 2943/2943/2924
f 2947/2947/2928 2943/2943/2924 2948/2948/2929
f 2945/2945/2926 2949/2949/2930 2944/2944/2925
f 2948/2948/2929 2944/2944/2925 2949/2949/2930
f 2946/2946/2927 2950/2950/2931 2945/2945/2926
f 2949/2949/2930 2945/2945/2926 2950/2950/2931
f 2946/2946/2927 2938/2938/2919 2951/2951/2932
f 2936/2936/2917 2951/2951/2932 2938/2938/2919
f 2950/2950/2931 2946/2946/2927 2952/2952/2933
f 2951/2951/2932 2952/2952/2933 2946/2946/2927
f 2951/2951/2932 2936/2936/2917 2953/2953/2934
f 2936/2936/2917 395/395/395 2953/2953/2934
f 2952/2952/2933 2951/2951/2932 2954/2954/2935
f 2953/2953/2934 2954/2954/2935 2951/2951/2932
f 395/395/395 2955/2955/2936 2953/2953/2934
f 2954/2954/2935 2953/2953/2934 2955/2955/2936
f 2955/2955/2936 395/395/395 2956/2956/2937
f 392/392/392 2956/2956/2937 395/395/395
f 2956/2956/2937 392/392/392 741/741/738
f 2956/2956/2937 2957/2957/2938 2955/2955/2936
f 2957/2957/2938 2954/2954/2935 2955/2955/2936
f 741/741/738 2958/2958/2939 2956/2956/2937
f 2957/2957/2938 2956/2956/2937 2958/2958/2939
f 2958/2958/2939 741/741/738 740/740/737
f 2959/2959/2940 2958/2958/2939 740/740/737
f 740/740/737 742/742/739 2959/2959/2940
f 2960/2960/2941 2957/2957/2938 2958/2958/2939
f 2958/2958/2939 2959/2959/2940 2960/2960/2941
f 2954/2954/2935 2957/2957/2938 2961/2961/2942
f 2395/2395/2376 2960/2960/2941 2959/2959/2940
f 742/742/739 2395/2395/2376 2959/2959/2940
f 2957/2957/2938 2960/2960/2941 2962/2962/2943
f 2962/2962/2943 2961/2961/2942 2957/2957/2938
f 2960/2960/2941 2395/2395/2376 2392/2392/2373
f 2392/2392/2373 2962/2962/2943 2960/2960/2941
f 2963/2963/2944 2954/2954/2935 2961/2961/2942
f 2954/2954/2935 2963/2963/2944 2952/2952/2933
f 2961/2961/2942 2962/2962/2943 2964/2964/2945
f 2964/2964/2945 2963/2963/2944 2961/2961/2942
f 2962/2962/2943 2392/2392/2373 2390/2390/2371
f 2390/2390/2371 2964/2964/2945 2962/2962/2943
f 2965/2965/2946 2952/2952/2933 2963/2963/2944
f 2952/2952/2933 2965/2965/2946 2950/2950/2931
f 2963/2963/2944 2964/2964/2945 2966/2966/2947
f 2966/2966/2947 2965/2965/2946 2963/2963/2944
f 2964/2964/2945 2390/2390/2371 2380/2380/2361
f 2380/2380/2361 2966/2966/2947 2964/2964/2945
f 2967/2967/2948 2950/2950/2931 2965/2965/2946
f 2950/2950/2931 2967/2967/2948 2949/2949/2930
f 2965/2965/2946 2966/2966/2947 2968/2968/2949
f 2968/2968/2949 2967/2967/2948 2965/2965/2946
f 2966/2966/2947 2380/2380/2361 2375/2375/2356
f 2375/2375/2356 2968/2968/2949 2966/2966/2947
f 2969/2969/2950 2949/2949/2930 2967/2967/2948
f 2949/2949/2930 2969/2969/2950 2948/2948/2929
f 2967/2967/2948 2968/2968/2949 2970/2970/2951
f 2970/2970/2951 2969/2969/2950 2967/2967/2948
f 2968/2968/2949 2375/2375/2356 2369/2369/2350
f 2369/2369/2350 2970/2970/2951 2968/2968/2949
f 2971/2971/2952 2948/2948/2929 2969/2969/2950
f 2948/2948/2929 2971/2971/2952 2947/2947/2928
f 2969/2969/2950 2970/2970/2951 2972/2972/2953
f 2972/2972/2953 2971/2971/2952 2969/2969/2950
f 2970/2970/2951 2369/2369/2350 2365/2365/2346
f 2365/2365/2346 2972/2972/2953 2970/2970/2951
f 2355/2355/2336 2947/2947/2928 2971/2971/2952
f 2947/2947/2928 2355/2355/2336 2354/2354/2335
f 2971/2971/2952 2972/2972/2953 2359/2359/2340
f 2359/2359/2340 2355/2355/2336 2971/2971/2952
f 2362/2362/2343 2359/2359/2340 2972/2972/2953
f 2972/2972/2953 2365/2365/2346 2362/2362/2343
f 2838/2838/2819 2831/2831/2812 2973/2973/2954
f 2848/2848/2829 2838/2838/2819 2973/2973/2954
f 2831/2831/2812 2974/2974/2955 2973/2973/2954
f 2973/2973/2954 2975/2975/2956 2848/2848/2829
f 2975/2975/2956 2973/2973/2954 2974/2974/2955
f 2974/2974/2955 2831/2831/2812 2976/2976/2957
f 2830/2830/2811 2976/2976/2957 2831/2831/2812
f 2974/2974/2955 2977/2977/2958 2975/2975/2956
f 2978/2978/2959 2976/2976/2957 2830/2830/2811
f 2812/2812/2793 2978/2978/2959 2830/2830/2811
f 2976/2976/2957 2979/2979/2960 2974/2974/2955
f 2977/2977/2958 2974/2974/2955 2979/2979/2960
f 2978/2978/2959 2980/2980/2961 2976/2976/2957
f 2979/2979/2960 2976/2976/2957 2980/2980/2961
f 2981/2981/2962 2978/2978/2959 2812/2812/2793
f 2982/2982/2963 2980/2980/2961 2978/2978/2959
f 2981/2981/2962 2982/2982/2963 2978/2978/2959
f 2812/2812/2793 2983/2983/2964 2981/2981/2962
f 2983/2983/2964 2812/2812/2793 2807/2807/2788
f 2807/2807/2788 2806/2806/2787 2983/2983/2964
f 2984/2984/2965 2983/2983/2964 2806/2806/2787
f 2806/2806/2787 2702/2702/2683 2984/2984/2965
f 2985/2985/2966 2981/2981/2962 2983/2983/2964
f 2983/2983/2964 2984/2984/2965 2985/2985/2966
f 2986/2986/2967 2982/2982/2963 2981/2981/2962
f 2981/2981/2962 2985/2985/2966 2986/2986/2967
f 2987/2987/2968 2984/2984/2965 2702/2702/2683
f 2698/2698/2679 2987/2987/2968 2702/2702/2683
f 2988/2988/2969 2985/2985/2966 2984/2984/2965
f 2984/2984/2965 2987/2987/2968 2988/2988/2969
f 2987/2987/2968 2698/2698/2679 2989/2989/2970
f 2700/2700/2681 2989/2989/2970 2698/2698/2679
f 2990/2990/2971 2988/2988/2969 2987/2987/2968
f 2989/2989/2970 2990/2990/2971 2987/2987/2968
f 2985/2985/2966 2988/2988/2969 2991/2991/2972
f 2991/2991/2972 2986/2986/2967 2985/2985/2966
f 2992/2992/2973 2991/2991/2972 2988/2988/2969
f 2988/2988/2969 2990/2990/2971 2992/2992/2973
f 2986/2986/2967 2991/2991/2972 2993/2993/2974
f 2989/2989/2970 2700/2700/2681 2994/2994/2975
f 2697/2697/2678 2994/2994/2975 2700/2700/2681
f 2990/2990/2971 2989/2989/2970 2995/2995/2976
f 2994/2994/2975 2697/2697/2678 2996/2996/2977
f 2685/2685/2666 2996/2996/2977 2697/2697/2678
f 2997/2997/2978 2989/2989/2970 2994/2994/2975
f 2989/2989/2970 2997/2997/2978 2995/2995/2976
f 2998/2998/2979 2994/2994/2975 2996/2996/2977
f 2994/2994/2975 2998/2998/2979 2997/2997/2978
f 2996/2996/2977 2685/2685/2666 2999/2999/2980
f 2999/2999/2980 2998/2998/2979 2996/2996/2977
f 2685/2685/2666 2688/2688/2669 2999/2999/2980
f 3000/3000/2981 2999/2999/2980 2688/2688/2669
f 2688/2688/2669 2689/2689/2670 3000/3000/2981
f 2998/2998/2979 2999/2999/2980 3001/3001/2982
f 2999/2999/2980 3000/3000/2981 3001/3001/2982
f 2191/2191/2172 3000/3000/2981 2689/2689/2670
f 3002/3002/2983 3001/3001/2982 3000/3000/2981
f 3000/3000/2981 2191/2191/2172 3002/3002/2983
f 2193/2193/2174 2191/2191/2172 2689/2689/2670
f 3001/3001/2982 3002/3002/2983 3003/3003/2984
f 3001/3001/2982 3004/3004/2985 2998/2998/2979
f 3004/3004/2985 3001/3001/2982 3003/3003/2984
f 3005/3005/2986 2998/2998/2979 3004/3004/2985
f 2998/2998/2979 3005/3005/2986 2997/2997/2978
f 3006/3006/2987 3004/3004/2985 3003/3003/2984
f 3007/3007/2988 3003/3003/2984 3002/3002/2983
f 3003/3003/2984 3007/3007/2988 3006/3006/2987
f 3002/3002/2983 2189/2189/2170 3007/3007/2988
f 2189/2189/2170 3002/3002/2983 2191/2191/2172
f 3008/3008/2989 2997/2997/2978 3005/3005/2986
f 2997/2997/2978 3008/3008/2989 2995/2995/2976
f 3009/3009/2990 3005/3005/2986 3004/3004/2985
f 3004/3004/2985 3006/3006/2987 3009/3009/2990
f 3010/3010/2991 3008/3008/2989 3005/3005/2986
f 3005/3005/2986 3009/3009/2990 3010/3010/2991
f 3011/3011/2992 2995/2995/2976 3008/3008/2989
f 2995/2995/2976 3011/3011/2992 2990/2990/2971
f 3008/3008/2989 3010/3010/2991 3012/3012/2993
f 3012/3012/2993 3011/3011/2992 3008/3008/2989
f 3013/3013/2994 2990/2990/2971 3011/3011/2992
f 2990/2990/2971 3013/3013/2994 2992/2992/2973
f 3011/3011/2992 3012/3012/2993 3014/3014/2995
f 3014/3014/2995 3013/3013/2994 3011/3011/2992
f 3015/3015/2996 3012/3012/2993 3010/3010/2991
f 3016/3016/2997 3014/3014/2995 3012/3012/2993
f 3012/3012/2993 3015/3015/2996 3016/3016/2997
f 3010/3010/2991 3017/3017/2998 3015/3015/2996
f 3017/3017/2998 3010/3010/2991 3009/3009/2990
f 3013/3013/2994 3018/3018/2999 2992/2992/2973
f 2991/2991/2972 2992/2992/2973 3018/3018/2999
f 3018/3018/2999 2993/2993/2974 2991/2991/2972
f 3009/3009/2990 3019/3019/3000 3017/3017/2998
f 3019/3019/3000 3009/3009/2990 3006/3006/2987
f 3006/3006/2987 3020/3020/3001 3019/3019/3000
f 3020/3020/3001 3006/3006/2987 3007/3007/2988
f 3021/3021/3002 3017/3017/2998 3019/3019/3000
f 3022/3022/3003 3019/3019/3000 3020/3020/3001
f 3019/3019/3000 3022/3022/3003 3021/3021/3002
f 3007/3007/2988 2187/2187/2168 3020/3020/3001
f 2187/2187/2168 3007/3007/2988 2189/2189/2170
f 2184/2184/2165 3022/3022/3003 3020/3020/3001
f 2184/2184/2165 3020/3020/3001 2187/2187/2168
f 3017/3017/2998 3021/3021/3002 3023/3023/3004
f 3022/3022/3003 3024/3024/3005 3021/3021/3002
f 3024/3024/3005 3023/3023/3004 3021/3021/3002
f 3023/3023/3004 3015/3015/2996 3017/3017/2998
f 3024/3024/3005 3022/3022/3003 2180/2180/2161
f 2184/2184/2165 2180/2180/2161 3022/3022/3003
f 3023/3023/3004 3025/3025/3006 3015/3015/2996
f 3025/3025/3006 3016/3016/2997 3015/3015/2996
f 3023/3023/3004 3024/3024/3005 3026/3026/3007
f 3026/3026/3007 3025/3025/3006 3023/3023/3004
f 2180/2180/2161 2176/2176/2157 3024/3024/3005
f 3024/3024/3005 2179/2179/2160 3026/3026/3007
f 2179/2179/2160 3024/3024/3005 2176/2176/2157
f 3025/3025/3006 3026/3026/3007 3027/3027/3008
f 2182/2182/2163 3026/3026/3007 2179/2179/2160
f 3026/3026/3007 2182/2182/2163 3027/3027/3008
f 3027/3027/3008 3028/3028/3009 3025/3025/3006
f 3016/3016/2997 3025/3025/3006 3028/3028/3009
f 2182/2182/2163 2881/2881/2862 3027/3027/3008
f 3027/3027/3008 2881/2881/2862 3028/3028/3009
f 3028/3028/3009 3029/3029/3010 3016/3016/2997
f 3014/3014/2995 3016/3016/2997 3029/3029/3010
f 3029/3029/3010 3028/3028/3009 2884/2884/2865
f 2881/2881/2862 2884/2884/2865 3028/3028/3009
f 3029/3029/3010 3030/3030/3011 3014/3014/2995
f 3013/3013/2994 3014/3014/2995 3030/3030/3011
f 2884/2884/2865 2887/2887/2868 3029/3029/3010
f 3030/3030/3011 3029/3029/3010 2887/2887/2868
f 3030/3030/3011 3031/3031/3012 3013/3013/2994
f 3018/3018/2999 3013/3013/2994 3031/3031/3012
f 3031/3031/3012 3030/3030/3011 3032/3032/3013
f 2887/2887/2868 3032/3032/3013 3030/3030/3011
f 3031/3031/3012 3033/3033/3014 3018/3018/2999
f 2993/2993/2974 3018/3018/2999 3033/3033/3014
f 3032/3032/3013 3034/3034/3015 3031/3031/3012
f 3033/3033/3014 3031/3031/3012 3034/3034/3015
f 3032/3032/3013 2887/2887/2868 3035/3035/3016
f 3034/3034/3015 3032/3032/3013 3036/3036/3017
f 3035/3035/3016 3036/3036/3017 3032/3032/3013
f 3036/3036/3017 3037/3037/3018 3034/3034/3015
f 3036/3036/3017 3035/3035/3016 3038/3038/3019
f 3038/3038/3019 3037/3037/3018 3036/3036/3017
f 3034/3034/3015 3039/3039/3020 3033/3033/3014
f 3034/3034/3015 3037/3037/3018 3039/3039/3020
f 3033/3033/3014 3039/3039/3020 3040/3040/3021
f 3033/3033/3014 3040/3040/3021 2993/2993/2974
f 2887/2887/2868 2888/2888/2869 3035/3035/3016
f 3035/3035/3016 2890/2890/2871 3038/3038/3019
f 2890/2890/2871 3035/3035/3016 2888/2888/2869
f 2890/2890/2871 2892/2892/2873 3038/3038/3019
f 3037/3037/3018 3038/3038/3019 2892/2892/2873
f 2993/2993/2974 3040/3040/3021 3041/3041/3022
f 2993/2993/2974 3041/3041/3022 2986/2986/2967
f 2986/2986/2967 3041/3041/3022 2982/2982/2963
f 3041/3041/3022 3042/3042/3023 2982/2982/2963
f 2982/2982/2963 3042/3042/3023 2980/2980/2961
f 3040/3040/3021 3043/3043/3024 3041/3041/3022
f 3041/3041/3022 3043/3043/3024 3042/3042/3023
f 3040/3040/3021 3044/3044/3025 3043/3043/3024
f 3039/3039/3020 3044/3044/3025 3040/3040/3021
f 3045/3045/3026 2980/2980/2961 3042/3042/3023
f 2980/2980/2961 3045/3045/3026 2979/2979/2960
f 3046/3046/3027 3042/3042/3023 3043/3043/3024
f 3042/3042/3023 3046/3046/3027 3045/3045/3026
f 3047/3047/3028 3043/3043/3024 3044/3044/3025
f 3043/3043/3024 3047/3047/3028 3046/3046/3027
f 3039/3039/3020 3048/3048/3029 3044/3044/3025
f 3037/3037/3018 3048/3048/3029 3039/3039/3020
f 3044/3044/3025 3049/3049/3030 3047/3047/3028
f 3049/3049/3030 3044/3044/3025 3048/3048/3029
f 3037/3037/3018 2894/2894/2875 3048/3048/3029
f 2892/2892/2873 2894/2894/2875 3037/3037/3018
f 3048/3048/3029 2896/2896/2877 3049/3049/3030
f 2896/2896/2877 3048/3048/3029 2894/2894/2875
f 3050/3050/3031 3047/3047/3028 3049/3049/3030
f 2898/2898/2879 3049/3049/3030 2896/2896/2877
f 3049/3049/3030 2898/2898/2879 3050/3050/3031
f 3047/3047/3028 3050/3050/3031 3051/3051/3032
f 3051/3051/3032 3046/3046/3027 3047/3047/3028
f 2900/2900/2881 3050/3050/3031 2898/2898/2879
f 3046/3046/3027 3051/3051/3032 3052/3052/3033
f 3052/3052/3033 3045/3045/3026 3046/3046/3027
f 2904/2904/2885 3051/3051/3032 3050/3050/3031
f 3050/3050/3031 2900/2900/2881 2904/2904/2885
f 3051/3051/3032 3053/3053/3034 3052/3052/3033
f 3045/3045/3026 3052/3052/3033 3054/3054/3035
f 3053/3053/3034 3054/3054/3035 3052/3052/3033
f 3054/3054/3035 2979/2979/2960 3045/3045/3026
f 2979/2979/2960 3054/3054/3035 2977/2977/2958
f 3051/3051/3032 2904/2904/2885 3055/3055/3036
f 3053/3053/3034 3051/3051/3032 3055/3055/3036
f 2904/2904/2885 2134/2134/2115 3055/3055/3036
f 3054/3054/3035 3053/3053/3034 3056/3056/3037
f 3056/3056/3037 2977/2977/2958 3054/3054/3035
f 3055/3055/3036 2131/2131/2112 3053/3053/3034
f 2131/2131/2112 3055/3055/3036 2134/2134/2115
f 3053/3053/3034 2130/2130/2111 3056/3056/3037
f 2130/2130/2111 3053/3053/3034 2131/2131/2112
f 2977/2977/2958 3056/3056/3037 3057/3057/3038
f 3057/3057/3038 2975/2975/2956 2977/2977/2958
f 3058/3058/3039 3056/3056/3037 2130/2130/2111
f 3056/3056/3037 3058/3058/3039 3057/3057/3038
f 2975/2975/2956 3057/3057/3038 3059/3059/3040
f 3059/3059/3040 2848/2848/2829 2975/2975/2956
f 3060/3060/3041 3057/3057/3038 3058/3058/3039
f 3057/3057/3038 3060/3060/3041 3059/3059/3040
f 2848/2848/2829 3059/3059/3040 3061/3061/3042
f 3060/3060/3041 3061/3061/3042 3059/3059/3040
f 2847/2847/2828 2848/2848/2829 3061/3061/3042
f 2126/2126/2107 3060/3060/3041 3058/3058/3039
f 2130/2130/2111 2126/2126/2107 3058/3058/3039
f 3061/3061/3042 3062/3062/3043 2847/2847/2828
f 2851/2851/2832 2847/2847/2828 3062/3062/3043
f 3062/3062/3043 2861/2861/2842 2851/2851/2832
f 3062/3062/3043 3061/3061/3042 3063/3063/3044
f 3061/3061/3042 3060/3060/3041 3063/3063/3044
f 2861/2861/2842 3062/3062/3043 3064/3064/3045
f 3063/3063/3044 3064/3064/3045 3062/3062/3043
f 3064/3064/3045 3065/3065/3046 2861/2861/2842
f 2858/2858/2839 2861/2861/2842 3065/3065/3046
f 2123/2123/2104 3063/3063/3044 3060/3060/3041
f 3060/3060/3041 2126/2126/2107 2123/2123/2104
f 3064/3064/3045 3063/3063/3044 2121/2121/2102
f 3063/3063/3044 2123/2123/2104 2121/2121/2102
f 3065/3065/3046 3064/3064/3045 2120/2120/2101
f 2121/2121/2102 2120/2120/2101 3064/3064/3045
f 3065/3065/3046 3066/3066/3047 2858/2858/2839
f 2350/2350/2331 2858/2858/2839 3066/3066/3047
f 2120/2120/2101 3067/3067/3048 3065/3065/3046
f 3066/3066/3047 3065/3065/3046 3067/3067/3048
f 3066/3066/3047 3068/3068/3049 2350/2350/2331
f 2344/2344/2325 2350/2350/2331 3068/3068/3049
f 3067/3067/3048 3069/3069/3050 3066/3066/3047
f 3068/3068/3049 3066/3066/3047 3069/3069/3050
f 3067/3067/3048 2120/2120/2101 2118/2118/2099
f 3068/3068/3049 3070/3070/3051 2344/2344/2325
f 3069/3069/3050 3067/3067/3048 3071/3071/3052
f 2118/2118/2099 3071/3071/3052 3067/3067/3048
f 3069/3069/3050 3072/3072/3053 3068/3068/3049
f 3070/3070/3051 3068/3068/3049 3072/3072/3053
f 3071/3071/3052 3073/3073/3054 3069/3069/3050
f 3072/3072/3053 3069/3069/3050 3073/3073/3054
f 3074/3074/3055 2344/2344/2325 3070/3070/3051
f 2344/2344/2325 3074/3074/3055 2339/2339/2320
f 2334/2334/2315 2339/2339/2320 3074/3074/3055
f 3070/3070/3051 3075/3075/3056 3074/3074/3055
f 3072/3072/3053 3075/3075/3056 3070/3070/3051
f 3074/3074/3055 3076/3076/3057 2334/2334/2315
f 3074/3074/3055 3075/3075/3056 3076/3076/3057
f 2334/2334/2315 3076/3076/3057 2337/2337/2318
f 3075/3075/3056 3072/3072/3053 3077/3077/3058
f 3073/3073/3054 3077/3077/3058 3072/3072/3053
f 1490/1490/1478 2337/2337/2318 3076/3076/3057
f 2337/2337/2318 1490/1490/1478 1492/1492/1480
f 1487/1487/1475 3076/3076/3057 3075/3075/3056
f 3076/3076/3057 1487/1487/1475 1490/1490/1478
f 1484/1484/1472 3075/3075/3056 3077/3077/3058
f 3075/3075/3056 1484/1484/1472 1487/1487/1475
f 3077/3077/3058 3073/3073/3054 3078/3078/3059
f 3077/3077/3058 1483/1483/1471 1484/1484/1472
f 1483/1483/1471 3077/3077/3058 3078/3078/3059
f 3079/3079/3060 3078/3078/3059 3073/3073/3054
f 3073/3073/3054 3071/3071/3052 3079/3079/3060
f 3078/3078/3059 3080/3080/3061 1483/1483/1471
f 3081/3081/3062 3079/3079/3060 3071/3071/3052
f 3071/3071/3052 2118/2118/2099 3081/3081/3062
f 3078/3078/3059 3079/3079/3060 3082/3082/3063
f 3080/3080/3061 3078/3078/3059 3082/3082/3063
f 3079/3079/3060 3081/3081/3062 3083/3083/3064
f 3083/3083/3064 3082/3082/3063 3079/3079/3060
f 2109/2109/2090 3080/3080/3061 3082/3082/3063
f 3082/3082/3063 3083/3083/3064 2109/2109/2090
f 1481/1481/1469 1483/1483/1471 3080/3080/3061
f 2117/2117/2098 3081/3081/3062 2118/2118/2099
f 2114/2114/2095 3083/3083/3064 3081/3081/3062
f 3081/3081/3062 2117/2117/2098 2114/2114/2095
f 2110/2110/2091 2109/2109/2090 3083/3083/3064
f 3083/3083/3064 2114/2114/2095 2110/2110/2091
f 3080/3080/3061 2109/2109/2090 2112/2112/2093
f 2112/2112/2093 1481/1481/1469 3080/3080/3061
f 381/381/381 3084/3084/3065 380/380/380
f 3084/3084/3065 382/382/382 380/380/380
f 3084/3084/3065 381/381/381 3085/3085/3066
f 3085/3085/3066 3086/3086/3067 3084/3084/3065
f 3086/3086/3067 3085/3085/3066 3087/3087/3068
f 382/382/382 3084/3084/3065 3088/3088/3069
f 3089/3089/3070 3084/3084/3065 3086/3086/3067
f 3084/3084/3065 3089/3089/3070 3088/3088/3069
f 3087/3087/3068 3090/3090/3071 3086/3086/3067
f 3090/3090/3071 3087/3087/3068 3091/3091/3072
f 3092/3092/3073 3090/3090/3071 3091/3091/3072
f 3093/3093/3074 3086/3086/3067 3090/3090/3071
f 3086/3086/3067 3093/3093/3074 3089/3089/3070
f 3090/3090/3071 3092/3092/3073 3094/3094/3075
f 3094/3094/3075 3093/3093/3074 3090/3090/3071
f 3095/3095/3076 3094/3094/3075 3092/3092/3073
f 3093/3093/3074 3094/3094/3075 3096/3096/3077
f 3094/3094/3075 3095/3095/3076 3097/3097/3078
f 3097/3097/3078 3096/3096/3077 3094/3094/3075
f 3098/3098/3079 3097/3097/3078 3095/3095/3076
f 3097/3097/3078 3098/3098/3079 3099/3099/3080
f 3100/3100/3081 3099/3099/3080 3098/3098/3079
f 3096/3096/3077 3097/3097/3078 3101/3101/3082
f 3099/3099/3080 3101/3101/3082 3097/3097/3078
f 3099/3099/3080 3100/3100/3081 3102/3102/3083
f 3103/3103/3084 3102/3102/3083 3100/3100/3081
f 3101/3101/3082 3099/3099/3080 3104/3104/3085
f 3105/3105/3086 3099/3099/3080 3102/3102/3083
f 3099/3099/3080 3105/3105/3086 3104/3104/3085
f 3102/3102/3083 3103/3103/3084 3106/3106/3087
f 3106/3106/3087 3105/3105/3086 3102/3102/3083
f 3103/3103/3084 3107/3107/3088 3106/3106/3087
f 3103/3103/3084 3108/3108/3089 3107/3107/3088
f 3109/3109/3090 3105/3105/3086 3106/3106/3087
f 3107/3107/3088 3109/3109/3090 3106/3106/3087
f 3110/3110/3091 3105/3105/3086 3109/3109/3090
f 3111/3111/3092 3107/3107/3088 3108/3108/3089
f 3111/3111/3092 3108/3108/3089 3112/3112/171
f 3109/3109/3090 3107/3107/3088 3113/3113/3093
f 3111/3111/3092 3113/3113/3093 3107/3107/3088
f 3113/3113/3093 3110/3110/3091 3109/3109/3090
f 3114/3114/3094 3111/3111/3092 3112/3112/171
f 3114/3114/3094 3112/3112/171 3115/3115/3095
f 3113/3113/3093 3111/3111/3092 3116/3116/3096
f 3114/3114/3094 3116/3116/3096 3111/3111/3092
f 3116/3116/3096 3117/3117/3097 3113/3113/3093
f 3117/3117/3097 3110/3110/3091 3113/3113/3093
f 3116/3116/3096 3114/3114/3094 3118/3118/3098
f 3119/3119/3099 3114/3114/3094 3115/3115/3095
f 3119/3119/3099 3115/3115/3095 3120/3120/3100
f 3114/3114/3094 3121/3121/3101 3118/3118/3098
f 3121/3121/3101 3114/3114/3094 3119/3119/3099
f 3118/3118/3098 3122/3122/3102 3116/3116/3096
f 3122/3122/3102 3117/3117/3097 3116/3116/3096
f 3121/3121/3101 3123/3123/3103 3118/3118/3098
f 3122/3122/3102 3118/3118/3098 3123/3123/3103
f 3119/3119/3099 3124/3124/3104 3121/3121/3101
f 3125/3125/3105 3119/3119/3099 3120/3120/3100
f 3124/3124/3104 3119/3119/3099 3125/3125/3105
f 3125/3125/3105 3120/3120/3100 3126/3126/3106
f 3127/3127/3107 3125/3125/3105 3126/3126/3106
f 3127/3127/3107 3124/3124/3104 3125/3125/3105
f 3127/3127/3107 3126/3126/3106 3128/3128/3108
f 3129/3129/3109 3127/3127/3107 3128/3128/3108
f 3127/3127/3107 3129/3129/3109 3130/3130/3110
f 3131/3131/3111 3130/3130/3110 3129/3129/3109
f 3124/3124/3104 3127/3127/3107 3132/3132/3112
f 3130/3130/3110 3132/3132/3112 3127/3127/3107
f 3130/3130/3110 3131/3131/3111 3133/3133/3113
f 3134/3134/3114 3133/3133/3113 3131/3131/3111
f 3132/3132/3112 3130/3130/3110 3135/3135/3115
f 3136/3136/3116 3130/3130/3110 3133/3133/3113
f 3130/3130/3110 3136/3136/3116 3135/3135/3115
f 3135/3135/3115 3137/3137/3117 3132/3132/3112
f 3132/3132/3112 3138/3138/3118 3124/3124/3104
f 3138/3138/3118 3132/3132/3112 3137/3137/3117
f 3139/3139/3119 3124/3124/3104 3138/3138/3118
f 3124/3124/3104 3139/3139/3119 3121/3121/3101
f 3123/3123/3103 3121/3121/3101 3139/3139/3119
f 3138/3138/3118 3140/3140/3120 3139/3139/3119
f 3137/3137/3117 3140/3140/3120 3138/3138/3118
f 3139/3139/3119 3141/3141/3121 3123/3123/3103
f 3140/3140/3120 3141/3141/3121 3139/3139/3119
f 3141/3141/3121 3142/3142/3122 3123/3123/3103
f 3123/3123/3103 3142/3142/3122 3122/3122/3102
f 3140/3140/3120 3143/3143/3123 3141/3141/3121
f 3144/3144/3124 3122/3122/3102 3142/3142/3122
f 3122/3122/3102 3144/3144/3124 3117/3117/3097
f 3141/3141/3121 3145/3145/3125 3142/3142/3122
f 3145/3145/3125 3141/3141/3121 3143/3143/3123
f 3142/3142/3122 3146/3146/3126 3144/3144/3124
f 3146/3146/3126 3142/3142/3122 3145/3145/3125
f 3144/3144/3124 3147/3147/3127 3117/3117/3097
f 3148/3148/3128 3144/3144/3124 3146/3146/3126
f 3144/3144/3124 3148/3148/3128 3147/3147/3127
f 3149/3149/3129 3117/3117/3097 3147/3147/3127
f 3148/3148/3128 3149/3149/3129 3147/3147/3127
f 3117/3117/3097 3149/3149/3129 3110/3110/3091
f 3146/3146/3126 3150/3150/3130 3148/3148/3128
f 3145/3145/3125 3151/3151/3131 3146/3146/3126
f 3150/3150/3130 3146/3146/3126 3151/3151/3131
f 3151/3151/3131 3145/3145/3125 3152/3152/3132
f 3143/3143/3123 3152/3152/3132 3145/3145/3125
f 3149/3149/3129 3148/3148/3128 3153/3153/3133
f 3150/3150/3130 3153/3153/3133 3148/3148/3128
f 3153/3153/3133 3154/3154/3134 3149/3149/3129
f 3154/3154/3134 3110/3110/3091 3149/3149/3129
f 3153/3153/3133 3150/3150/3130 3155/3155/3135
f 3110/3110/3091 3154/3154/3134 3156/3156/3136
f 3105/3105/3086 3110/3110/3091 3156/3156/3136
f 3156/3156/3136 3104/3104/3085 3105/3105/3086
f 3154/3154/3134 3153/3153/3133 3157/3157/3137
f 3155/3155/3135 3157/3157/3137 3153/3153/3133
f 3158/3158/3138 3156/3156/3136 3154/3154/3134
f 3157/3157/3137 3158/3158/3138 3154/3154/3134
f 3104/3104/3085 3156/3156/3136 3159/3159/3139
f 3156/3156/3136 3158/3158/3138 3159/3159/3139
f 3159/3159/3139 3101/3101/3082 3104/3104/3085
f 3101/3101/3082 3159/3159/3139 3160/3160/3140
f 3160/3160/3140 3096/3096/3077 3101/3101/3082
f 3161/3161/3141 3159/3159/3139 3158/3158/3138
f 3159/3159/3139 3161/3161/3141 3160/3160/3140
f 3158/3158/3138 3157/3157/3137 3162/3162/3142
f 3162/3162/3142 3161/3161/3141 3158/3158/3138
f 3163/3163/3143 3162/3162/3142 3157/3157/3137
f 3157/3157/3137 3155/3155/3135 3163/3163/3143
f 3161/3161/3141 3162/3162/3142 3164/3164/3144
f 3165/3165/3145 3160/3160/3140 3161/3161/3141
f 3164/3164/3144 3165/3165/3145 3161/3161/3141
f 3160/3160/3140 3165/3165/3145 3166/3166/3146
f 3096/3096/3077 3160/3160/3140 3166/3166/3146
f 3165/3165/3145 3164/3164/3144 2480/2480/2461
f 3167/3167/3147 3096/3096/3077 3166/3166/3146
f 3096/3096/3077 3167/3167/3147 3093/3093/3074
f 3168/3168/3148 3166/3166/3146 3165/3165/3145
f 3166/3166/3146 3168/3168/3148 3167/3167/3147
f 2480/2480/2461 3168/3168/3148 3165/3165/3145
f 3169/3169/3149 3093/3093/3074 3167/3167/3147
f 3167/3167/3147 3168/3168/3148 3169/3169/3149
f 3093/3093/3074 3169/3169/3149 3089/3089/3070
f 3170/3170/3150 3089/3089/3070 3169/3169/3149
f 3089/3089/3070 3170/3170/3150 3088/3088/3069
f 3168/3168/3148 3171/3171/3151 3169/3169/3149
f 3169/3169/3149 3171/3171/3151 3170/3170/3150
f 3168/3168/3148 2480/2480/2461 2476/2476/2457
f 2476/2476/2457 3171/3171/3151 3168/3168/3148
f 3172/3172/3152 3088/3088/3069 3170/3170/3150
f 3088/3088/3069 3172/3172/3152 382/382/382
f 3172/3172/3152 383/383/383 382/382/382
f 3170/3170/3150 3173/3173/3153 3172/3172/3152
f 3171/3171/3151 3173/3173/3153 3170/3170/3150
f 3172/3172/3152 2446/2446/2427 383/383/383
f 3173/3173/3153 2446/2446/2427 3172/3172/3152
f 2474/2474/2455 3173/3173/3153 3171/3171/3151
f 3171/3171/3151 2476/2476/2457 2474/2474/2455
f 2450/2450/2431 2446/2446/2427 3173/3173/3153
f 3173/3173/3153 2474/2474/2455 2450/2450/2431
f 2351/2351/2332 3174/3174/3154 2349/2349/2330
f 2350/2350/2331 2349/2349/2330 3174/3174/3154
f 2351/2351/2332 2352/2352/2333 2856/2856/2837
f 3174/3174/3154 2351/2351/2332 2855/2855/2836
f 2856/2856/2837 2855/2855/2836 2351/2351/2332
f 2858/2858/2839 2350/2350/2331 3174/3174/3154
f 2855/2855/2836 2858/2858/2839 3174/3174/3154
f 3175/3175/3155 2352/2352/2333 2346/2346/2327
f 2345/2345/2326 3175/3175/3155 2346/2346/2327
f 2860/2860/2841 2856/2856/2837 2352/2352/2333
f 2352/2352/2333 3175/3175/3155 2860/2860/2841
f 3175/3175/3155 2345/2345/2326 3176/3176/3156
f 2316/2316/2297 3176/3176/3156 2345/2345/2326
f 2864/2864/2845 2860/2860/2841 3175/3175/3155
f 3176/3176/3156 2864/2864/2845 3175/3175/3155
f 3176/3176/3156 2316/2316/2297 3177/3177/3157
f 2316/2316/2297 2312/2312/2293 3177/3177/3157
f 2864/2864/2845 3176/3176/3156 2867/2867/2848
f 3177/3177/3157 2867/2867/2848 3176/3176/3156
f 3178/3178/3158 3177/3177/3157 2312/2312/2293
f 2312/2312/2293 2674/2674/2655 3178/3178/3158
f 2867/2867/2848 3177/3177/3157 2870/2870/2851
f 3177/3177/3157 3178/3178/3158 2870/2870/2851
f 3179/3179/3159 3178/3178/3158 2674/2674/2655
f 2674/2674/2655 2671/2671/2652 3179/3179/3159
f 2875/2875/2856 2870/2870/2851 3178/3178/3158
f 3178/3178/3158 3179/3179/3159 2875/2875/2856
f 3180/3180/3160 3179/3179/3159 2671/2671/2652
f 2671/2671/2652 2659/2659/2640 3180/3180/3160
f 2658/2658/2639 3180/3180/3160 2659/2659/2640
f 3179/3179/3159 3180/3180/3160 3181/3181/3161
f 3181/3181/3161 2875/2875/2856 3179/3179/3159
f 3182/3182/3162 3180/3180/3160 2658/2658/2639
f 3182/3182/3162 3181/3181/3161 3180/3180/3160
f 2657/2657/2638 3182/3182/3162 2658/2658/2639
f 2875/2875/2856 3181/3181/3161 3183/3183/3163
f 3184/3184/3164 3181/3181/3161 3182/3182/3162
f 3184/3184/3164 3183/3183/3163 3181/3181/3161
f 3185/3185/3165 3184/3184/3164 3182/3182/3162
f 3185/3185/3165 3182/3182/3162 2657/2657/2638
f 3186/3186/3166 3183/3183/3163 3184/3184/3164
f 2873/2873/2854 2875/2875/2856 3183/3183/3163
f 3186/3186/3166 2873/2873/2854 3183/3183/3163
f 2657/2657/2638 3187/3187/3167 3185/3185/3165
f 3187/3187/3167 2657/2657/2638 2661/2661/2642
f 2661/2661/2642 2666/2666/2647 3187/3187/3167
f 3188/3188/3168 3185/3185/3165 3187/3187/3167
f 2666/2666/2647 3188/3188/3168 3187/3187/3167
f 3189/3189/3169 3184/3184/3164 3185/3185/3165
f 3189/3189/3169 3186/3186/3166 3184/3184/3164
f 3185/3185/3165 3188/3188/3168 3189/3189/3169
f 3190/3190/3170 3186/3186/3166 3189/3189/3169
f 3191/3191/3171 3189/3189/3169 3188/3188/3168
f 3189/3189/3169 3191/3191/3171 3190/3190/3170
f 3188/3188/3168 2666/2666/2647 3192/3192/3172
f 3192/3192/3172 3191/3191/3171 3188/3188/3168
f 2666/2666/2647 3193/3193/3173 3192/3192/3172
f 3193/3193/3173 2666/2666/2647 2668/2668/2649
f 3191/3191/3171 3192/3192/3172 3194/3194/3174
f 3193/3193/3173 3194/3194/3174 3192/3192/3172
f 3191/3191/3171 3195/3195/3175 3190/3190/3170
f 3190/3190/3170 3196/3196/3176 3186/3186/3166
f 3195/3195/3175 3196/3196/3176 3190/3190/3170
f 3196/3196/3176 2873/2873/2854 3186/3186/3166
f 3194/3194/3174 3197/3197/3177 3191/3191/3171
f 3195/3195/3175 3191/3191/3171 3197/3197/3177
f 3195/3195/3175 2872/2872/2853 3196/3196/3176
f 2872/2872/2853 2873/2873/2854 3196/3196/3176
f 2356/2356/2337 3195/3195/3175 3197/3197/3177
f 3198/3198/3178 2872/2872/2853 3195/3195/3175
f 3195/3195/3175 2356/2356/2337 3198/3198/3178
f 3197/3197/3177 3194/3194/3174 2911/2911/2892
f 2911/2911/2892 2356/2356/2337 3197/3197/3177
f 2912/2912/2893 2911/2911/2892 3194/3194/3174
f 3194/3194/3174 3193/3193/3173 2912/2912/2893
f 2356/2356/2337 2911/2911/2892 2354/2354/2335
f 3198/3198/3178 2824/2824/2805 2872/2872/2853
f 2356/2356/2337 2357/2357/2338 3198/3198/3178
f 2357/2357/2338 2824/2824/2805 3198/3198/3178
f 2914/2914/2895 2912/2912/2893 3193/3193/3173
f 2668/2668/2649 2914/2914/2895 3193/3193/3173
f 2501/2501/2482 2496/2496/2477 3199/3199/3179
f 2495/2495/2476 3199/3199/3179 2496/2496/2477
f 3200/3200/3180 2500/2500/2481 2501/2501/2482
f 3199/3199/3179 2495/2495/2476 3201/3201/3181
f 2479/2479/2460 3201/3201/3181 2495/2495/2476
f 3202/3202/3182 2501/2501/2482 3199/3199/3179
f 2501/2501/2482 3202/3202/3182 3200/3200/3180
f 3203/3203/3183 3199/3199/3179 3201/3201/3181
f 3199/3199/3179 3203/3203/3183 3202/3202/3182
f 3201/3201/3181 2479/2479/2460 3204/3204/3184
f 2480/2480/2461 3204/3204/3184 2479/2479/2460
f 3204/3204/3184 2480/2480/2461 3164/3164/3144
f 3205/3205/3185 3201/3201/3181 3204/3204/3184
f 3164/3164/3144 3205/3205/3185 3204/3204/3184
f 3201/3201/3181 3205/3205/3185 3203/3203/3183
f 3205/3205/3185 3164/3164/3144 3162/3162/3142
f 3162/3162/3142 3163/3163/3143 3205/3205/3185
f 3163/3163/3143 3203/3203/3183 3205/3205/3185
f 3203/3203/3183 3163/3163/3143 3206/3206/3186
f 3206/3206/3186 3202/3202/3182 3203/3203/3183
f 3163/3163/3143 3207/3207/3187 3206/3206/3186
f 3207/3207/3187 3163/3163/3143 3155/3155/3135
f 3202/3202/3182 3206/3206/3186 3208/3208/3188
f 3207/3207/3187 3208/3208/3188 3206/3206/3186
f 3208/3208/3188 3200/3200/3180 3202/3202/3182
f 3150/3150/3130 3207/3207/3187 3155/3155/3135
f 3207/3207/3187 3150/3150/3130 3209/3209/3189
f 3151/3151/3131 3209/3209/3189 3150/3150/3130
f 3208/3208/3188 3207/3207/3187 3210/3210/3190
f 3209/3209/3189 3210/3210/3190 3207/3207/3187
f 3200/3200/3180 3208/3208/3188 3211/3211/3191
f 3210/3210/3190 3211/3211/3191 3208/3208/3188
f 3211/3211/3191 2664/2664/2645 3200/3200/3180
f 2500/2500/2481 3200/3200/3180 2664/2664/2645
f 3209/3209/3189 3151/3151/3131 3212/3212/3192
f 3152/3152/3132 3212/3212/3192 3151/3151/3131
f 3210/3210/3190 3209/3209/3189 3213/3213/3193
f 3212/3212/3192 3213/3213/3193 3209/3209/3189
f 3211/3211/3191 3210/3210/3190 3214/3214/3194
f 3213/3213/3193 3214/3214/3194 3210/3210/3190
f 3214/3214/3194 2660/2660/2641 3211/3211/3191
f 2664/2664/2645 3211/3211/3191 2660/2660/2641
f 3214/3214/3194 3213/3213/3193 2655/2655/2636
f 3213/3213/3193 3212/3212/3192 3215/3215/3195
f 3215/3215/3195 2655/2655/2636 3213/3213/3193
f 2655/2655/2636 2656/2656/2637 3214/3214/3194
f 2660/2660/2641 3214/3214/3194 2656/2656/2637
f 2655/2655/2636 3215/3215/3195 2649/2649/2630
f 3216/3216/3196 3215/3215/3195 3212/3212/3192
f 3212/3212/3192 3152/3152/3132 3216/3216/3196
f 3215/3215/3195 3216/3216/3196 2643/2643/2624
f 2643/2643/2624 2649/2649/2630 3215/3215/3195
f 3217/3217/3197 3216/3216/3196 3152/3152/3132
f 3152/3152/3132 3143/3143/3123 3217/3217/3197
f 2642/2642/2623 2643/2643/2624 3216/3216/3196
f 3216/3216/3196 3217/3217/3197 2642/2642/2623
f 3218/3218/3198 3217/3217/3197 3143/3143/3123
f 3143/3143/3123 3140/3140/3120 3218/3218/3198
f 3219/3219/3199 2642/2642/2623 3217/3217/3197
f 3217/3217/3197 3218/3218/3198 3219/3219/3199
f 3220/3220/3200 3218/3218/3198 3140/3140/3120
f 3140/3140/3120 3137/3137/3117 3220/3220/3200
f 3221/3221/3201 3219/3219/3199 3218/3218/3198
f 3218/3218/3198 3220/3220/3200 3221/3221/3201
f 2642/2642/2623 3219/3219/3199 2637/2637/2618
f 3219/3219/3199 3221/3221/3201 2634/2634/2615
f 2634/2634/2615 2637/2637/2618 3219/3219/3199
f 3220/3220/3200 2633/2633/2614 3221/3221/3201
f 2633/2633/2614 2634/2634/2615 3221/3221/3201
f 3222/3222/3202 3220/3220/3200 3137/3137/3117
f 2633/2633/2614 3220/3220/3200 3222/3222/3202
f 3223/3223/3203 3222/3222/3202 3137/3137/3117
f 3137/3137/3117 3135/3135/3115 3223/3223/3203
f 3222/3222/3202 2595/2595/2576 2633/2633/2614
f 3135/3135/3115 3224/3224/3204 3223/3223/3203
f 3224/3224/3204 3135/3135/3115 3136/3136/3116
f 3225/3225/3205 3222/3222/3202 3223/3223/3203
f 3224/3224/3204 3225/3225/3205 3223/3223/3203
f 2595/2595/2576 3222/3222/3202 3225/3225/3205
f 3136/3136/3116 3226/3226/3206 3224/3224/3204
f 3226/3226/3206 3225/3225/3205 3224/3224/3204
f 3226/3226/3206 3136/3136/3116 3227/3227/3207
f 3133/3133/3113 3227/3227/3207 3136/3136/3116
f 3225/3225/3205 3226/3226/3206 2591/2591/2572
f 2591/2591/2572 2595/2595/2576 3225/3225/3205
f 3227/3227/3207 2590/2590/2571 3226/3226/3206
f 2590/2590/2571 2591/2591/2572 3226/3226/3206
f 3227/3227/3207 3133/3133/3113 3228/3228/3208
f 3133/3133/3113 3134/3134/3114 3228/3228/3208
f 2590/2590/2571 3227/3227/3207 3229/3229/3209
f 3228/3228/3208 3229/3229/3209 3227/3227/3207
f 3230/3230/3210 3228/3228/3208 3134/3134/3114
f 3229/3229/3209 3228/3228/3208 3230/3230/3210
f 3230/3230/3210 3134/3134/3114 3231/3231/3211
f 3232/3232/3212 3230/3230/3210 3231/3231/3211
f 3230/3230/3210 3232/3232/3212 3233/3233/3213
f 3234/3234/3214 3233/3233/3213 3232/3232/3212
f 3230/3230/3210 3235/3235/3215 3229/3229/3209
f 3235/3235/3215 3230/3230/3210 3233/3233/3213
f 3233/3233/3213 3234/3234/3214 3236/3236/3216
f 2586/2586/2567 3229/3229/3209 3235/3235/3215
f 3229/3229/3209 2586/2586/2567 2590/2590/2571
f 3233/3233/3213 3237/3237/3217 3235/3235/3215
f 3237/3237/3217 3233/3233/3213 3236/3236/3216
f 568/568/567 3236/3236/3216 3234/3234/3214
f 2580/2580/2561 3235/3235/3215 3237/3237/3217
f 3235/3235/3215 2580/2580/2561 2586/2586/2567
f 3236/3236/3216 566/566/565 3237/3237/3217
f 3236/3236/3216 568/568/567 3238/3238/3218
f 566/566/565 3236/3236/3216 3238/3238/3218
f 568/568/567 570/570/569 3238/3238/3218
f 565/565/564 3237/3237/3217 566/566/565
f 3237/3237/3217 565/565/564 2580/2580/2561
f 3238/3238/3218 567/567/566 566/566/565
f 567/567/566 3238/3238/3218 570/570/569
